-0.97802,-1.6244,-0.056173,0.30323,0.92968,-0.20707,3.1382,-1.839,-1.3621,2.3322,0.28268,-4.2639,-3.7268,0.19462,-1.973,0.50064,-3.3116,-0.23483,-0.93977,-4.1235,-1.8515,-1.5819,-4.0432,-1.6274,-0.68791,-0.93139,0.14811,-2.7511,3.0045,0.033953,4.0798,0.67549,-2.3648,-0.18471,1.3099,0.62862,-1.3398,-4.4407,1.0411,-1.4053,0.63628,0.16122,7.4457,1.7755,2.0725,1.5054,-0.79064,-2.567,-2.9299,-1.1333,-1.0677,1.5255,4.5947,-0.59551,1.536,2.6425,-1.2039,-2.2096,-2.7296,-1.3314,-1.3351,1.0669,-2.1752,3.3058,1.7885,4.2796,1.2781,1.1458,1.4642,-2.0776,2.0424,1.3881,1.9077,4.871,0.99862,3.606,1.7804,4.3158,-0.72057,2.0672,4.2367,1.8783,0.71412,1.3255,0.27041
0.18,0.27564,-0.037771,0.11026,-0.1265,-0.15129,-0.16735,-0.1277,-0.0078668,-0.13205,0.064775,-0.34208,0.091324,0.0023224,0.076576,0.12142,0.049605,-0.025418,-0.083368,-0.061766,-0.012061,1.802e-05,-0.056828,0.14178,-0.063164,0.029885,-0.24708,-0.09352,-0.20633,0.021693,0.13209,-0.047765,-0.028334,-0.09126,-0.13154,0.079476,-0.080757,-0.067371,0.0066276,0.070189,-0.0037516,-0.028098,-0.03395,0.064435,0.00079535,0.0061165,-0.12263,-0.41176,0.021972,-0.19256,0.12502,-0.015276,0.034336,-0.02289,0.10666,-0.019068,0.13541,0.13623,0.044364,-0.073475,0.066304,0.073833,0.15099,-0.017824,0.020837,0.12104,-0.011299,0.047084,-0.073411,-0.17117,-0.010931,-0.012204,0.022109,-0.080075,0.063109,-0.012197,-0.00021433,0.020412,0.029003,0.054832,0.09554,0.10672,0.06861,-0.034151,-0.0021532
0.0012806,0.10988,0.0045831,0.014601,-0.0041012,0.024913,-0.03769,-0.013287,-7.9608e-05,-0.015327,0.0010088,0.01921,-0.00097198,-0.0031014,-0.011978,0.00441,0.012441,0.0050723,-0.00069557,-0.0086694,0.0028665,-0.00097184,0.00091492,0.0087575,0.0032163,0.019619,0.0017195,-0.022421,0.0083312,0.0127,0.013775,0.0036166,-0.010077,-0.01068,-0.0056881,-0.0083921,-0.0041347,-0.0036729,0.0048191,0.0062085,0.00089422,-0.0012682,0.0021088,-0.0081885,0.00011651,0.00080262,-0.011714,0.037689,0.01484,-0.0059348,0.0020738,-0.026504,-0.01182,0.0047796,-0.003264,-0.010815,0.011889,-0.0055424,-0.0084561,0.0079571,0.006777,-0.014244,0.0035968,-0.0063872,-0.008967,0.010508,-0.0088623,-0.0013627,0.0035964,0.0061029,-0.002958,-0.0042807,0.0091966,0.0075524,-0.006844,-0.0030143,8.3845e-05,0.00084697,-0.0064657,0.0022345,-0.0061674,0.017211,0.005081,0.0085159,-0.00043682
-0.0013954,-0.067908,0.05877,0.022287,0.012841,-0.025652,-0.036029,0.01143,0.071297,0.0299,0.0017227,0.019294,-0.0078729,0.002057,0.0004394,0.0090509,-0.047493,-0.0035214,0.0026687,-0.01716,-0.012872,-0.0017425,-0.017035,0.013499,0.034433,-0.006726,-0.049016,0.013406,-0.018364,-0.0049144,-0.018227,-0.0034508,0.019517,0.0031259,-0.039276,-0.0019469,-0.0081135,0.029995,0.00028013,-0.012116,0.0063826,-0.010783,0.018813,-0.002977,0.00082443,0.0072625,0.0072161,0.030321,-0.011133,0.0082655,-0.00012995,0.0083103,-0.023968,-0.023278,0.0045772,-0.015792,-7.1913e-06,-0.019111,0.03567,-0.0021906,-0.00027727,-0.0056022,-0.0024002,0.014712,-9.6215e-06,-0.0083306,-0.011188,-0.0059089,-0.0074396,0.0036216,-0.0018594,0.0042387,0.0033463,-0.0082681,-0.0053906,-0.0090114,0.0022882,0.015124,0.011599,-0.0139,0.008676,-0.011826,-0.016593,-0.012746,-0.0011132
-0.0063197,-0.067566,-0.01877,0.16636,0.0089432,-0.018065,-0.058221,0.038441,0.0065369,0.0021527,0.0022817,-0.014159,-0.0097788,-0.0046403,0.0028368,0.020152,0.03029,0.011454,0.00422,0.026493,0.0042069,-0.011898,0.0022957,-0.012182,0.004696,0.016744,-0.047838,0.023016,0.021787,0.004365,-0.02574,0.00073022,0.01757,-0.0010952,0.0019778,-0.014958,0.012412,0.021949,-0.0040141,3.3387e-05,-0.00038562,-0.0022318,0.012591,0.00011181,0.0040894,0.001753,0.033503,-0.031847,-0.0057647,-0.014497,-0.013931,0.015496,0.0061378,0.0010555,-0.011233,0.025199,-0.010852,0.040484,-0.030734,-0.011358,-0.017102,0.0033743,0.002226,0.013943,0.0075569,0.0017994,0.012257,-0.00016513,0.0019059,-0.013332,-0.014725,0.0099051,0.010478,0.0019603,0.0026458,-0.0017018,-0.0050382,0.0018134,-0.00042986,0.0012864,-0.0059132,0.052068,-0.006676,-0.0090284,0.00037493
0.010973,-0.1026,0.095,0.018741,0.038852,0.03102,-0.0032094,0.0018289,0.026471,0.0159,-0.017993,-0.0087859,-0.028802,0.034243,-0.036629,0.016994,0.019868,0.016818,-0.018895,-0.0040193,-0.00053494,0.028728,0.037136,-0.024142,0.010798,-0.021021,-0.018737,0.0091558,-0.0050694,0.034912,0.025621,0.0072661,-0.013338,0.0022252,0.052142,-0.0028693,0.020011,-0.075172,0.022684,-0.014102,0.00064613,0.014267,-0.027888,-0.02175,0.0026922,-0.0044421,-0.0049625,0.077876,0.034664,0.053128,-0.001386,-0.02068,0.066512,0.019784,-0.018305,0.025457,-0.014666,-0.013334,0.0014844,-0.0076324,-0.0053529,0.013692,0.0093536,0.0036721,-0.0012207,0.0053485,0.012186,0.00218,-0.020033,0.005159,0.0019994,0.014876,-0.0052274,0.019451,-0.0010214,-0.0022188,-0.0015771,-0.01829,-0.03872,0.013958,-0.0074428,-0.009295,0.016079,0.013326,-0.00016081
0.011499,0.012964,0.06877,-0.084017,-0.019621,0.19128,-0.051574,0.014351,0.053604,0.061363,-0.0018315,0.062791,-0.032658,0.035703,-0.016894,-0.055606,-0.11399,0.011907,0.0053405,-0.00099416,0.022067,0.0071193,-0.0082039,0.031247,0.028664,0.044743,0.052743,0.030926,0.0045636,-0.010201,0.047753,-0.0050442,0.027746,0.022701,-0.022331,0.014247,0.012451,0.090242,0.025727,-0.004491,0.010037,-0.012624,0.00036926,-0.029854,-0.006202,-0.0018523,0.0049467,-0.054728,-0.030203,-0.13353,-0.012105,-0.024568,-0.037203,-0.0077062,0.014956,-0.053516,0.0063536,-0.05146,0.043982,0.028487,0.03636,-0.0023003,0.062696,-0.01775,0.0018608,-0.01313,-0.025311,-0.0098873,-0.0042472,0.024538,-0.00048056,0.012439,-0.014655,0.046444,0.015795,0.0048554,0.032705,-0.0061621,-0.015294,-0.048526,-0.0094276,0.016895,-0.0087273,-0.006657,-5.9099e-05
0.0090066,0.011543,0.019516,-0.034252,-0.019413,-0.0099511,0.14329,-0.030095,-0.0099993,0.0053305,-0.0028997,-0.00025585,0.003847,-0.00028923,0.017748,-0.012753,-0.0031179,-0.0073976,0.002281,-0.00042497,-0.014582,-0.0076858,-0.016416,0.010593,0.0020253,0.011195,-0.051822,-0.0033532,0.0074625,-0.0018071,0.015289,-0.0022174,-0.011088,0.014291,-0.025367,0.014586,-0.0039654,0.037269,-0.0083993,-0.0044191,0.00093895,-0.0099128,0.017397,-0.0055489,-0.0066422,0.0024877,0.015805,0.059311,-0.011655,-0.0040929,-0.0028378,0.02735,-0.017995,0.0030034,0.02221,-0.021685,-0.032923,-0.038074,0.0042436,-0.001942,-0.0050496,-0.021601,0.010631,0.0018091,-0.0011287,-0.010128,-0.0044706,0.0036558,0.0065229,0.022882,0.00041939,-0.00023845,0.00037687,-0.017057,0.0048796,-0.007949,0.0040207,-0.010077,-0.018039,-0.0075826,-0.026001,-0.014365,-0.00086173,-0.011617,-0.0021333
-0.017917,-0.35993,-0.061924,-0.11895,0.042554,-0.017113,-0.032937,0.21529,0.096529,0.11152,-0.026989,-0.035695,-0.018996,0.0021222,0.0016671,-0.010882,0.078075,-0.013794,0.045173,0.055616,0.046768,0.0018251,0.052145,-0.049917,-0.0073319,-0.047173,0.13743,0.067374,-0.0078738,0.0026384,0.011414,-0.0017046,0.018154,0.025551,0.023609,0.028798,0.05746,-0.050792,-0.022213,0.0077779,-0.0063561,0.00057687,0.10847,-0.038261,-0.0087922,-0.019397,0.071979,0.02128,0.059453,0.060588,-0.018635,0.019909,0.034316,-0.014411,-0.0073661,-0.029381,-0.013124,-0.040908,-0.0093123,-0.026448,0.0066446,0.058108,0.0010817,0.026457,-0.0027995,-0.017546,-0.0040476,-0.00099423,0.025371,0.0049326,0.0060657,0.024689,-0.0071952,-0.00039627,0.017421,-0.0061778,0.022242,-0.010222,-0.070164,-0.025271,0.010616,-0.046186,0.012911,0.0041091,-0.0016646
0.0078917,-0.031012,0.01743,0.025676,-0.054607,-0.038572,-0.035826,0.00090578,0.14306,0.0091,0.023823,-0.00010774,0.010609,0.018508,0.015711,0.022946,0.010754,0.0026697,0.038677,-0.025822,-0.0036334,-0.043508,0.0071925,0.0032895,-0.015696,0.0051952,0.013101,0.048629,-0.01835,-0.015803,-0.0094428,-0.0024329,-0.0055795,-0.0036336,-0.016697,-0.0023852,-0.0084737,-0.0058231,-0.0040814,0.0011181,0.0032422,0.0035052,0.028488,0.01249,-0.00033932,-0.009034,0.020707,-0.0054042,0.0097702,-0.030759,-0.003279,0.026369,0.023106,-0.0073672,0.015359,0.041864,0.027974,-0.027159,0.0025941,0.0041296,-0.0026541,-0.024834,-0.0025432,0.0080833,0.0054621,-0.0013626,0.001995,0.0066648,-0.0088304,0.013914,0.00010178,-0.0031793,0.016301,0.00096583,-0.0090218,-0.0066887,-0.0079928,0.0056022,0.034916,0.002823,0.010115,-0.024711,-0.0084654,-0.0024769,0.0013638
-0.01489,-0.023867,0.035314,-0.095337,0.03886,-0.0009661,0.078325,-0.00096397,0.047454,0.12411,0.00070198,-0.01538,0.025494,-0.031823,-0.012907,0.012695,0.015467,-0.0038285,-0.0044551,0.011407,0.0099091,0.012188,-0.011332,0.021455,0.014385,0.026968,0.040034,0.010816,-0.034689,0.021192,-0.029889,-0.005266,-0.003051,-0.027495,-0.017538,0.017579,-0.03978,-0.081824,0.018875,0.011805,0.011855,-0.012084,0.028266,0.0095718,-0.0091998,0.0031951,0.030422,0.086667,0.0083918,0.09626,-0.016559,0.0016495,0.050439,0.022868,-0.048369,0.01204,0.033438,-0.038434,-0.010394,0.024083,-0.0069986,-0.005273,0.0076151,-0.0053704,-0.013858,0.02084,-0.02268,-0.0034744,-0.014658,0.010267,0.01523,-0.0070883,-0.0029555,0.012792,-0.0082977,0.010077,-0.016065,-0.0071537,-0.029416,0.0067386,0.018675,0.0077295,0.0030348,0.0085153,-0.00050048
-0.013955,0.19907,-0.1697,0.13389,-0.084401,-0.11736,-0.072488,0.024311,0.020473,0.19574,0.10569,0.10965,0.022028,-0.053246,-0.033748,0.022322,0.071686,0.11461,0.045273,0.007628,0.079034,-0.12257,-0.05358,0.02451,0.10151,0.016826,-0.1889,0.1578,-0.025559,0.073906,0.032357,-0.036255,0.018288,-0.016452,-0.074228,0.071702,-0.083697,0.16442,0.070172,-0.0019548,0.0083585,0.011856,0.14868,0.070286,0.0017645,0.0044743,-0.061161,-0.23016,0.051929,-0.099423,0.033756,-0.064182,0.040974,0.019887,0.036121,0.12026,-0.031232,-0.075963,0.022805,0.014916,0.032355,-0.060016,0.062738,-0.084276,-0.016612,0.0001091,-0.04551,0.0082692,0.039133,0.034167,-0.033283,0.018757,-0.02038,-0.08296,-0.039974,-0.0020818,-0.067579,-0.012623,0.10423,0.070804,-0.03439,-0.046823,0.009912,-0.0086851,-0.001053
0.011545,0.068623,0.10826,-0.08137,-0.0078164,0.030973,0.0021453,0.0261,0.08768,0.057369,-0.0076934,0.17957,-0.0136,0.083144,-0.052594,-0.068458,-0.0065339,-0.02855,-0.056362,0.012613,-0.013444,0.023388,0.0047099,-0.025888,0.0086823,-0.00274,0.10865,-0.016312,-0.0096011,0.019056,0.011091,-0.00075427,-0.041822,0.037219,0.026598,-0.013509,-0.0317,-0.095422,0.019415,0.028729,0.012658,0.010825,-0.043764,-0.024485,-0.0099773,0.0058353,-0.0030744,0.048451,0.012437,0.081961,0.0055019,-0.042678,0.020049,0.015385,0.033922,0.0073385,-0.029847,-0.051783,-0.07959,9.5685e-05,0.011744,0.021219,-0.0005372,0.023853,-0.0017507,-0.0044684,-0.0078732,-0.0067228,0.028628,0.0011949,-0.013604,0.00012612,0.0037904,0.016645,0.0018396,-0.029871,0.0059882,0.011525,-0.047855,0.0032442,-0.018969,0.027648,0.017138,0.027138,0.0011914
0.0021722,-0.10627,-0.062969,0.014899,0.030742,0.0086346,-0.077469,-0.0097102,0.055583,-0.061589,-0.0064409,-0.029606,0.065661,0.027132,-0.069866,-0.02427,-0.0029321,0.022415,0.035026,0.062807,-0.018032,0.040554,-0.0089593,0.0095469,0.029072,0.01262,-0.026487,-0.033514,0.037452,0.0058753,-0.008129,-0.0042669,0.01009,0.01976,-0.10006,0.019051,0.023724,0.048416,-0.026216,-0.0092653,0.010239,0.025136,-0.010447,0.011856,-0.0054856,0.02494,0.0019587,-0.066496,-0.0018554,0.036342,-0.0085277,0.0057956,-0.038331,-0.01639,0.040987,-0.033437,5.4692e-06,-0.029895,0.063581,-0.0034799,-0.022306,0.043348,0.0060131,-0.023155,0.0010024,0.014978,0.0040447,0.017639,-0.0033584,0.018925,0.0056419,0.00056185,-0.00024688,-0.036249,0.015331,-0.0051488,0.024979,0.0048362,-0.072202,0.050487,0.025495,-0.0011685,-0.0045289,-0.0027325,0.00064419
0.015302,0.049167,0.072156,0.050352,-0.041147,-0.0038747,0.13292,-0.075455,0.094239,-0.0042575,0.0067967,-0.011056,0.062666,0.12819,0.0078406,-0.04181,-0.071349,0.0070373,-0.0042399,0.016319,-0.01597,0.037255,0.008795,0.0040737,0.033238,0.012726,-0.0030091,0.049468,-0.055438,0.013439,0.026247,0.023765,0.0103,-0.041282,-0.015116,-0.036176,-0.018244,-0.0072406,-0.037565,-0.0019989,0.0003286,0.016747,-0.049879,0.025609,-0.013773,0.015105,-0.01215,-0.12164,-0.0090798,-0.072177,0.021682,0.009554,0.013897,-0.0055609,-0.027765,-0.038069,0.028027,0.049492,-0.047213,-0.03253,0.043392,-0.010649,0.066188,0.051039,-0.0088769,0.00096249,-0.0042884,0.0090904,-0.0082703,-0.050483,0.008054,0.019679,0.035404,-0.019999,0.0045116,-0.015873,-0.010131,-0.00080589,-0.093248,-0.00074411,0.026914,0.015001,0.019982,-0.016016,0.0018239
0.0012554,0.16071,0.0080021,-0.09912,-0.013436,-0.028848,-0.030866,-0.016306,-0.067862,-0.038374,0.025793,-0.021262,0.0022447,-0.04459,0.023231,-0.0096223,-0.0043712,0.015086,-0.00039215,-0.0040465,-0.028592,-0.049466,0.013106,-0.01051,-0.003275,-0.0070232,0.015103,0.019776,-0.067714,0.0060137,0.0080373,0.0065219,0.025387,-0.043994,-0.026126,0.031132,-0.0018101,0.036738,0.011167,0.012937,0.0090816,-0.014898,0.030767,-0.0041012,0.0073251,0.0097771,0.021913,-0.0071398,0.012779,-0.052686,-0.021772,0.022659,-0.033616,0.025772,0.057818,0.050577,0.051439,0.012213,0.00020255,0.0098426,-0.016145,-0.012651,0.0090644,0.0048544,0.0029621,-0.0035872,0.0096044,0.0051939,-0.015277,-0.012923,0.0054773,0.0089111,-0.013438,-0.00021583,0.0048667,0.0083155,-0.021757,0.011307,0.034612,0.030132,-0.0099466,-0.014241,0.003378,-0.028771,0.00078283
-0.058659,0.14977,-0.15416,0.089951,0.12995,-0.016344,-0.013121,-0.067261,-0.21636,0.019786,0.013833,-0.04618,-0.00091685,0.028212,0.00063202,0.14204,-0.016721,0.037859,-0.043019,-0.037596,-0.0017834,2.4255e-05,0.054653,0.017487,0.0011492,-0.014252,-0.14696,-0.024576,-0.031928,0.010604,-0.00056194,0.025296,-0.011611,-0.032875,0.090019,0.016343,-0.0056534,-0.049852,0.015874,-0.018627,-0.011979,-0.0049046,-0.085289,0.025496,0.0056868,-0.008468,0.030723,0.088497,0.058657,-0.014653,0.0073916,-0.0056355,0.017897,-0.0025575,-0.0088559,-0.019023,-0.032361,-0.044795,0.011755,-0.020087,-0.046109,-0.071848,-0.012772,-0.012191,-0.0094934,0.0038617,0.0040661,0.013822,-0.019307,-0.021318,0.053067,0.011168,0.005207,-0.014175,0.010274,-0.0045746,-0.0084484,-0.031491,-0.017548,-0.07721,-0.013696,0.095442,0.020705,-0.0054502,-0.00094225
0.0066722,-0.093751,0.0064511,-0.068596,-0.031244,0.013149,0.025265,0.0067619,0.049618,-0.015093,0.0033845,-0.0026545,0.0075956,0.0093465,-0.012704,-0.010925,0.12707,0.010889,0.014615,-0.010397,-0.0055756,-0.034175,0.012868,0.0077452,-0.028763,0.0015843,-0.013138,0.021516,0.019498,0.0077566,0.014606,-0.0032237,-0.023096,-0.002891,0.010555,0.0019658,0.024901,-0.026996,0.005399,0.016211,-0.0048987,0.0014558,0.021225,-0.013217,0.0025894,0.0040009,0.01509,0.028074,-0.005009,-0.036646,-0.016803,-0.016494,0.021783,0.013385,0.032731,0.012529,0.00072576,0.033065,0.019491,-0.0026063,0.0047135,0.01069,-0.0071016,-0.0046458,-0.0097757,0.0014832,-0.013992,-0.0064262,-0.0096735,-0.001184,0.0033115,-0.0037874,0.00042938,0.015155,0.015879,0.0054878,0.0041512,0.003828,0.054236,0.018841,0.0073333,-0.0017025,0.0055625,-0.018201,0.00018343
0.00036818,-0.1021,-0.19817,0.14614,0.0056193,0.0047015,0.019102,-0.0059129,-0.0038048,0.1428,-0.0011623,0.025799,0.10297,0.031483,0.03191,0.02752,-0.031316,0.075301,0.0077599,0.022877,0.0083597,0.090845,-0.0067222,0.026024,0.055149,0.02294,0.17146,-0.059427,-0.0090844,0.028974,0.039335,-0.0074068,-0.020031,0.046276,0.028709,0.0088536,0.02674,-0.094548,0.011992,-0.0095383,0.0096968,-0.0051348,-0.043558,0.019633,-0.0047993,-0.014018,0.021411,0.036575,-0.028922,0.035094,0.025354,0.043705,0.035985,0.063888,-0.049384,0.0014698,0.030586,-0.10159,0.029756,0.030786,-0.015566,0.037556,0.00049358,-0.0056255,-0.013472,0.04844,0.00012819,-0.019028,0.04227,0.061316,-0.0097508,0.011671,-0.054252,0.036924,-0.013565,0.0020954,0.00085551,-0.019638,-0.10432,0.018594,-0.018227,0.081349,0.012803,0.008088,0.00074379
-0.0038225,-0.24438,0.073408,0.076022,-0.028475,-0.015053,-0.093019,0.0080233,0.0036765,0.0019252,-0.0024249,-0.070496,0.033107,-0.0086117,0.037565,0.02069,-0.077548,0.02381,0.092472,0.022335,0.0021922,0.00081554,-0.023973,-0.015835,0.015609,-0.031542,-0.025894,-0.024053,-0.024402,-0.035083,0.0067601,0.0071209,-0.007166,0.033863,0.059198,0.022921,0.00076041,0.066301,0.0058251,-0.014064,2.0206e-05,-0.0015003,0.092797,0.021548,0.013878,-0.0074908,-0.011743,0.034351,-0.01441,0.083493,-0.0074841,-0.031421,0.058392,-0.014426,0.019316,0.044361,-0.00013692,-0.011174,0.016796,0.046384,0.0053567,-0.021658,0.054004,-0.00096383,-0.0028282,-0.015752,0.0041394,0.0024117,0.02958,0.03936,-0.017549,0.0015083,0.0016553,-0.01949,-0.015654,0.014148,-0.010354,-0.022312,0.0045809,-0.025183,-0.0093409,-0.028629,-0.015329,0.016404,0.0021711
0.002545,-0.11737,0.032486,-0.095835,0.0091027,-0.011518,-0.035929,0.060112,0.1408,0.01316,-0.012662,0.040424,-0.022063,0.075567,-0.082493,-0.033293,-0.15188,-0.030386,0.0227,0.087799,0.0019006,0.056878,-0.012468,-0.0069255,0.021823,0.013543,0.050375,0.0082106,0.037198,0.031801,-0.056956,0.0096452,0.03224,0.028528,-0.0090501,0.051582,0.029714,0.048905,-0.028018,0.023034,0.017686,-0.0002664,0.06609,-0.029989,-0.013363,0.0089736,0.043285,-0.075722,-0.060129,0.0093385,-0.017869,-0.0077154,-0.0078601,-0.058622,-0.036977,-0.022776,-0.0041798,0.065527,-0.050246,0.018374,-0.038943,0.0074406,-0.0025895,-0.0060713,-0.0083897,0.018423,0.01755,0.0048101,0.016774,0.0097217,-0.00093603,0.012336,-0.0098092,0.026811,-0.0030224,0.021267,-0.011064,0.0062127,-0.012459,-0.034316,-0.014421,-0.079138,0.0065182,0.0070313,-0.0029266
-0.0397,-0.072332,-0.0071023,0.11205,-0.010404,-0.028388,0.20195,0.07093,0.02951,-0.025271,-0.0020862,0.08155,-0.020306,-0.00036531,0.046789,-0.021574,0.017041,0.013188,-0.0020056,-0.042603,0.16625,-0.0076351,0.048631,-0.012781,-0.030981,0.038527,0.074987,0.021471,0.012101,-0.001333,-0.065056,0.0099091,-0.022133,0.015148,0.020376,-0.023275,-0.024539,0.03251,0.03657,-0.019771,0.010988,-0.024464,0.07524,-0.0083849,-0.0024172,-0.031247,0.09091,0.032713,0.03697,-0.023494,0.025937,-0.010732,0.042087,0.081871,-0.061577,-0.046892,0.045347,0.09103,0.043728,0.0052698,0.03336,0.0038643,0.015423,0.025976,0.020845,0.063681,0.044636,0.004646,0.0015994,-0.038259,0.006548,-0.024136,0.023135,0.036805,0.023436,-0.011323,-0.0024646,-0.021441,-0.0096949,-0.016897,-0.0089567,0.013991,-0.021994,-0.035496,0.0012662
0.0047297,0.028641,0.09863,-0.070035,0.089554,-0.007328,0.10396,-0.0058213,0.00018488,0.06282,0.0059832,-0.046085,0.035528,0.028195,0.12338,0.032337,-0.055371,0.0515,0.0011436,0.037326,0.0068476,0.14964,0.019564,0.038427,0.095403,-0.023955,0.024464,0.00047145,0.019806,0.020634,0.010927,0.0061566,0.022562,0.021159,0.027534,-0.007768,0.022995,0.049659,0.00081401,0.0077374,0.0082805,-0.0051268,0.015912,-0.002767,-0.01253,0.0135,-0.0043237,0.1021,-0.0051934,0.053615,-0.013805,-0.052683,0.024845,-0.037178,-0.011697,-0.01384,0.0015844,-0.0054078,0.13397,-0.011075,-0.011946,0.031639,0.03147,-0.0032922,-0.0026568,0.060734,-0.0073298,0.00086414,-0.026873,-0.037893,-0.0048815,0.016768,-0.018573,0.041327,0.023444,-0.032178,0.022878,0.0083107,-0.038967,0.0092254,-0.0049872,-0.024795,-0.00075532,0.024786,-0.00057993
-0.0062187,-0.14406,-0.11589,0.076391,0.023661,-0.035339,-0.055622,-0.043061,-0.061968,-0.032173,-0.01316,-0.05884,-0.0081444,-0.011627,0.14055,0.054421,0.18483,-0.066922,-0.045124,-0.10799,0.06097,0.041774,0.10559,0.011086,-0.047695,-0.03718,-0.14937,-0.040861,-0.017531,-0.057164,-0.011291,0.031879,-0.038368,0.0016292,0.062397,-0.024573,-0.0050197,-0.10038,-0.030439,-0.012661,0.013604,0.034721,-0.036761,0.0076749,0.00027758,0.010153,-0.036547,0.10606,0.084272,0.17402,-0.045145,-0.010287,-0.021984,0.16617,-0.056417,-0.047543,0.012192,0.11168,-0.057139,0.0038358,0.019692,0.033488,0.003199,0.061732,0.012719,-0.011656,0.0042018,-0.017216,-0.0095909,-0.025987,0.039027,0.011597,0.0028278,-0.026926,0.0045039,-0.037523,-0.01186,0.0056343,-0.0073835,-0.021536,-0.027639,-0.05143,0.039908,-0.0026257,-0.00036336
0.020449,-0.0042757,0.11625,0.043071,-0.067542,0.088136,-0.084289,0.021987,-0.13101,0.078859,0.051832,-0.018121,-0.028158,0.006676,0.1395,0.062222,-0.25511,0.030888,0.010282,-0.011842,0.050005,0.06353,-0.03899,0.10135,0.031096,-0.033055,-0.056783,-0.063923,0.019841,0.016387,0.088749,-0.0050872,-0.0022049,0.033371,0.07635,-0.050661,-0.07038,0.21473,-0.014699,0.03531,-0.0084224,-0.028173,0.065537,0.054752,-0.005853,-0.054645,0.0081928,0.14907,-0.0075743,-0.020679,0.045299,-0.076991,-0.0096874,-0.046615,-0.031876,0.096465,0.0073409,-0.094429,0.10999,0.012929,-0.0093417,0.0068965,0.11778,0.031392,0.0078855,0.051578,-0.035488,0.024636,0.022154,-0.0045619,-0.028657,-0.022754,-0.026257,0.0076264,-0.033713,-0.009739,0.027353,-0.013983,0.019765,-0.0077852,-0.060606,-0.0052315,0.0040901,0.0019071,-0.0013461
0.021042,0.099653,0.14727,0.071784,0.12548,-0.068609,0.0027262,-0.010947,0.13685,-0.029039,-0.0067037,-0.016061,-0.028293,0.0027333,0.13119,0.065143,0.037474,-0.0029094,-0.091972,-0.044609,-0.027881,0.060209,0.023635,-0.062088,0.13421,-0.0043586,-0.16567,0.06703,0.001002,0.012459,-0.0010537,0.028088,0.040174,0.016111,0.058631,0.012473,0.017229,-0.13806,0.0044824,-0.016766,0.020409,-0.00019302,-0.021355,-0.0030303,0.019948,0.032939,-0.016143,-0.044696,-0.0083604,-0.068599,-0.028147,0.018864,-0.021067,0.062683,0.0018387,0.10486,-0.012066,-0.13127,0.10164,0.0075443,-0.035982,-0.0079013,0.06279,0.0061153,-0.0040931,0.016792,-0.023803,0.0039204,-0.024227,0.018164,0.021283,0.0017193,-0.009976,0.060275,-0.029166,0.027343,-0.023425,0.046452,-0.045755,0.035256,-0.026174,-0.088361,0.021397,0.040621,0.0058838
-0.015253,0.013349,-0.019526,0.1647,-0.057296,0.044305,0.13559,0.059924,-0.078813,-0.013167,-0.023396,-0.044186,0.012509,-0.018651,0.013796,-0.023397,0.037443,-0.03993,-0.03741,0.04901,0.028199,0.0077675,-0.034419,-1.0532e-06,-0.01243,0.19269,-0.018535,-0.032887,0.0040127,0.032368,-0.029313,0.0051157,-0.023128,0.056569,0.047198,0.015623,-0.03147,0.078269,0.017249,0.015947,-0.00070947,-0.0070065,0.032289,-0.05052,0.0015342,0.007716,0.083963,0.038484,0.053815,0.031532,-0.02509,0.014121,-0.08293,-0.029212,0.015657,0.015286,0.0015928,-0.14514,0.0076463,-0.0069555,-0.0066469,-0.0396,0.0062456,-0.0065691,0.0068083,0.021732,-0.0013159,0.013614,-0.011741,-0.011495,-0.020704,-0.0046394,0.018559,0.044061,0.0036459,0.0021557,0.034162,-0.00045454,-0.12383,0.029025,-0.00048302,-0.0014286,0.0027981,-0.0024104,-0.00050575
0.00047843,0.036431,-0.026832,-0.0094378,-0.026094,-0.0055513,-0.045477,-0.005478,0.057626,0.040297,0.01152,-0.0082198,0.029215,0.029174,-0.020002,0.00020951,0.0040245,0.007583,0.0148,0.0036095,0.0083075,0.021123,0.006482,0.025578,0.0027202,0.0046523,0.091539,-0.012458,0.012728,0.0099148,0.0047559,-0.0011969,-0.0055738,0.0079376,0.0011049,-0.012406,-0.0025796,0.025853,-0.009202,-0.016465,-0.002113,0.0057582,0.037545,-0.00073553,-0.0041068,-0.0044102,-0.0057421,0.033093,0.0042148,0.055174,-0.0088581,0.0016936,-0.003846,0.003772,-0.011157,-0.0047111,0.0076777,-0.0054417,0.017779,-0.00022886,0.0093882,0.0051697,0.0085538,0.010431,0.00017675,-0.0022546,-0.0045971,-0.0095526,-0.0042012,0.0096433,-0.0002275,-0.0071332,0.0011611,0.018548,-0.0075506,5.3826e-05,-0.0073453,0.0047961,0.0062881,0.015771,0.01118,-0.0046405,0.0005124,0.0079067,0.00025517
-0.0088121,0.052504,0.0030563,-0.20843,-0.047622,0.064281,0.13502,0.026865,0.077836,-0.02068,0.020712,-0.0050619,-0.028473,-0.058113,0.092011,-0.005922,0.050254,-0.063081,-0.037922,-0.018933,0.0083127,-0.02377,0.0058103,-0.059294,-0.015965,0.068897,-0.035378,0.1888,-0.037221,-0.039832,0.043641,0.011969,0.0012108,-0.0030709,-0.012234,-0.0043597,-0.02012,0.025775,0.0014859,-0.0027923,0.026118,0.0039482,0.06016,-0.057916,-0.00085913,0.020197,0.019413,-0.21945,0.011861,-0.085102,0.012694,0.02181,-0.011624,0.085501,0.056696,0.015084,-0.0015518,-0.082227,-0.041555,0.010446,-0.0016465,-0.025954,-0.027586,0.00023361,-0.0040232,0.00011789,-0.0034551,0.0067553,-0.0063201,0.064632,0.023128,0.01131,-0.0074615,-0.0038578,0.02362,-6.5007e-05,-0.0071852,0.025209,0.091064,-0.038248,-0.0001286,-0.026613,0.006535,0.0077405,0.001151
0.012631,-0.1226,0.050496,-0.00090496,0.0042614,0.090256,-0.03189,0.064894,0.021175,-0.072937,0.0038704,0.08807,-0.080366,0.038136,0.049174,-0.052429,0.048745,0.042323,-0.061129,0.002453,0.086397,0.045622,0.036369,0.010172,0.0086263,-0.036403,0.04068,0.096422,0.15,0.015959,0.021639,0.016181,-0.049925,-0.015232,-0.094718,-0.062982,-0.0062071,0.06285,0.0057813,-0.027853,-0.0097512,0.011403,-0.047695,-0.032774,-0.010877,-0.047776,0.041196,-0.046332,-0.024914,0.066971,0.02036,0.0045877,0.046842,-0.0082245,0.058384,0.038562,-0.031057,-0.066842,0.0014695,0.00044551,0.0037188,0.0061375,0.045913,0.022875,0.0048482,-0.008186,0.012182,0.013486,0.013406,0.017995,0.030032,-0.019184,-0.026574,0.062065,0.021329,0.0048904,-0.011097,-0.014743,0.062029,-0.055422,-0.035107,-0.025731,-0.0097427,0.0094722,-0.00021862
0.025148,0.24781,-0.11785,0.15118,0.039336,0.10316,-0.015745,0.026657,0.21952,0.066096,-0.0034548,0.14637,-0.05521,0.060976,0.051202,-0.038815,0.068875,0.0097858,-0.027848,0.082352,0.040143,0.027911,-0.010948,0.01153,0.049915,-0.099407,0.10151,0.09965,0.10796,0.19439,0.024456,-0.0046473,-0.018557,-0.022189,-0.0032263,0.048377,-0.048027,0.038033,0.059127,0.092588,-0.0013794,0.0031026,-0.10889,-0.0021658,-0.0216,-0.003193,0.002672,0.1179,0.014731,0.041685,-0.00095438,0.040268,0.078135,-0.11504,-0.052858,-0.027017,0.020859,-0.0043037,-0.10726,-0.0097949,-0.025388,0.018899,0.14968,-0.0062804,0.0014715,0.016287,-0.02584,-0.032676,0.047471,0.028613,-0.0047127,0.016468,0.0045088,0.07857,0.0084583,-0.0021167,-0.013021,-0.005688,0.12028,0.013147,0.048852,-0.021914,0.01631,0.011029,0.0026806
0.042369,0.030729,-0.0026703,-0.033623,0.054572,0.023767,-0.013698,0.010194,0.0082566,-0.027829,0.008789,-0.002995,0.067371,0.060045,-0.094643,-0.038841,-0.13879,0.023487,-0.023445,0.012777,0.0071082,-0.018192,-0.027499,0.0016071,-0.029776,-0.01332,0.069632,-0.018557,-0.033428,0.01627,0.16189,0.0093805,0.060808,-0.033823,-0.034035,0.027824,0.018321,0.048242,0.016352,-0.028475,-0.013678,0.012649,0.12266,0.011876,0.00045802,0.017435,-0.034299,-0.039492,0.011031,0.0027107,0.024301,-0.024126,-0.01363,0.0051074,-0.010274,-0.0037917,0.0076461,-0.0019756,-0.015278,-0.016572,0.061021,-0.018781,-0.0040665,0.010026,-0.0030295,-0.011336,-0.018317,-0.015207,-0.017467,-0.031585,0.021657,0.017083,-0.0082717,-0.020822,0.013204,0.00027428,-0.0059125,-0.0018223,0.0051704,-0.0066129,0.047447,0.036032,0.0098099,-0.042725,0.0025507
-0.019447,0.15101,0.19023,-0.018381,0.099435,-0.060995,0.18154,0.055984,0.11862,0.26919,-0.0042554,0.25702,-0.030035,0.049899,-0.018416,0.095079,0.2118,-0.029547,-0.1802,-0.060803,0.1567,0.047696,0.055585,-0.068842,-0.065028,-0.07634,-0.1616,0.080341,0.083975,0.091173,-0.013036,0.2059,0.11522,-0.036705,-0.029241,-0.075142,0.24743,0.27537,0.023166,0.0017458,-0.023119,0.048573,0.13692,0.056622,0.017934,-0.0056395,0.14515,0.05235,0.097369,-0.029663,0.06001,0.040244,0.18493,0.14996,-0.049069,0.0052018,0.072203,0.16997,0.34153,0.075574,0.063336,-0.076144,-0.066205,0.12734,-0.041717,-0.0079764,0.021781,0.026169,-0.056719,0.070753,0.053414,-0.055496,0.049877,0.12408,0.033436,-0.0069321,0.019604,0.023697,0.25192,-0.17546,0.024703,-0.16421,-0.035887,-0.13858,0.0018955
0.0039284,0.022625,-0.066839,-0.043664,-0.020115,-0.10871,0.070089,0.04066,-0.025804,0.0062861,-0.014549,0.090351,0.05468,0.056851,-0.088464,0.015065,-0.0068451,-0.037596,-0.10042,-0.019212,-0.010965,0.091188,0.062054,-0.036475,0.011045,-0.046708,0.064255,0.059386,0.038959,0.0073213,0.0036013,0.03355,0.03254,-0.061082,0.010865,-0.046204,0.037882,0.0083123,-0.055368,-0.056814,0.0026904,0.014605,0.059771,-0.032125,0.01261,-0.0098655,-0.046385,0.05093,-0.036916,-0.01971,0.01688,0.017231,-0.017399,0.030481,-0.0032123,0.032029,-0.0097196,-0.024809,-0.041272,-0.0054519,0.073049,-0.024036,-0.020593,-0.00090178,-0.0015193,0.005499,-0.0015962,0.012105,-0.0077395,-0.042036,0.032141,-0.0065601,-0.018111,-0.0025907,-0.011557,0.015226,0.016479,0.031664,-0.020773,-0.073822,0.025365,0.065932,0.033095,0.026962,-0.0039909
-0.010925,-0.070461,0.012338,0.055387,0.059876,0.019636,0.030301,0.084831,-0.055655,-0.019144,-0.01391,0.065582,-0.092448,-0.0021151,-0.031734,-0.027712,-0.15985,0.017269,0.052708,0.014242,0.019107,-0.0038769,-0.037453,-0.021608,-0.0092453,0.010208,0.021222,-0.067384,0.018066,-0.022708,0.02697,0.014443,0.0055094,0.16492,0.11514,0.031325,-0.0085616,0.13261,0.031786,0.047434,-0.0034751,-0.021492,-0.009315,-0.0090746,-0.0119,-0.020402,-0.0049312,0.10921,-0.03183,0.002049,0.0088006,0.014391,0.061846,-0.038624,-0.001153,-0.0084158,-0.0077688,-0.048474,-0.087237,0.003095,-0.061389,0.017769,0.0074087,0.0068235,0.039026,-0.035826,0.036897,0.012213,0.0024596,-0.0013265,-0.016074,-0.0094125,-0.0034528,0.035744,-0.0089628,-0.029239,0.0074821,-0.013875,-0.015882,-0.046636,-0.036672,0.049609,-0.0020781,0.0094219,-0.0019276
0.004697,-0.015603,-0.060945,-0.084524,-0.0042454,-0.041115,0.13218,-0.019849,0.017278,-0.083547,-0.0096582,0.00029133,-0.0045447,0.041318,-0.04331,-0.0069671,0.063952,0.0076953,-0.01717,-0.0276,0.006168,-0.026109,0.0049349,-0.01885,0.010522,-0.011346,-0.0024459,-0.0019551,0.034235,-0.0126,0.0052481,0.011318,0.041867,-0.017134,0.13707,-0.028069,0.018979,-0.0086632,0.031674,-0.003946,-0.012049,-0.0037222,-0.0088135,-0.0081429,0.0053616,0.011681,0.041218,0.11233,-0.011096,-0.039782,0.0026711,0.028622,0.083115,-0.0073908,0.0082621,-0.025229,0.0057476,0.063468,0.042729,-0.0048246,0.031638,-0.0045503,-0.079778,-0.028524,-0.0056179,0.011947,-0.0028047,-0.01661,-0.026052,-0.0049433,-0.0020919,-0.0017284,0.0069756,0.026261,0.0040135,-0.001271,0.00022907,0.012878,0.058521,-0.02494,-0.011842,0.026892,0.0041198,-0.0074429,-0.00011433
0.0028745,-0.025847,-0.15445,0.042187,0.0040671,0.082304,-0.13248,-0.033189,-0.060216,-0.040739,-0.049487,-0.11488,0.0072241,-0.080506,-0.014182,-0.0079642,-0.052266,-0.026528,0.078082,0.06667,0.0064584,0.002821,-0.0038555,-0.011404,-0.052205,0.020907,-0.0090909,-0.039605,-0.061501,-0.046095,-0.011286,0.016636,0.027393,0.040629,0.04711,0.1169,-0.024702,0.073181,-0.016371,0.011916,-0.011125,0.00041682,-0.048051,0.0074907,0.0011772,0.0077101,0.024744,-0.13342,-0.0038089,-0.060675,-0.021111,-0.0038043,0.048344,0.027124,-0.0036778,-0.024987,0.045023,-0.075827,-0.11565,-0.024058,0.0081573,0.056049,-0.013828,-0.017853,0.0037668,-0.016253,-0.02637,0.017018,0.0085961,-0.013162,-0.021575,-0.0043597,-0.0032433,0.014397,0.020149,0.0062448,0.010489,-0.036208,-0.1085,-0.075036,0.0258,0.017931,-0.010494,0.0064459,-0.0015293
0.02192,0.029402,-0.15975,-0.057099,-0.061052,0.07634,0.10814,-0.017181,0.089154,0.024638,0.0050067,-0.0117,0.12429,0.052965,0.010284,-0.0014249,0.035181,0.032383,-0.029576,0.018613,-0.071197,0.10341,-0.038048,0.068549,-0.068377,0.022923,0.17062,-0.0052994,0.056853,0.026832,0.050346,-0.014151,-0.021812,0.033167,-0.089397,-0.030013,0.12667,0.012596,-0.058554,0.012176,0.011366,-0.0055574,0.10663,0.0057837,0.0014989,0.0026933,-0.00079439,0.24581,-0.057066,0.11291,-0.024623,0.06786,-0.12601,-0.0041555,-0.0082118,-0.036429,-0.040999,-0.019542,0.060021,0.0025427,0.016884,-0.04955,0.058211,-0.0017616,-0.0023107,-0.002523,-0.0087758,-0.0027214,0.0067473,-0.040497,0.023818,0.0069272,-0.0049138,0.020566,0.020153,-0.033713,0.017484,-0.0010124,0.029811,-0.01023,0.079501,0.076773,0.0061825,-0.020307,-0.0027955
-0.0082183,-0.024925,-0.0098657,0.0058356,-0.0092506,-0.021916,0.0067679,0.032899,-0.031009,0.035199,0.010052,0.037398,-0.0036069,-0.012516,0.019832,0.0071874,-0.087394,0.038028,0.015535,0.003146,0.017364,0.011916,-0.011344,0.014566,0.0058196,-0.017774,0.025168,-0.0058756,0.0071707,0.0010258,0.01926,0.010526,0.015987,0.010681,-0.052868,0.0067255,-0.013439,0.088992,-0.0091404,-0.0041054,0.0017001,0.0020612,0.014415,0.0034245,-0.0017387,-0.0044384,0.0012505,-0.029725,-0.023434,-0.010855,0.0013754,0.0074428,0.0091706,-0.0056903,-0.0078619,0.0048615,0.0069658,-0.025337,-0.036569,0.012149,0.020973,-0.0048341,0.013464,0.0077718,-0.0032919,0.0020309,-0.0057052,0.0027119,0.0079175,-0.0099212,0.0031468,0.0031389,0.0049268,0.0088942,-0.0072292,-0.0018046,-0.0041743,-0.00047957,-0.024556,-0.017488,-0.0012018,0.003747,-0.0051988,-0.01089,0.00023879
0.0095464,-0.030616,-0.16127,0.16225,0.19375,-0.063311,-0.0066485,-0.010147,-0.010415,-0.021004,-0.060834,0.16682,-0.0043182,0.033491,-0.064823,-0.10903,0.16832,0.029175,0.046331,0.023507,0.042187,0.041958,0.017479,-0.017319,0.1251,-0.059963,-0.10483,0.010031,0.084372,0.056338,0.038256,0.018003,0.0077636,0.034482,0.1104,0.048709,-0.0039169,-0.20389,0.055539,-0.0459,-0.011548,0.014693,-0.12845,-0.059944,0.018964,-0.030124,-0.11546,0.11871,0.046853,-0.10052,-0.030936,-0.093497,0.1668,0.088538,0.032538,-0.050487,-0.045059,-0.12262,0.10564,0.0072195,0.060006,0.05129,0.078571,0.023411,-0.012815,0.009361,-0.0057087,-0.034446,0.026,-0.028047,0.00084603,-0.03988,-0.0081006,0.10275,-0.007117,0.017493,-0.0080399,0.00075644,-0.024747,-0.11014,-0.028477,0.097019,0.046874,-0.035627,-0.0015238
0.0024449,-0.0048592,0.057529,-0.45624,0.0021542,-0.071662,-0.024367,0.088919,-0.0031249,0.030611,-0.023576,0.036545,0.028924,-0.0032172,0.0025622,-0.023218,-0.022161,0.06674,0.12706,0.040212,0.0040377,0.03053,-0.02029,0.028481,0.023408,-0.0065579,-0.00329,-0.011038,0.0090888,0.0029411,0.030702,-0.0067746,0.0053385,0.025441,-0.057009,0.020625,0.012489,0.0028895,0.09319,0.090557,0.025537,-0.017045,0.054921,-0.0027741,-0.016541,0.010421,0.05832,0.023836,0.037064,-0.046593,-0.036018,-0.032673,-0.050734,-0.017564,0.083944,-0.0418,0.011555,-0.052295,-0.067933,-0.0061285,-0.0035618,-0.01309,-0.064592,-0.010669,-0.047587,-0.0034157,0.012202,-0.015451,0.01434,0.0098366,0.033987,-0.028125,0.026324,0.0084247,-0.00079376,0.01245,0.0096687,0.0060828,0.050319,-0.038653,-0.00097491,-0.0064099,0.014387,-0.049712,-0.004542
0.0061491,0.23387,0.040067,-0.31486,0.030559,0.0024315,-0.24301,0.05074,-0.51074,0.028541,-0.084368,-0.18064,0.056093,-0.037006,0.004933,0.028528,-0.30335,0.16677,-0.019363,0.086488,-0.20775,0.20403,0.086134,-0.027272,0.076307,0.2087,0.24893,-0.063372,-0.0031002,-0.019623,-0.0013742,-0.037731,-0.085752,0.031161,-0.27897,-0.015375,-0.013208,0.046473,0.03921,0.29851,0.15352,0.010423,-0.0037849,-0.024431,0.028818,0.14895,0.13653,0.0098323,0.14029,0.046205,0.09239,0.11583,-0.35338,0.034069,0.066468,-0.036129,-0.040959,-0.32959,0.08946,0.067921,-0.17107,0.06635,0.1802,-0.025533,-0.03111,-0.024904,-0.062043,-0.0059065,-0.034797,-0.0050597,0.11141,-0.039688,0.005897,0.1121,-0.01653,-0.03185,-0.052948,0.053362,-0.28425,0.071305,0.1173,-0.034304,0.031035,0.081044,-0.012414
0.015598,-0.19761,0.12364,0.38919,0.11651,0.14307,-0.017998,0.004937,-0.15212,0.076582,0.0053552,-0.10426,-0.0030395,0.3543,-0.21174,-0.119,-0.28064,0.037811,0.073507,0.24427,0.087783,0.062345,0.076613,0.022591,-0.035886,0.062336,0.55123,-0.24145,-0.049191,0.064427,0.11278,0.13649,-0.012881,0.025574,-0.00080587,0.030693,0.21952,0.13517,-0.021474,0.035826,0.05817,0.14849,-0.24144,0.047716,-0.015741,0.022184,-0.13264,-0.27096,-0.078211,0.10622,-0.02944,-0.044273,0.34896,-0.1121,-0.3299,0.0030477,0.10432,0.48144,-0.10368,0.0089662,0.0025399,0.16069,0.019543,0.16994,0.046983,-0.0086102,0.024811,0.054447,-0.028801,0.034868,-0.053635,0.11074,-0.029069,-0.11681,0.016649,-0.057405,-0.0097298,-0.098512,-0.019729,0.15362,0.021982,-0.24143,0.073161,0.018581,0.0026582
-0.013869,-0.025982,-0.1052,0.0021638,-0.0059791,-0.00088462,0.0017383,0.024421,-0.0056773,-0.010511,-0.0017964,0.025886,-0.037294,-0.0037689,-0.033285,0.0025959,-0.0334,0.00044117,0.013605,-0.0093891,-0.0037376,-0.031111,-0.0075917,-0.016918,-0.020976,-0.01297,0.038273,-0.015535,-0.014002,0.0023307,0.013458,-0.0086654,-0.013826,0.047366,0.03896,0.014048,-0.0021722,-0.038292,-0.023613,-0.0048227,0.0022165,-0.0054304,0.027396,-0.004907,0.0027462,0.010433,-0.052195,-0.012504,0.0022818,0.010787,0.022179,-0.027217,-0.0041882,0.0019355,-0.0096892,-0.019088,0.00099695,-0.057226,-0.0047631,0.012217,-0.00061461,0.0049752,0.018226,-0.0096941,0.0069085,0.0042014,0.0095907,-0.0083987,0.016494,-0.031297,0.0037558,0.008417,-0.0061579,-0.032821,0.0021002,-0.017397,0.00162,-0.010785,-0.0056218,0.021764,0.019203,-0.0022784,0.00446,0.0098557,-0.001277
0.0013668,-0.079491,-0.33016,0.10995,0.002244,-0.11386,0.078386,-0.078642,-0.091548,-0.032842,-0.010419,0.1241,0.035654,0.0092651,-0.17432,0.07959,-0.062437,0.089859,0.076866,-0.0051339,0.010764,-0.058702,0.02362,0.031012,0.06651,-0.049962,-0.20904,0.08089,0.12817,-0.03708,-0.064337,-0.023536,0.077875,0.020041,-0.11457,0.050606,-0.06141,-0.038478,0.0081914,-0.0901,0.025949,-0.005885,0.083199,0.14421,-0.0046677,-0.019804,-0.039855,-0.013574,-0.081851,-0.18096,0.036249,-0.016749,0.030559,0.038291,0.10893,0.092413,-0.0042951,-0.10422,-0.020367,0.029666,0.033866,-0.069019,0.10631,-4.8741e-05,0.019957,-0.030991,0.049994,-0.0064997,0.02877,0.014007,0.039064,-0.029104,-0.01182,-0.061797,-0.01764,0.0076977,0.00043303,-0.058665,-0.038274,0.0090314,-0.023195,0.046532,-0.016599,0.0053003,-0.002088
-0.023616,0.0059851,-0.10727,0.13296,0.0006195,-0.22145,0.19137,0.02489,-0.35857,-0.36347,0.082535,-0.031921,0.11594,0.010312,0.045667,-0.012563,0.38162,0.079458,-0.059128,-0.029535,-0.11707,-0.004557,-0.23244,-0.088817,-0.012534,0.034151,-0.29797,-0.27639,-0.076722,0.089659,-0.05989,-0.022156,0.022318,-0.09593,-0.0037993,-0.13352,0.08263,-0.27955,-0.0089393,0.11185,-0.033297,0.050394,-0.27334,0.041354,0.11197,0.023891,-0.0047443,0.18543,0.16333,0.15944,0.0086807,0.056112,-0.1126,-0.24766,0.02928,0.0028864,-0.040764,0.21608,0.12928,0.027799,0.087078,0.11947,0.012535,-0.074899,0.006493,0.15778,0.13328,0.037245,-0.02248,0.084643,0.026106,0.096384,0.024245,-0.00060849,0.032968,-0.044647,0.0088404,0.073481,0.18302,0.23254,0.1886,0.13165,0.014124,0.036824,-0.0030282
0.00095454,0.25389,0.081881,-0.038514,-0.068032,-0.026752,0.22534,-0.063558,-0.097061,-0.12064,-0.035127,0.062879,0.032757,-0.13299,0.023646,-0.091402,-0.23183,-0.040255,0.010484,-0.014902,-0.13281,0.13796,-0.048348,0.080388,-0.00068026,-0.062483,-0.24899,-0.074812,0.060825,0.050779,0.051453,-0.016352,-0.00041431,0.11713,0.030356,0.00673,-0.0038376,0.10803,0.0029192,0.015397,-0.0035244,-0.011449,0.1396,0.034408,-0.0058675,0.10629,-0.17346,0.1896,-0.085699,0.04493,0.036521,0.0057848,-0.24506,-0.045722,0.06122,0.010375,-0.017605,-0.032594,-0.19561,0.0055698,0.0036253,0.064611,-0.12281,0.0045437,0.015118,0.0058105,0.0068788,-0.078302,0.032086,-0.025224,-0.0042018,-0.018539,0.0062382,0.069822,-0.030509,0.015809,0.013215,0.048882,-0.0033228,0.00056998,-0.0076727,0.077797,-0.030936,0.026197,-0.0050213
-0.0028739,0.015355,-0.038062,-0.16272,-0.05709,0.11738,0.0019142,-0.0071682,-0.057339,-0.041038,-0.036735,-0.02896,0.061931,0.018068,-0.0078867,-0.016581,-0.099368,-0.032681,-0.049876,-0.012403,-0.01235,0.03743,-0.0088725,0.011754,0.012023,0.047876,-0.00074967,0.046299,0.011001,-0.019382,0.011744,-0.0069059,-0.024098,0.012121,-0.033256,0.028702,0.019069,-0.048986,-0.025775,-0.014573,0.0083,-0.010103,-0.016461,-0.017276,-0.0053684,0.0027894,0.14763,0.0027847,0.011821,0.010514,0.038591,0.09762,-0.066654,-0.015371,-0.013102,-0.034191,0.018672,-0.086995,-0.048096,-0.010589,-0.019077,-0.028495,-0.021811,-0.001947,0.0049783,-0.014333,-0.023314,-0.0025112,0.01856,-0.013397,0.012008,-0.013965,-0.0010744,0.031346,0.014427,-0.0038512,0.012491,0.0076862,-0.037704,0.024811,0.033644,0.064898,0.00091868,-0.010446,-0.0013492
0.0015682,0.0030669,-0.022748,-0.073879,0.009813,0.0029473,0.0043201,0.016069,0.020353,-0.033447,-0.0037558,-0.03027,0.0058391,0.0015465,0.021511,-0.0028514,0.01546,0.0058371,0.020347,0.0046656,-0.023487,0.0072159,-0.0057769,0.025747,0.018651,-0.0072241,-0.0079592,0.0067843,0.012799,-0.0070246,0.026715,-0.00061015,0.0011047,-0.016705,-0.021374,-0.031118,0.0040344,-0.011152,-0.011911,0.00047004,-0.0020283,-0.0006119,0.00043604,-0.0058273,-0.0018175,-0.0074786,-0.0013312,0.080757,-0.0010688,0.062906,-0.0048254,-0.003624,0.015467,-0.012826,0.03655,0.018443,0.0083228,-0.0025351,0.029236,0.0018858,-0.0075015,-0.023802,0.015803,0.0024314,-0.0049338,0.0047227,-0.0081316,-0.0068451,0.0020115,0.0089851,-0.0018594,0.00012695,-0.0020932,-0.0078251,-0.0016906,-0.0026414,0.0031208,0.0032304,0.0065407,0.0042746,-0.0072616,0.026103,0.0025026,-0.00067815,-0.00070564
-0.0043617,0.10494,0.027347,0.11524,0.14169,0.033181,-0.012047,0.0247,-0.19087,-0.057019,-0.0271,0.0048722,-0.010502,-0.014545,-0.053561,0.029624,0.19179,0.0017994,-0.053376,-0.022605,-0.04542,0.019405,0.020471,-0.014078,-0.044912,-0.037713,0.0082178,-0.027593,-0.025066,0.0087205,-0.036078,-0.010976,-0.0066917,-0.0476,0.061713,0.04433,0.021936,-0.079147,0.0040987,-0.018432,0.0030902,0.0056535,-0.064231,-0.037431,0.02977,0.01129,-0.028453,0.024118,0.098793,0.089749,-0.023944,-0.037308,-0.058652,0.0022236,-0.014917,-0.070315,-0.023304,0.019575,0.0026369,0.0064534,0.001888,-0.010963,0.019302,0.0019296,-0.00048539,0.032026,0.0035068,0.01582,-0.027969,0.015114,-0.0019878,0.013706,0.0054417,-0.021229,0.015697,0.0075002,0.011911,0.0021824,0.020872,0.084082,0.0292,-0.002877,0.0073694,0.00011127,-0.0022041
-0.00083669,-0.023178,0.052801,0.0070899,0.057527,-0.001251,-0.0019883,0.018185,-0.0017,-0.0042418,0.0069673,-0.005904,-0.022381,0.010222,-0.027213,0.0073116,0.027264,0.0020546,0.022448,0.028288,-0.013643,0.0023146,0.0076024,0.00059666,0.022334,-0.011452,0.050828,-0.0091076,-0.00068842,0.0075236,-0.019659,-0.00050708,-0.0041452,-0.010247,-0.023714,0.0057571,0.011567,-0.060395,-0.0054355,-0.033391,-0.0099271,0.010476,-0.014527,-0.004176,-0.0061377,-0.010883,0.018301,-0.022693,0.0083224,0.12749,-0.01193,-0.016663,0.010194,-0.014297,-0.017159,0.0058444,0.015673,-0.030002,0.0066076,-0.00045688,-0.024509,0.014278,-0.0042976,0.006085,0.0075966,0.0062472,0.0024341,-0.0084814,-0.0052506,-0.010938,-0.026269,0.0098531,0.0084099,-0.001116,0.018285,-0.0057889,-0.019878,0.00058839,0.017015,0.040423,-0.00073578,-0.027786,0.0078969,0.011261,0.000486
0.028626,0.082371,0.11694,-0.12695,0.028284,-0.039502,0.020543,-0.054365,-0.14119,0.004072,0.008078,0.014147,-0.054336,-0.084779,0.08413,0.086935,-0.19305,0.043626,0.0019481,-0.0079644,0.10352,-0.021886,0.04452,0.014994,-0.066219,0.094289,0.0051486,-0.09393,0.021883,-0.016236,-0.074269,-0.038415,-0.041916,-0.0034402,0.04709,-0.06507,-0.053067,0.042483,0.068686,-0.023719,0.024542,-0.039896,0.091133,-0.013515,0.012657,0.013889,0.1415,-0.038748,0.0056365,0.24515,0.15535,0.062992,-0.068895,-0.099724,0.0047203,-0.086097,-0.038369,-0.021398,0.035683,0.015673,0.013041,-0.052118,-0.042653,-0.024956,0.014438,0.039035,0.065265,-0.012367,-0.0063008,-0.11385,0.0019919,0.0055716,0.017521,-0.08668,-0.0036904,0.00098953,-0.0087375,0.027927,-0.011523,0.020848,-0.061562,0.047103,-0.029813,0.011693,-0.0020913
0.053407,0.33913,-0.19846,-0.3234,-0.059112,0.075134,-0.037032,-0.038046,-0.1257,-0.022661,-0.019895,-0.02536,0.026175,-0.031985,-0.040778,-0.033808,-0.19031,0.065065,-0.12379,-0.017999,-0.11992,0.015554,-0.023999,0.031038,-0.0057776,0.052219,0.23299,0.066191,0.072674,0.056691,0.074251,0.001273,0.0026358,0.06371,-0.069924,-0.036474,0.068559,0.031772,-0.029652,0.021213,0.031959,0.0025892,-0.017471,-0.048452,0.00018248,0.022202,0.049337,-0.18949,0.044643,-0.19666,0.04502,0.19134,-0.08915,-0.10814,0.0089616,-0.024722,-0.05473,-0.082013,-0.053814,-0.012864,-0.0068468,-0.011124,0.009423,-0.011925,0.0020974,-0.10101,-0.013516,-0.0046413,0.010992,-0.053081,0.032713,-0.0072187,0.0027508,0.0591,-0.028123,0.01729,0.023178,0.018346,-0.01437,0.0032334,0.0072139,0.053991,0.054391,-0.02241,0.001253
0.015136,-0.06051,-0.0077978,-0.074593,0.0686,-0.0038022,0.13644,0.0013375,-0.013188,0.037362,-0.015376,-0.062357,-0.015433,0.032283,-0.0082932,-0.0016556,0.053504,-0.018899,0.010724,0.02343,0.042487,-0.030564,0.020279,-0.035535,0.0041472,0.012227,-0.024379,0.043054,0.0169,-0.010882,0.018067,0.015317,0.025618,-0.048566,-0.0058235,-0.016843,0.0025178,-0.030997,8.022e-05,0.012983,0.01039,0.0024957,-0.015823,-0.003494,0.0050617,-0.0095705,0.022208,0.0079735,0.040079,-0.093616,0.013513,-0.014553,0.11821,0.017176,-0.030159,-0.0016041,0.024156,0.062344,0.061436,0.0010674,0.0097508,-0.01931,0.021716,0.0076964,-0.00068799,-0.0048043,0.006696,0.0033096,-0.016208,0.028095,0.012727,-0.0060065,0.017405,0.016129,-0.0041894,0.0052064,-0.013165,-0.013908,0.00018521,-0.034279,-0.039057,-0.012889,0.0043469,-0.025107,0.00013917
0.0066301,0.027069,0.018015,0.076426,0.018829,-0.038084,-0.050946,-0.04025,0.0050713,-0.019432,-0.016946,-0.0091468,0.073376,-0.00578,-0.039644,-0.00041843,0.12988,-0.026076,-0.011641,-0.02543,-0.053308,-0.0043259,0.010964,0.0019391,-0.029481,0.023234,-0.023165,-0.014803,-0.056859,-0.01977,0.0060646,0.0087118,0.00087589,-0.028045,0.013953,0.013116,0.016972,-0.085382,-0.02358,-0.037027,0.010408,0.021328,0.090277,-0.0074281,0.0080689,0.028012,0.0014396,0.0071841,0.040515,0.022256,-0.017298,-0.021293,-0.018096,0.11639,-0.012234,0.0080635,0.0045763,0.071459,-0.013704,0.015353,-0.029436,0.005417,-0.018385,0.012157,-0.0063554,0.02412,-0.018012,-0.007906,-0.017507,-0.019786,-0.0037863,-0.0040771,-0.013092,-0.0051845,0.03203,-0.013027,-0.014689,0.0068809,-0.012297,0.019935,0.035389,0.036038,0.0031705,-0.0062039,-0.00074012
0.0094226,-0.16682,-0.0089192,-0.065178,0.045066,0.021189,0.07237,0.0086839,0.01305,-0.014697,0.0023853,-0.0044639,0.036304,0.016854,-0.01004,0.0078385,0.031428,-0.017362,0.031875,0.0025984,-0.026492,-0.029558,0.037563,-0.011335,-0.042941,0.034453,0.036139,-0.014402,-0.069032,-0.043307,-0.0058076,-0.0081412,0.0012465,-0.050649,-0.030321,0.044469,-0.05105,0.032954,-0.0078847,-0.0053116,0.0017525,0.016886,-0.10259,-0.024153,0.002498,-0.017672,0.0091008,-0.19899,-0.0022358,-0.014201,-0.018717,0.010151,-0.021591,0.037149,0.13377,-0.0094841,0.0010802,-0.051852,0.037567,-0.003214,0.0513,0.012684,-0.032525,0.001958,0.0065978,-0.0016037,-0.022761,0.023891,-0.022084,-0.0036319,-0.0038701,0.018572,0.0053966,-0.053368,0.031461,-0.0044004,0.010203,0.0030103,-0.081731,0.018988,-0.014672,-0.0021845,-0.013256,0.0019912,0.00046893
-0.0051606,0.010453,-0.061577,-0.0088366,-0.012111,0.050977,-0.019468,0.036789,0.056268,-0.037664,0.015553,-0.058258,0.057095,-0.025424,0.028737,0.010297,0.052173,-0.054815,0.061818,0.066033,0.018069,-0.0056602,-0.052294,0.028979,0.045997,0.039163,-0.089432,0.064222,-0.018778,-0.0099252,0.042112,0.0049759,0.03626,-0.020873,-0.030444,0.0015794,-0.013536,-0.034586,-0.0049483,0.018471,0.014548,0.0058453,0.074255,0.026159,0.018473,-0.037459,-0.028101,-0.015271,0.059374,-0.052623,0.0026009,-0.010337,0.13123,0.022395,0.0095822,0.084929,0.031112,0.027348,0.093774,0.0057962,-0.0093872,-0.054406,0.0069268,0.030583,0.005646,0.052214,0.016355,0.014846,0.00011158,0.0051528,0.017061,-0.0033555,-0.032079,-0.010903,-0.0076129,-0.00041517,-0.016232,-0.0034372,0.057094,0.059871,0.022742,-0.018738,-0.00036318,0.0099781,0.0028976
0.0066571,-0.09112,-0.10372,0.12831,-0.080564,-0.099441,-0.29276,-0.020485,0.030383,0.075613,-0.026381,-0.050095,0.028334,-0.050369,0.071424,0.022586,0.16605,-0.042623,0.0072748,-0.089734,0.064981,-0.021916,0.068712,0.0095493,-0.041082,-0.015018,0.030447,-0.11288,-0.12339,-0.006817,-0.042269,0.00096523,-0.034708,-0.0943,0.086757,0.046056,0.0065088,-0.15413,-0.052707,-0.028025,-0.013973,-0.021234,0.0029964,0.055807,0.021459,0.024964,-0.002269,0.13861,0.082194,-0.10549,0.02607,-0.02372,0.048626,0.12183,-0.16047,0.078399,0.18403,0.016506,0.016623,0.0031441,0.03733,0.013355,0.042016,-0.036047,0.033772,0.033606,-0.0090337,0.010511,0.042857,-0.089003,-0.018569,-0.028665,0.0075873,-0.01609,-0.016927,0.010324,-0.011724,-0.041841,-0.20764,0.085072,0.02565,-0.05469,-0.03527,-0.020406,-0.0031261
-0.012873,0.009422,0.020337,-0.0099598,-0.012358,-0.025644,0.018352,-0.019653,-0.00077932,0.026737,0.0015044,0.0057201,-0.012258,0.02811,0.05392,-0.021497,-0.04251,-0.004891,0.031668,0.00025176,0.0091937,0.0073293,0.025429,-0.0019797,-0.010306,-0.030022,0.044263,-0.013512,0.0028548,0.0073143,-0.013594,0.0070431,-0.018767,-0.033456,-0.027568,-0.018723,-0.0047636,0.078563,-0.011094,0.035401,0.0084389,-0.0030167,-0.097679,-0.00058828,-0.0078704,0.0062449,-0.041802,0.072787,0.0013572,-0.018299,0.015248,-0.027595,0.034632,-0.025916,0.016614,-0.020015,0.016611,0.08517,-0.011156,0.0024078,0.0059324,0.0080678,0.029664,0.011179,0.0046709,0.0086934,0.017989,0.003837,-0.0039948,-0.0050909,0.0045594,0.0026607,0.0087958,-0.041412,0.0024951,-0.0062566,9.0351e-05,-0.0029097,0.0037348,-0.012456,-0.010032,0.030809,0.0080493,-0.0081527,-0.00082957
0.0035529,-0.099759,0.015817,0.1005,0.02757,0.022329,0.051294,0.0029746,0.048959,-0.018558,0.023218,-0.032079,0.015902,0.021395,0.044282,0.030343,-0.0015343,0.012989,0.010767,0.00841,0.0073722,-0.0032644,-0.0088167,0.0095946,-0.015293,0.034782,-0.03837,0.030647,-0.021975,0.011579,-0.0084049,-0.0067142,-0.01504,0.00063485,0.0074932,-0.021503,-0.0027436,-0.0044952,-0.016459,0.0057553,-0.0025416,0.0018788,0.0017897,-0.0033361,0.0057716,-0.017356,0.019516,0.082211,0.00065067,0.034939,-0.0074173,0.015984,-0.0015566,0.0056326,0.0065509,0.026159,0.011799,0.0083814,0.078159,0.02055,-0.014036,-0.037177,0.053255,-0.016331,0.004915,0.034823,0.020276,0.014831,-0.010286,0.049964,-0.0058126,0.0094591,-0.018029,-0.015015,0.0037856,0.00024826,0.010942,0.0042441,-0.013669,0.047046,0.012746,-0.0098849,-0.0042665,0.0079759,0.00098542
-0.027242,-0.092354,0.13813,0.17833,-0.035903,-0.0038343,0.039956,0.0060418,-0.15269,0.046435,0.0085072,0.061355,-0.042157,0.055856,-0.084915,-0.034611,-0.21683,-0.034634,0.030313,0.084168,-0.096395,-0.0886,-0.013384,-0.081444,0.039931,0.013845,0.08149,-0.051193,-0.087658,0.02977,-0.018853,-0.0042034,-0.042918,-0.031065,-0.034067,-0.045325,0.0038136,-0.02173,0.028311,0.049542,0.044048,-0.012507,-0.076263,0.069853,0.054372,0.049204,0.029454,-0.06017,0.031759,0.090036,0.015111,0.071037,0.054234,0.019822,-0.067093,-0.035822,-0.0041737,-0.14565,0.031208,0.11785,-0.041686,-0.006871,0.1629,-0.025676,0.019781,-0.089131,0.0073513,-0.024001,0.045209,0.035758,-0.035158,-0.027266,0.0020693,0.0071047,0.034834,-0.0063143,-0.035078,-0.052358,-0.021823,0.050101,0.053786,-0.054303,-0.025779,0.0072364,-0.0026218
0.0090484,-0.0018981,0.051696,0.19773,-0.001842,-0.10602,0.13484,0.092631,-0.025421,0.084734,0.020531,-0.045971,0.085766,-0.046881,0.0016226,0.0013225,0.12693,0.043801,-0.020168,0.018332,0.066654,0.087378,0.0084917,0.042133,0.043448,0.083523,-0.047777,-0.037316,-0.005544,-0.013375,-0.063497,-0.01946,0.02317,-0.1048,-0.074662,-0.055768,-0.0027912,-0.027367,-0.0025294,-0.02921,0.016545,0.012544,0.034646,0.018996,-0.005428,-0.015875,-0.0067034,0.085257,-0.015431,-0.011562,0.031616,-0.00615,0.042624,0.037165,0.008853,-0.061119,0.026224,0.057914,0.099257,-0.016762,0.17679,0.061948,-0.033868,-0.027818,-0.0077173,0.038114,-0.036287,-0.0048802,0.035402,0.032073,-0.026409,0.011374,0.023306,-0.091184,0.025746,-0.017011,0.048786,-0.0091402,-0.032127,0.029261,-0.03191,-0.041591,-0.0050148,-0.00016716,-0.0024277
0.034172,0.11954,0.14671,0.1691,-0.0046996,-0.032434,0.0050255,-0.022606,-0.05656,0.011979,-0.0012395,-0.030717,-0.070128,-0.027349,0.025034,0.00041407,0.1206,-0.0013274,0.027552,-0.02193,0.015039,0.085672,0.050642,0.074191,0.020028,-0.084273,0.0039334,-0.12955,0.018741,0.012809,-0.010934,-0.015065,-0.025739,0.048448,0.0097455,0.057245,0.038648,-0.017457,-0.0050776,-0.016434,-0.015518,0.01255,-0.010053,0.017633,-0.016733,0.039983,-0.067092,0.22724,-0.044965,-0.00067276,-0.046883,-0.11833,-0.12522,0.086223,-0.012826,0.061251,-0.037368,0.069091,0.016156,-0.044807,0.037915,0.16719,-0.0011812,0.024949,0.01375,0.0099006,0.023676,0.019211,0.005336,-0.034809,0.0096431,0.0097385,-0.027957,-0.027013,0.00030468,0.016068,0.0028293,-0.011421,-0.019466,0.033137,-0.023972,-0.098896,-0.018363,0.036435,-0.00051076
0.010924,-0.16764,0.021701,0.031123,0.0032063,0.0042684,0.0097642,0.025388,-0.02078,0.010797,-0.0060999,-0.013876,-0.034169,-0.028408,-0.0003163,0.037047,-0.0046542,-0.095466,-0.02767,-0.032229,0.026572,-0.0026583,0.012862,-0.016068,0.0090406,-0.011713,-0.19034,0.090116,-0.0091489,-0.00067442,0.018169,-0.00047679,0.024899,0.047132,0.023443,0.02433,-0.0617,-0.064731,0.0246,0.032689,0.0083166,-0.018683,0.049487,0.030062,0.00038398,0.022655,-0.089792,-0.094191,0.040254,-0.10708,0.0010554,-0.040804,0.057167,0.041502,-0.06009,0.0053714,-0.0040123,-0.010151,-0.11311,-0.010029,0.018578,0.002641,0.17173,-0.010249,0.015744,0.020963,0.013444,-0.0012839,0.017837,-0.06007,0.010413,0.0069361,0.011806,0.0011434,-0.013273,0.003039,-0.0066894,0.021664,0.0054648,0.021087,0.029731,0.0071092,0.015458,-0.011672,1.2516e-05
0.017394,-0.04533,-0.037702,-0.19134,0.024477,0.033282,-0.029504,-0.011226,0.080393,0.14638,0.032449,-0.073012,-0.012547,0.061537,0.029436,-0.0038808,0.015149,0.11928,0.15172,-0.025484,-0.024314,-0.019974,0.0030344,0.010941,0.018346,-0.01845,0.18445,0.0049527,-0.06995,0.017025,-0.091283,0.040502,-0.0066175,0.0092348,0.033246,-0.024278,-0.012105,-0.065428,-0.0064239,-0.0077657,0.015681,-0.015188,0.013097,0.016543,-0.0068651,-0.033219,-0.098676,-0.16048,-0.014045,-0.13771,-0.035022,-0.044894,0.028751,-0.024909,0.054083,-0.0097009,-0.025537,-0.0042712,0.21971,0.057008,-0.0061346,0.0062627,0.08368,0.1505,-0.026364,-0.059524,-0.0091081,0.0062255,0.010471,-0.056081,-0.014816,0.040138,-0.029132,-0.067441,0.021818,-0.035133,0.0088305,0.0023603,0.02209,-0.11377,0.033262,-0.057378,-0.024207,-0.026328,0.0036374
0.064152,-0.24462,-0.016086,-0.21514,-0.036755,0.076574,0.15902,0.18463,-0.079032,0.036287,0.0086656,-0.12435,-0.043265,-0.15513,0.16363,-0.035098,-0.042194,0.0068661,0.0089678,0.084222,0.056935,0.0056334,0.036041,0.033257,-0.012072,0.029112,0.26404,0.070123,-0.037179,-0.090762,0.015856,-0.023298,0.079934,0.083822,0.084737,-0.02804,-0.075141,0.23294,0.017685,0.014797,0.030807,0.0096293,0.1684,-0.072849,0.030869,-0.021881,-0.027383,-0.22427,0.032799,-0.074702,-0.021403,0.097418,0.12205,0.052258,-0.090843,0.15481,0.075004,0.20456,0.0023596,0.052093,-0.040676,0.029034,0.13452,-0.042242,0.14907,-0.041709,0.039705,0.054137,-0.059527,-0.080787,-0.05695,0.003511,0.047784,0.073689,-0.0024167,0.058422,-0.032012,0.017389,-0.085252,0.11355,0.018749,0.21242,-0.010988,0.0864,0.00035852
0.014261,-0.033228,0.21355,0.11129,-0.039937,-0.052853,0.072716,0.0096593,0.10549,-0.099961,-0.010987,0.12191,0.054511,0.023515,0.017877,-0.04235,0.084146,0.025413,-0.013112,0.051251,-0.013046,-0.0093184,0.020693,-0.011314,0.054293,0.019458,-0.18574,-0.0084012,-0.024186,0.0083574,-0.11419,-0.028495,-0.021014,-0.07041,0.0015148,-0.058638,-0.025139,-0.069675,-0.012587,-0.05987,0.021075,-0.0076602,0.13168,0.0046004,0.0031233,0.028124,0.066072,0.073226,0.047496,-0.056493,0.029153,-0.058623,-0.14154,0.044471,-0.026124,-0.047164,0.013278,0.06394,0.15056,-0.017926,-0.0055013,0.0067967,-0.029676,-0.050061,-0.018148,0.25659,0.049965,0.071098,-0.02023,0.021585,-0.0024319,-0.0072202,-0.0018157,0.01685,0.046803,-0.013836,0.032085,0.022908,-0.013932,0.10908,-0.058732,-0.067072,-0.033164,0.0066336,-0.0031238
-0.005154,0.16842,0.18232,0.18077,-0.0042658,-0.078463,-0.015593,-0.035829,-0.086023,-0.056157,-0.001479,0.044238,-0.014267,-0.029788,0.16095,-0.067621,-0.14947,-0.043151,-0.030303,0.065514,-0.0054874,0.071314,0.0097333,-0.067499,0.011844,-0.040619,0.029969,0.089641,0.012584,0.041813,-0.12127,-0.0060272,-0.044278,-0.056042,-0.028028,0.0024204,-0.034244,0.13592,0.022801,-0.0038027,-0.0089028,0.0065291,-0.024474,-0.093161,0.026313,-0.025788,-0.089482,0.09377,0.076584,0.43629,0.029994,-0.054485,-0.025363,0.038539,0.060458,0.034883,-0.019373,0.23766,-0.010835,0.0052405,-0.037947,0.078215,-0.042359,-0.0032764,0.05909,0.10573,0.15211,0.06647,-0.0031478,0.010237,-0.032527,0.0060746,-0.010694,-0.081598,0.038432,0.020356,-0.03035,0.017492,0.13474,0.12098,-0.023508,0.042507,0.022282,0.059922,0.0010899
-0.018753,0.24958,0.0050925,0.17422,-0.16048,-0.0065005,0.16588,-0.0062999,0.016133,-0.20865,-0.017611,-0.17832,0.01486,-0.12744,0.16928,0.19628,-0.44664,-0.010101,0.046019,0.069789,0.041643,-0.038058,-0.074876,0.025423,0.048177,-0.043949,-0.41264,-0.12225,-0.16889,-0.042049,-0.07651,-0.0009523,0.061525,0.088644,-0.18481,0.046631,-0.033161,0.010702,-0.027822,-0.022037,0.023892,0.014984,0.086212,0.095203,0.044932,-0.04312,-0.0065758,-0.23944,0.15547,-0.34026,-0.036965,-0.064432,0.11872,-0.014805,-0.18978,0.034628,0.07675,0.1122,0.039158,0.056342,-0.049737,-0.0017923,0.093599,-0.017859,-0.0070096,0.199,0.078015,0.21014,0.036463,0.032817,0.034153,0.012215,0.0082608,-0.018583,-0.058014,-0.0034873,0.1144,-0.010733,-0.064789,0.031795,-0.046562,-0.19292,-0.013446,-0.039383,0.00028136
0.009508,0.13631,-0.25262,0.086236,0.041458,0.11655,-0.33184,0.1312,-0.14919,-0.090903,-0.039232,-0.021379,-0.094804,-0.11827,0.029386,0.077555,0.16346,-0.10212,-0.038524,0.076091,0.009007,-0.029541,0.04413,-0.034628,-0.065336,0.035334,-0.25355,0.03294,0.1116,-0.030121,-0.11263,-0.022561,0.007702,0.024912,0.00018336,0.10809,-0.06394,-0.27613,-0.0015091,0.028155,-0.0084597,0.013795,0.028827,-0.017539,-0.038749,-0.014218,0.11361,0.12273,-0.043699,0.24446,0.0045525,-0.037414,0.010011,0.013916,0.053228,-0.12693,-0.0080844,0.001403,-0.17168,-0.003514,0.020422,0.014944,-0.050975,-0.083753,-0.028149,-0.14095,0.0087463,-0.065185,0.17721,0.0578,-0.013924,0.030589,0.011057,-0.053574,0.012084,-0.0046902,-0.015343,-0.059914,-0.021539,-0.075823,-0.052671,-0.12764,0.013517,0.080834,-0.0037962
0.016873,0.014655,-0.04279,-0.072229,0.058474,0.081613,0.0022891,0.012961,0.035749,0.032009,-0.013232,-0.0053723,0.024482,0.015343,0.015542,-0.046144,0.0087993,0.016264,-0.020981,0.01686,0.016006,0.0063007,-0.0037432,0.010396,0.0047675,0.017207,0.02922,0.028578,0.0060726,0.013483,0.082901,0.0032616,0.0033384,-0.0053178,-0.03769,0.045813,-0.015794,0.032124,0.017966,-0.010095,-0.0052482,0.022943,-0.0029633,-0.0071912,-0.026454,0.0058354,-0.022168,-0.0099884,-0.014582,0.042604,-0.029741,0.011644,0.070088,0.036574,0.046665,-0.01014,0.011542,-0.04008,-0.048519,-0.016247,0.033139,0.032252,-0.0051988,-0.01117,-0.0011536,-0.025307,-0.036955,-0.0057491,-0.0017577,0.080757,-0.0041268,0.0072713,-0.0066484,-0.037514,0.0054068,0.009009,0.0067894,-0.022336,-0.089073,-0.00093798,-0.046686,0.0016004,-0.0023851,-0.00010097,-0.00103
-0.070852,0.41739,-0.22217,-0.5101,-0.037437,0.13647,-0.16394,-0.17206,-0.21696,0.035905,-0.018888,0.16389,0.038105,0.037181,0.0063833,-0.020022,0.092415,0.0086104,-0.067542,-0.089653,0.014016,-0.0080932,0.067957,0.0066293,0.031449,-0.019604,0.091392,0.039379,0.08003,-0.087441,0.037616,0.053433,-0.053563,-0.10663,-0.076695,-0.00018925,0.065354,0.084812,0.058711,0.061825,-0.017391,0.028591,-0.04326,-0.012564,0.005507,-0.0063665,0.060744,-0.15631,0.1589,0.07668,0.080878,-0.023308,-0.22212,0.051836,0.022281,0.071239,0.039252,-0.22683,-0.060158,-0.036445,0.041138,0.075377,-0.033948,0.0058442,-0.053556,0.12072,0.048827,0.083943,-0.041983,-0.01172,0.17715,-0.040575,-0.04683,0.041579,-0.0051376,-0.011944,0.0042342,-0.015357,-0.037135,0.1128,0.008867,0.01574,-0.052237,-0.023477,-0.002771
0.010469,0.71673,-0.52491,0.18759,-0.13938,0.027758,0.43639,-0.060932,-0.12091,0.084308,0.046989,-0.013946,0.02794,0.057028,0.065241,-0.10142,0.13378,0.0021368,0.017008,0.12312,-0.08105,-0.0025823,0.0086861,0.033144,0.047164,0.12751,0.02325,0.085876,-0.15792,0.08097,-0.045479,-0.028765,0.071422,-0.12682,-0.12072,0.15126,0.14015,0.066218,-0.020469,0.0089256,-0.0040621,0.012028,-0.14597,-0.089647,-0.032738,0.079928,0.018362,-0.044838,-0.15813,-0.24362,-0.049761,0.066433,-0.095145,-0.10011,-0.056954,-0.14631,-0.0025764,0.09168,-0.18868,-0.044075,0.13159,-0.06367,0.26992,-0.088893,-0.03407,-0.056261,-0.10631,-0.03035,0.041865,-0.036971,-0.020288,0.15063,-0.020997,-0.064111,0.059855,-0.058638,-0.034034,0.0035016,-0.28006,-0.13881,-0.0095245,0.19241,0.091516,0.055888,-0.004709
-0.083246,-0.092173,0.089502,0.21286,-0.076238,-0.12317,-0.10461,0.019183,0.16788,0.18778,0.010254,0.082259,0.021366,-0.12629,-0.058725,0.093775,0.21501,-0.0027303,-0.05803,-0.10397,0.061701,-0.034867,0.032154,0.0021607,-0.015165,-0.14152,-0.058978,-0.033792,0.022472,-0.063412,-0.23975,0.0059089,-0.0019557,-0.063459,0.079397,0.027782,-0.047319,0.13034,0.0046634,0.0068531,-0.0017274,-0.01568,-0.1694,0.0442,-0.01961,-0.056994,0.016106,-0.025606,0.0080043,-0.0071241,0.0089535,0.0050348,0.08533,0.026041,-0.022981,0.0054828,0.06635,-0.099535,-0.22482,-0.03512,0.079992,-0.053663,-0.18112,0.049589,0.065951,-0.063606,-0.035749,-0.017245,0.051902,0.027955,0.032235,-0.041239,0.18162,-0.021401,-0.036262,0.028199,-0.023667,0.0024717,-0.10989,-0.046468,-0.10494,0.18582,-0.023998,-0.040189,-0.010521
0.03472,-0.20261,-0.042571,-0.1495,-0.069656,-0.020395,0.049374,-0.010544,0.14352,0.051119,-0.018614,-0.021041,-0.042396,0.057945,0.028121,-0.029424,0.10181,-0.018672,-0.043198,-0.031272,-0.010087,0.001228,-0.013913,0.0028528,0.023905,0.0016196,-0.063159,0.07302,0.014598,-0.051374,0.017972,0.023125,0.0097679,0.010297,0.039635,-0.0069581,0.027557,0.0074401,-0.025592,0.028185,-0.0016966,-0.033511,-0.059861,0.01546,0.007778,0.001435,0.040306,-0.048826,0.00077029,-0.13171,-0.02769,-0.028192,0.055182,0.014502,0.013632,0.002754,0.027776,-0.10783,0.021481,-0.0070558,-0.027474,0.0058382,-0.0068943,-0.0048503,-0.016307,0.058278,0.0082043,0.040252,-0.01032,-0.048729,0.030985,-0.020358,-0.0067281,0.14849,0.032563,-0.021719,0.02501,-0.021552,0.017357,0.0021216,0.027034,-0.036613,-0.0081278,-0.022243,-0.0025675
0.071841,-0.26032,0.26142,-0.022427,-0.14359,-0.031866,0.0072098,-0.062764,0.34453,0.11747,0.012195,0.014108,0.13256,0.063213,-0.11089,-0.094142,0.09386,-0.010053,0.119,0.044319,-0.077983,-0.094756,0.0025393,-0.0013088,-0.050067,0.10292,-0.088744,0.1677,-0.12375,-0.064185,-0.0038801,-0.018841,-0.022508,0.053858,0.016718,0.10451,0.030404,0.057404,-0.032255,-0.077702,-0.00092581,0.018216,0.22685,-0.03958,0.021835,0.079796,0.12366,-0.25718,-0.12444,0.030933,-0.0032206,-0.031618,-0.093358,0.1363,-0.010392,-0.035164,-0.037033,0.064187,0.062128,-0.026806,0.018106,0.064828,-0.061491,0.0086795,-0.010393,-0.0091451,0.00037132,-0.019574,-0.04328,-0.010684,-0.079471,0.0062636,0.016226,-0.0015964,0.13189,-0.0069203,0.020916,0.014212,0.053742,0.064281,-0.052657,0.068565,0.033653,-0.060808,-0.0019683
-0.050264,0.42416,-0.027974,0.065926,0.05422,0.19401,-0.31295,-0.0075326,0.25035,0.13166,0.0012246,0.2663,-0.010662,-0.026549,0.00051073,0.043887,-0.026343,-0.15291,-0.20779,0.052617,0.047719,0.028937,0.073978,0.075614,-0.059521,-0.0098792,0.20185,0.12827,0.10217,0.022881,-0.11665,0.056619,0.058575,-0.064542,-0.15334,-0.030113,0.02003,0.0040968,-0.039028,0.070154,0.010598,-0.02339,-0.14622,-0.012947,-0.04129,-0.041194,0.0033607,-0.37916,0.082874,-0.14435,-0.028728,0.058607,-0.19768,-0.039649,0.14367,-0.066537,-0.0073803,-0.078175,0.061493,0.033659,-0.0097341,0.027392,-0.040753,-0.03918,0.0008602,0.061608,-0.0077356,0.0032882,-0.0031006,0.017097,0.058448,-0.041326,0.00099454,0.073035,-0.040833,0.18338,0.0094702,0.04296,0.13803,-0.13147,0.011353,-0.029072,-0.06722,0.020944,-0.0019451
-0.06424,-0.075753,0.097566,0.30004,0.093901,0.056991,-0.07548,0.25288,0.12793,-0.13703,0.022023,0.06337,0.0011165,0.14323,-0.067041,-0.066853,-0.24546,0.069525,-0.0028416,-0.014939,0.019766,-0.033056,0.032394,0.051978,-0.027428,-0.0096653,0.031544,-0.057312,0.057784,-0.023218,-0.006429,-0.037237,0.029146,-0.014208,-0.1831,-0.057375,0.039693,0.058893,0.06223,-0.022267,-0.025748,-0.011569,-0.22459,0.087047,-0.01429,-0.072366,-0.018794,0.43614,-0.13037,0.10076,-0.0676,0.012386,0.10548,-0.092555,-0.067097,-0.088471,0.07168,-0.0021071,0.17561,0.022533,0.05986,0.027742,0.053698,-0.034225,0.0093467,-0.068036,-0.00032096,0.03875,0.033262,0.24277,-0.045745,0.027976,-0.051903,-0.1264,0.040884,-0.031582,0.17997,0.0043079,-0.036107,-0.07003,-0.065689,0.11963,-0.033006,-0.015337,-0.00053881
-0.034641,-0.37256,0.0033289,-0.32787,-0.035617,-0.16884,-0.16242,0.086019,0.17598,-0.046939,0.04714,0.01955,0.028065,-0.044693,0.062057,-0.15844,0.20893,-0.017407,0.010559,-0.029823,-0.054737,-0.034497,0.017959,-0.019266,0.0099873,-0.092665,0.17021,-0.041883,-0.037268,0.054662,-0.060011,0.036679,-0.0096821,0.088336,0.0020294,0.0095963,0.076328,0.31989,-0.054421,0.0083949,0.02193,0.011357,0.037896,-0.031126,0.014756,0.0017004,-0.24418,0.07382,0.013842,-0.02798,-0.049575,0.079544,-0.042349,-0.13108,0.12461,-0.032455,-0.011341,-0.016703,0.037778,-0.022749,-0.032072,0.018534,-0.013184,-0.012221,0.016475,-0.023304,-0.01099,0.020306,-0.02717,-0.045052,-0.0053089,0.010986,-0.030346,-0.017221,-0.038223,-0.043347,-0.0022826,0.15797,0.1721,0.012239,0.074062,-0.078402,0.049809,0.01531,-0.0024271
-0.0099385,0.064371,0.020817,-0.050333,-0.025432,0.05001,-0.0038754,-0.0086343,0.024871,-0.050361,0.032153,0.048125,-0.016803,0.012283,0.0084598,-0.047643,0.023291,0.022238,0.025173,-0.0015782,0.021958,-0.018112,-0.018671,-0.011391,-0.023097,0.0054101,0.071823,0.036355,0.017222,0.0028669,0.02688,-0.00064145,-0.033885,-0.0011974,-0.063035,-0.013998,-0.018366,0.10987,-0.0026667,0.011454,-0.00023338,0.0067448,0.016287,-0.01588,0.0065561,-0.008173,-0.012172,0.05069,-0.029935,0.032533,0.014984,-0.018178,-0.0030398,-0.0076291,0.047355,0.019378,0.0057836,0.029491,0.066752,0.016044,0.020771,-0.014557,-0.031406,-0.017998,0.0089847,0.008591,0.025844,0.014073,-0.0038764,0.037081,0.0081177,-0.010767,-0.0020167,-0.0068402,0.015294,0.006744,-0.0071816,0.0088778,0.15306,0.0040764,0.018117,-0.029675,-0.0051877,0.00062008,0.00013993
0.0052198,-0.053832,-0.017964,0.045825,-0.033441,-0.010072,0.032557,0.012712,0.0012434,-0.079504,0.0031775,0.052048,0.0054088,0.0098191,-0.032258,-0.0026214,-0.028262,0.026282,-0.010444,-0.018984,-0.0089569,0.032555,-0.010221,0.033094,-0.015631,0.038841,0.037036,-0.02536,-0.019241,0.036886,-0.028846,-0.0070599,-0.040208,0.010167,0.013268,0.033516,-0.058234,-0.035548,0.0038035,-0.037967,-0.0049424,0.013569,0.0054205,-0.021244,-0.0045905,-0.00044536,0.011526,0.082015,0.027288,0.10865,-0.010573,0.021858,-0.092396,0.020954,-0.04032,0.02612,0.018498,-0.025278,-0.049184,-0.04268,-0.011841,0.032866,-0.029323,0.017712,0.021152,0.049,0.012944,0.0077442,0.0077537,0.026154,-0.01214,0.0047174,-0.0032192,0.0090097,0.0013854,-0.0029439,-0.013942,-0.0047251,-0.03741,0.080076,0.01296,-0.015076,0.011141,0.02917,-0.00042754
-0.075511,-0.21233,-0.16813,-0.10372,-0.081023,-0.042637,0.02514,-0.043375,0.034092,0.0028383,0.01367,-0.070849,0.01889,0.038724,-0.073753,0.041673,-0.061862,0.01353,0.10319,0.038075,-0.016923,0.064568,0.026944,-0.0034682,-0.021428,-0.011392,0.17441,0.043499,-0.017828,-0.0054701,-0.06231,-0.0097895,-0.0011671,0.047836,0.040344,-0.03994,0.068176,0.097121,-0.049472,-0.033766,-0.017481,0.0041861,0.022025,0.044208,0.017187,0.047137,-0.055128,-0.12952,-0.018996,-0.077679,-0.010039,-0.059672,-0.079482,-0.070518,0.043401,-0.011267,-0.023993,0.11936,0.079494,-0.031911,-0.059013,0.022692,0.031507,-0.00018273,0.041152,-0.0078097,0.05066,0.020029,-0.0057797,-0.066768,0.0004198,0.0059103,0.036335,-0.018485,0.022227,-0.0085011,0.0066954,0.0090571,0.12037,0.10079,0.11339,0.031706,-0.052724,0.012159,0.00037468
-0.012438,-0.21984,-0.047924,-0.068114,-0.026562,0.021113,-0.057723,0.026678,0.1052,0.090972,0.016858,0.027533,0.080673,-0.064253,-0.012323,-0.042811,0.12664,-0.076083,0.042175,0.058781,-0.0060682,0.0076819,0.019922,-0.0094233,0.038531,-0.04039,0.12838,0.016491,0.079542,-0.023517,-0.0072641,0.00030512,0.037894,-0.043351,-0.0033778,-0.043269,0.022288,0.068169,0.010158,0.018696,-0.0038411,0.0010884,-0.036253,-0.01291,-0.0049048,-0.0048774,0.013931,-0.027924,0.029908,0.061586,0.015442,-0.0114,0.078649,0.0088097,0.048623,-0.0030358,-0.04209,0.021937,-0.061604,0.011529,0.021806,-0.013126,0.0038953,-0.013085,0.013113,0.018827,0.0067533,-0.0022278,-0.02217,-0.012106,0.0082593,-0.0025097,0.019508,0.0029169,0.0090488,0.009988,-0.0030398,0.045433,-0.071227,-0.085635,-0.0077721,0.201,0.015892,0.0042829,0.0014722
0.044235,0.61602,-0.0067862,0.00349,0.046598,-0.016543,-0.23022,-0.068298,-0.052583,-0.012027,0.02549,-0.19731,0.016363,0.007227,-0.082776,-0.072248,0.21026,-0.021665,-0.028247,0.10225,-0.064742,-0.038375,-0.0063481,-0.058865,-0.0020322,-0.014474,0.050592,0.02106,-0.030953,0.013803,0.097258,0.024016,0.012781,-0.089094,-0.082587,-0.044021,0.083708,0.025397,0.041231,0.14346,0.031349,0.050551,-0.12122,0.074512,0.0085173,0.038747,-0.006205,-0.2014,0.071843,0.21489,-0.015106,0.029597,0.096229,0.069583,-0.094403,0.0059521,-0.013595,-0.09114,-0.21206,-0.040046,-0.049101,-0.028022,-0.030119,0.073989,0.018997,-0.022297,-0.044671,0.019295,-0.071701,-0.07782,-0.024381,-0.015584,0.010089,0.0043049,0.050195,0.003256,-0.052703,0.019321,0.11888,-0.040581,0.017682,-0.051581,0.11062,-0.0059991,0.0018046
-0.0054279,0.27099,-0.028378,-0.0036919,0.014788,0.011747,0.16421,-0.077722,0.089372,-0.11995,0.045458,0.011024,-0.10674,0.077646,-0.015788,0.11832,0.046937,-0.033791,0.064565,0.080615,-0.033162,-0.036978,0.10501,0.041175,0.042072,0.027495,0.133,-0.0009819,0.030467,-0.059868,-0.036788,0.011871,0.078697,0.05615,0.19613,-0.083961,-0.0048476,0.037785,-0.011849,0.018663,0.019633,0.02926,-0.030224,-0.010951,-0.00025021,-0.0061391,-0.096803,-0.0078453,0.040007,0.074823,-0.034715,-0.11803,0.018978,-0.01681,0.083442,-0.086869,-0.071068,0.13708,0.019794,0.006856,-0.019477,-0.024334,-0.054642,-0.00030299,0.025344,-0.032127,-0.0073488,-0.040918,-0.033606,-0.010173,-0.031187,0.029703,0.057549,0.018795,0.004085,0.01425,-0.022849,0.0016402,0.020892,-0.0056924,-0.14727,-0.073316,0.059636,0.11055,0.0010597
0.22749,1.036,-0.21374,0.25158,0.63142,0.73171,0.52254,1.3712,-0.1333,0.56972,0.15693,0.85951,0.15696,-0.37782,-0.33447,0.058826,0.72632,0.13373,0.22176,0.5392,0.575,-0.0052195,0.73172,0.58304,0.15925,0.4662,-0.81346,0.40258,0.44147,0.749,0.24581,0.81915,0.61216,0.49308,0.58016,0.084502,0.40827,1.8967,0.34042,0.38832,0.37924,0.42414,1.0247,-0.091281,0.30421,0.16569,0.49393,1.297,1.0684,0.10233,0.98,0.58469,1.2404,-0.088144,0.20328,0.082743,0.71045,0.77907,1.0142,0.59761,1.0967,0.69805,1.0572,-0.066481,0.53583,0.32576,0.22964,0.11736,0.2722,0.80875,-0.10752,0.077046,0.20908,-0.0054441,0.1542,0.25149,-0.014571,0.021323,1.426,0.46906,-0.29767,0.39813,0.2958,0.082295,0.9446
