01 Agriculture,02 Aquaculture,03 Forestry and Logging,"04 Fishing, Hunting and Trapping","05 Agriculture, Forestry and Fishing Support Services",06 Coal Mining,07 Oil and Gas Extraction,08 Metal Ore Mining,09 Non-Metallic Mineral Mining and Quarrying,10 Exploration and Other Mining Support Services,11Food Product Manufacturing, 12Beverage and Tobacco Product Manufacturing,"13Textile, Leather, Clothing and Footwear Manufacturing",14Wood Product Manufacturing,"15Pulp, Paper and Converted Paper Product Manufacturing",16Printing (including the Reproduction of Recorded Media),17Petroleum and Coal Product Manufacturing,18 Basic Chemical and Chemical Product Manufacturing,19Polymer Product and Rubber Product Manufacturing, 20Non-Metallic Mineral Product Manufacturing,21Primary Metal and Metal Product Manufacturing,22Fabricated Metal Product Manufacturing,23Transport Equipment Manufacturing,24Machinery and Equipment Manufacturing,25Furniture and Other Manufacturing,26Electricity Supply,27Gas Supply,"28Water Supply, Sewerage and Drainage Services","29Waste Collection, Treatment and Disposal Services",30 Building Construction,31 Heavy and Civil Engineering Construction,32 Construction Services,"
33 Basic Material Wholesaling",34 Machinery and Equipment Wholesaling,35 Motor Vehicle and Motor Vehicle Parts Wholesaling,"36 Grocery, Liquor and Tobacco Product Wholesaling",37 Other Goods Wholesaling,38 Commission-Based Wholesaling,39Motor Vehicle and Motor Vehicle Parts Retailing,40 Fuel Retailing,41 Food Retailing,42 Other Store-Based Retailing,43 Non-Store Retailing and Retail Commission Based Buying and/or Selling,44 Accommodation,45 Food and Beverage Services,46 Road Transport,47 Rail Transport,48 Water Transport,49 Air and Space Transport,50 Other Transport,51 Postal and Courier Pick-up and Delivery Services,52 Transport Support Services,53 Warehousing and Storage Services,54 Publishing and Broadcasting ,55 Motion Picture and Sound Recording Activities,56 Broadcasting (except Internet),58 Telecommunications Services,"59 Internet Service Providers, Web Search Portals and Data Processing Services",60 Library and Other Information Services,62 Finance,63 Insurance and Superannuation Funds,64 Auxiliary Finance and Insurance Services,66 Rental and Hiring Services (except Real Estate),67 Property Operators and Real Estate Services,"69 Professional, Scientific and Technical Services (Except Computer System)
Design and Related Services)",70 Computer System Design and Related Services,72 Administrative Services,"73 Building Cleaning, Pest Control and Other Support Services",75 Public Administration,76 Defence,"77 Public Order, Safety and Regulatory Services",80 Preschool and School Education,81 Tertiary Education,"82 Adult, Community and Other Education",84 Hospitals,85 Medical and Other Health Care Services,86 Residential Care Services,87 Social Assistance Services,89 Heritage Activities,90 Creative and Performing Arts Activities,91 Sports and Recreation Activities,92 Gambling Activities,94 Repair and Maintenance,95 Personal and other services (include activities for own use) ,,,,,
368.5,4.0,9.7,8.9,19.6,33.5,2.9,34.1,10.6,12.9,160.9,24.8,123.4,52.8,32.3,49.8,6.9,42.1,48.1,55.3,89.7,100.8,118.8,126.7,65.5,87.5,10.3,45.0,9.2,126.9,57.9,263.5,117.7,78.3,20.3,58.1,69.5,4.1,60.2,30.0,199.4,411.4,1.0,58.6,270.9,144.2,70.0,12.5,30.8,15.2,67.4,38.6,8.7,41.5,16.5,12.9,73.2,7.0,7.0,166.0,60.8,34.9,22.9,57.1,244.2,13.9,60.8,61.2,282.3,26.4,73.2,326.1,106.3,26.7,226.0,118.3,111.6,80.9,9.3,7.8,35.2,18.3,152.2,124.8,,,,,
362.5,3.7,12.8,8.3,17.5,30.4,3.4,37.3,11.1,13.1,161.1,24.3,123.0,51.6,31.4,49.6,6.6,42.4,48.0,51.3,87.8,106.2,117.8,129.0,64.6,81.5,9.2,42.4,9.2,130.2,65.8,282.0,118.1,81.2,21.1,57.0,74.3,4.0,62.8,31.4,187.2,403.1,1.0,57.8,267.1,146.8,77.1,11.0,27.9,15.8,69.8,44.4,8.4,41.3,17.1,13.3,75.6,7.2,5.6,175.5,57.6,33.0,24.7,62.4,250.5,13.9,61.5,60.2,286.8,27.1,73.1,317.9,89.5,23.9,221.7,129.1,109.6,80.6,8.6,8.1,37.1,19.4,157.7,123.2,,,,,
360.0,3.4,9.5,7.4,14.0,33.4,2.6,35.4,11.2,10.4,156.1,24.4,116.9,49.6,31.2,48.2,8.2,40.8,48.3,47.1,89.9,109.3,120.5,127.7,61.8,80.9,10.3,42.4,9.5,142.3,61.7,288.0,112.9,85.3,22.2,52.9,70.2,3.7,66.1,33.0,193.2,413.8,1.0,58.9,269.6,147.2,73.6,9.2,29.6,15.0,72.0,48.4,9.2,40.1,17.7,13.9,78.1,7.5,7.2,184.6,59.9,34.3,21.7,68.7,258.2,14.4,65.2,61.0,291.7,22.9,75.2,319.1,110.0,27.7,218.7,125.9,107.6,75.9,9.7,8.4,37.2,19.1,164.8,121.7,,,,,
373.9,2.9,7.7,6.5,22.7,37.2,2.3,37.1,13.1,12.0,158.4,21.1,120.2,46.7,31.7,45.7,6.7,43.4,56.8,44.8,79.7,103.3,113.6,123.3,61.3,81.4,10.5,46.8,9.3,140.6,53.3,282.7,115.6,85.3,22.2,54.2,74.4,4.0,66.2,33.1,196.7,400.5,1.1,55.8,263.8,159.1,74.1,5.6,33.1,14.0,73.4,49.4,8.6,38.0,18.8,14.8,79.0,7.6,7.6,187.7,64.3,30.9,24.8,69.4,258.6,14.9,62.6,62.5,290.4,24.1,74.5,335.7,103.5,26.1,223.3,131.7,108.9,72.5,9.7,8.9,36.4,17.9,163.7,119.5,,,,,
391.9,3.8,9.4,8.4,20.1,37.3,2.3,41.9,13.2,14.0,161.6,20.0,118.1,45.1,28.9,48.5,7.5,42.6,54.9,50.2,83.0,106.8,121.2,134.0,62.7,85.8,10.4,47.8,8.8,142.2,53.9,280.9,111.4,86.1,23.4,56.8,79.0,3.2,70.8,35.5,211.5,420.1,1.1,60.1,284.3,152.3,68.5,7.7,33.0,13.2,69.8,51.6,10.1,40.3,19.6,15.3,74.9,7.4,7.8,186.0,67.8,36.4,26.9,70.5,263.9,16.1,68.9,65.1,285.0,24.8,72.0,340.1,112.7,29.0,236.5,130.8,115.4,76.6,10.6,9.2,41.4,21.3,173.9,128.3,,,,,
382.9,3.7,8.8,8.4,16.7,37.0,4.1,39.7,13.7,14.7,160.7,21.4,124.2,43.8,30.7,53.3,6.4,46.0,54.3,55.2,88.6,106.9,115.1,126.4,61.4,87.8,9.5,52.7,8.7,133.7,57.8,276.9,115.7,81.4,23.2,52.2,78.6,3.1,71.8,36.2,208.9,419.1,1.1,60.5,282.0,148.1,71.6,8.3,33.6,14.0,69.8,48.4,10.8,44.5,17.1,13.3,75.0,7.4,8.3,202.0,66.3,34.3,24.3,65.1,277.1,15.6,67.1,64.4,296.2,27.9,71.3,310.9,101.5,26.4,243.5,136.1,118.7,78.5,10.6,8.1,37.5,19.7,173.4,129.6,,,,,
394.0,3.6,9.7,8.1,18.6,32.8,3.3,42.1,13.1,12.4,165.9,18.4,124.3,49.0,31.1,50.4,7.0,46.7,54.9,56.5,77.0,106.8,115.0,124.3,63.6,86.1,10.7,47.2,8.5,141.8,64.6,289.8,120.2,85.7,24.4,55.6,73.0,3.5,74.9,37.7,214.1,431.1,1.2,59.5,288.5,157.2,66.9,7.9,31.5,13.6,71.5,51.2,11.7,42.0,17.6,13.8,76.3,7.6,8.8,208.6,60.7,32.9,23.9,60.1,275.7,17.2,71.1,67.6,300.9,28.0,71.5,319.2,112.1,28.2,245.9,141.6,120.0,80.3,10.9,8.3,37.5,19.4,180.3,132.4,,,,,
372.8,3.8,8.6,8.7,20.7,32.2,1.5,37.4,11.6,12.8,154.2,19.0,130.2,49.0,28.4,52.6,6.0,45.0,52.1,52.3,75.2,101.1,118.1,119.1,67.4,84.2,9.6,43.7,9.7,138.4,61.8,298.1,125.6,83.6,23.6,46.5,77.0,3.5,72.3,36.4,212.6,417.7,1.2,59.9,291.7,171.8,73.3,6.1,35.1,14.9,74.4,49.5,11.2,44.0,17.4,13.7,79.0,7.7,8.4,202.1,65.1,39.9,22.1,63.0,270.6,16.4,68.3,64.7,284.9,30.4,77.9,338.7,114.2,29.0,225.7,155.2,110.4,76.2,10.8,8.3,38.5,20.3,174.5,127.9,,,,,
380.5,5.1,8.1,11.5,22.4,34.4,2.7,38.7,11.7,12.3,160.7,19.5,117.0,49.2,30.1,52.5,6.4,41.1,45.8,51.7,80.7,110.5,114.2,122.8,66.8,81.8,8.4,42.9,10.3,146.2,58.3,291.2,119.5,79.7,22.5,53.6,90.7,3.5,70.5,35.6,212.9,457.1,1.2,63.8,293.9,180.5,70.6,6.4,34.5,14.1,70.7,48.2,8.6,43.8,18.7,14.7,73.9,7.5,6.3,194.5,62.4,43.0,24.0,67.4,284.5,17.5,72.0,69.9,292.1,26.1,82.7,345.6,118.8,30.3,230.8,149.5,113.7,81.7,9.6,8.9,41.2,21.6,171.0,136.1,,,,,
380.0,5.9,8.0,13.1,14.7,39.0,3.3,38.2,13.0,11.8,163.0,21.0,113.9,44.6,29.5,51.9,5.8,41.3,47.5,56.4,75.2,106.4,126.7,129.2,62.0,76.8,11.7,46.1,10.1,150.3,60.1,300.1,119.1,82.3,22.4,55.3,87.6,3.6,68.2,34.2,209.8,445.2,1.2,63.6,292.7,171.8,65.8,6.6,32.6,14.4,68.2,50.7,7.3,43.3,19.7,15.5,71.3,7.3,5.9,196.1,65.4,43.6,22.1,64.9,297.2,17.7,73.2,70.2,297.9,24.1,81.9,322.8,111.2,28.9,240.6,156.5,117.4,78.9,9.4,9.4,42.4,22.0,169.6,135.9,,,,,
374.0,5.7,8.9,12.5,14.0,37.4,2.3,37.3,13.2,13.3,165.9,23.2,118.9,43.5,31.5,51.9,6.2,42.7,49.7,53.7,72.0,107.0,125.6,130.1,65.0,73.3,11.3,42.2,10.0,146.3,60.0,307.9,124.9,78.2,22.4,53.6,88.3,3.8,69.6,35.1,210.0,436.3,1.2,66.5,302.8,167.9,69.1,4.5,32.7,13.7,69.5,51.6,7.1,43.3,18.3,14.3,73.7,7.5,8.6,208.6,64.1,42.1,24.3,70.5,293.9,17.7,74.9,69.9,310.7,23.9,81.4,341.2,124.8,31.5,242.7,149.2,119.5,85.1,11.4,8.6,41.5,22.1,170.6,141.6,,,,,
360.0,5.0,8.5,11.2,17.2,39.2,1.7,33.1,12.3,12.2,166.7,26.6,124.9,48.0,31.7,53.9,6.2,43.0,43.1,48.4,78.9,109.3,115.4,124.4,67.8,72.8,11.2,35.7,10.7,133.0,52.2,307.6,123.8,85.5,22.7,52.8,87.4,3.7,68.0,34.0,215.2,431.3,1.3,67.1,302.4,170.0,65.7,5.7,32.5,12.7,69.5,44.6,7.8,45.1,17.9,14.1,73.8,7.5,6.9,215.1,72.7,45.8,23.4,71.4,295.0,18.0,74.8,72.4,312.0,28.4,85.9,350.4,117.3,30.1,242.2,152.2,119.3,85.6,10.1,8.5,41.3,22.1,168.8,147.2,,,,,
368.6,4.8,5.9,10.7,16.1,31.0,2.1,37.2,12.8,16.9,174.9,21.6,121.5,51.9,32.4,57.2,7.2,45.7,54.0,47.7,70.5,106.4,112.6,138.4,75.9,75.2,9.7,39.4,10.4,144.1,57.3,296.6,113.6,89.2,24.7,54.7,82.2,3.4,74.8,37.5,223.8,469.8,1.2,70.7,313.4,180.3,60.2,6.4,31.7,12.9,68.3,46.7,8.9,47.7,20.4,16.0,71.5,7.3,6.7,207.6,70.6,47.6,23.8,65.8,294.4,17.2,73.5,71.5,307.0,26.7,83.3,353.2,113.5,29.7,240.1,138.9,117.6,80.5,10.2,9.7,44.2,23.1,184.3,146.7,,,,,
383.5,6.2,8.0,13.6,17.3,31.6,3.3,39.8,9.6,14.1,172.6,18.3,117.0,40.2,32.5,52.6,5.9,46.1,56.7,57.6,76.5,115.8,118.4,128.7,72.1,83.5,10.6,40.7,10.0,151.8,59.1,303.2,121.0,87.2,24.6,60.1,82.0,3.6,75.3,37.8,225.9,457.4,1.2,74.2,319.5,181.7,65.5,7.4,31.3,15.0,69.4,47.6,10.2,43.9,21.5,16.9,72.7,7.4,6.5,216.8,63.7,53.9,25.4,70.6,305.0,17.6,74.8,72.6,301.6,29.8,81.5,329.8,108.2,28.2,236.3,151.5,115.9,80.8,9.7,10.2,43.2,21.7,183.8,149.9,,,,,
388.4,5.4,7.7,11.6,15.4,33.5,3.3,37.6,9.1,10.5,157.7,17.6,117.0,44.2,31.6,53.3,6.3,42.4,51.1,56.3,82.5,120.0,119.8,136.1,78.2,76.6,7.7,33.8,10.3,144.6,63.0,321.0,129.1,93.2,25.5,60.1,80.9,4.0,76.9,38.5,229.4,464.0,1.3,76.0,322.2,178.9,63.6,7.4,30.5,13.9,66.0,44.5,9.3,44.5,22.1,17.5,68.5,7.2,8.3,210.3,71.0,52.7,25.8,76.0,315.1,18.8,77.5,74.8,308.3,27.5,84.2,345.1,121.6,30.3,245.2,157.7,121.3,89.7,10.8,10.6,42.3,20.6,189.5,151.0,,,,,
380.4,4.1,9.2,9.0,24.0,33.2,3.8,38.8,8.8,10.7,151.1,18.3,125.1,47.7,37.7,55.7,5.1,47.7,53.7,53.2,82.3,120.9,124.5,132.7,79.0,73.8,8.4,31.8,10.8,139.7,60.4,333.9,133.6,96.0,24.9,57.5,81.5,4.2,73.4,36.6,223.9,463.6,1.4,75.6,322.9,171.8,60.5,5.2,34.4,13.6,68.5,46.1,9.1,46.5,20.3,15.9,71.4,7.5,8.1,202.7,74.7,52.6,26.6,80.4,318.8,19.3,77.7,76.7,288.1,23.9,87.2,338.5,124.2,31.0,248.4,160.7,122.9,91.0,10.7,9.6,41.2,20.8,183.3,152.3,,,,,
394.7,4.2,10.1,9.3,20.3,30.9,2.8,36.3,11.0,14.3,168.3,21.4,118.0,54.2,31.3,56.5,7.1,46.2,53.6,51.2,77.9,119.8,119.6,136.8,81.9,70.0,10.2,35.8,11.2,149.2,60.6,356.6,134.2,95.3,25.5,54.7,89.9,4.2,76.6,38.3,238.2,470.5,1.4,76.6,336.3,172.5,56.5,7.1,33.7,11.4,68.6,49.6,11.6,47.2,22.3,17.6,71.9,7.6,9.2,213.1,69.9,50.9,28.0,80.3,322.1,19.8,82.9,77.7,287.6,29.2,90.0,352.5,122.0,30.4,251.3,159.6,123.5,87.4,11.5,10.6,42.0,20.3,189.3,155.5,,,,,
383.0,6.8,9.1,15.2,18.5,30.4,2.3,39.3,13.0,15.0,172.0,26.7,121.3,56.2,29.9,55.4,7.1,49.5,47.3,53.9,86.0,113.1,123.0,130.0,77.1,73.6,11.6,37.4,11.0,160.6,56.0,371.7,130.6,98.4,26.6,56.7,93.6,3.9,80.3,40.2,234.4,488.9,1.4,76.2,329.9,175.5,59.8,6.7,37.6,12.8,71.5,49.7,9.9,46.3,20.7,16.3,75.1,7.8,10.0,223.4,73.5,53.4,29.5,85.3,326.3,19.6,82.1,75.5,281.9,26.0,88.8,324.7,115.0,30.0,253.7,166.9,125.9,95.2,12.6,9.8,44.2,22.9,195.7,140.3,,,,,
379.1,6.8,9.8,15.0,20.8,30.0,2.5,42.1,12.2,13.9,178.3,28.7,119.1,56.9,30.5,54.5,7.2,47.3,48.5,55.6,78.2,123.8,125.6,136.7,79.5,73.0,12.3,39.4,11.0,167.2,62.4,368.9,127.1,104.1,27.3,52.7,97.2,4.1,81.2,40.6,239.6,477.9,1.5,78.6,342.6,175.3,59.6,6.7,34.4,12.9,70.1,49.7,10.4,45.4,21.3,16.8,73.3,7.9,9.4,226.7,74.6,54.8,30.8,84.0,322.4,21.3,85.3,78.3,294.2,25.6,90.1,352.6,126.7,32.9,261.2,171.9,131.4,107.7,12.8,10.1,47.9,25.4,199.5,147.2,,,,,
361.5,4.5,8.9,9.6,22.0,28.8,3.4,43.9,14.1,14.6,173.6,25.7,128.4,55.3,31.5,56.6,7.5,45.6,49.8,50.2,77.1,122.1,129.2,131.3,80.3,66.9,10.4,35.5,11.7,176.9,56.5,371.3,129.8,106.7,27.3,59.3,95.2,4.6,79.9,39.8,246.5,479.4,1.5,77.2,342.4,185.5,59.2,6.3,43.9,12.6,71.2,48.3,11.5,47.3,23.0,18.2,73.8,7.9,9.5,222.2,71.7,55.0,37.5,88.2,336.6,21.1,83.8,80.5,288.6,23.9,94.1,352.6,135.7,34.6,247.8,152.6,125.7,107.8,12.6,11.0,48.1,24.6,198.7,146.5,,,,,
383.8,4.1,9.2,8.9,24.3,32.9,3.2,40.9,12.8,16.7,165.6,27.0,115.7,59.7,27.7,53.9,7.1,45.2,59.9,52.8,81.1,123.2,128.2,135.0,82.1,62.1,11.2,34.6,11.7,172.2,63.2,376.4,135.4,105.8,28.0,59.4,97.7,4.9,83.5,41.7,250.6,498.2,1.5,81.6,357.3,181.6,49.9,8.4,42.9,11.7,72.0,48.4,16.4,45.1,22.7,18.0,74.6,8.0,9.2,218.2,75.7,55.8,41.2,87.2,350.1,21.9,86.0,84.8,297.1,26.3,94.8,360.9,136.2,35.7,244.0,158.3,124.1,108.2,13.1,10.9,52.1,27.8,206.3,158.4,,,,,
380.9,4.3,8.5,9.5,19.1,32.8,4.3,40.8,10.7,16.1,166.7,26.7,114.8,60.7,27.1,50.9,6.7,45.3,59.0,51.1,74.6,122.1,122.6,133.7,81.1,57.9,11.4,37.5,11.5,174.0,66.4,379.6,132.5,101.2,27.1,59.5,98.6,4.8,81.2,40.6,251.4,497.1,1.5,83.9,362.2,176.2,48.9,8.5,45.3,11.4,69.6,45.5,17.0,42.4,20.8,16.4,72.3,7.7,8.3,231.3,78.7,51.6,42.7,88.7,360.9,20.8,81.8,82.6,311.4,25.3,92.8,353.2,127.0,33.4,255.4,154.9,126.6,94.6,12.0,9.9,47.9,25.6,200.2,152.2,,,,,
396.4,5.0,7.3,12.2,22.2,30.7,4.5,40.7,8.9,14.4,172.4,22.9,116.5,56.6,29.3,54.7,9.6,47.4,50.6,56.0,72.8,116.8,119.9,123.2,85.2,62.5,8.3,36.4,12.1,144.3,62.6,370.0,141.7,107.7,28.3,61.2,90.8,4.1,83.2,41.5,256.0,504.2,1.5,86.9,369.2,185.1,48.9,5.8,37.5,10.8,72.5,43.8,14.2,45.8,20.8,16.5,75.4,8.1,9.8,233.7,87.9,58.2,44.6,84.9,339.6,21.5,86.6,83.0,333.0,25.2,97.6,380.7,143.0,35.8,255.1,164.2,128.4,105.9,12.9,10.0,46.6,24.6,204.8,156.5,,,,,
380.0,4.3,7.9,9.8,22.0,28.2,4.5,39.2,10.0,13.4,178.4,19.0,108.2,48.6,26.6,57.0,9.5,42.9,56.3,52.2,74.6,120.3,121.6,130.3,79.3,62.3,5.2,36.5,12.8,152.4,54.8,380.2,138.8,98.8,27.2,66.5,96.3,4.0,82.0,41.1,242.4,479.1,1.6,83.8,351.4,193.4,48.7,6.6,40.0,10.9,73.9,42.6,17.0,47.7,22.0,17.3,76.7,8.3,8.4,223.2,86.4,61.9,39.0,79.2,342.0,23.0,90.4,85.5,328.4,23.2,103.0,375.5,136.0,33.6,264.6,165.9,132.3,104.2,11.2,10.5,43.6,21.8,201.0,146.8,,,,,
408.2,4.7,8.7,10.1,22.0,26.9,4.9,39.6,7.8,15.9,163.3,23.7,110.1,43.6,31.7,56.4,8.0,42.7,46.6,52.5,77.7,122.5,125.6,129.5,79.6,65.2,5.4,33.9,11.6,153.1,53.3,381.2,131.9,95.9,27.2,64.9,102.7,3.8,83.7,42.1,248.8,488.1,1.6,86.3,361.2,183.3,50.3,6.2,38.4,12.3,74.2,42.2,17.9,47.1,20.6,16.2,77.3,8.4,8.5,208.9,85.2,58.6,40.3,76.8,347.6,23.3,88.5,85.9,325.8,24.8,95.8,366.0,136.7,34.3,259.2,170.7,131.3,112.4,11.7,9.8,45.2,23.7,202.5,153.7,,,,,
378.2,5.5,7.2,11.9,24.2,28.1,5.8,40.5,7.4,19.7,158.6,23.1,100.0,45.9,32.3,59.8,9.9,39.0,45.0,51.2,82.5,125.7,114.0,124.4,69.2,64.4,6.5,32.0,11.3,160.0,55.4,357.3,133.0,101.3,27.9,72.1,99.7,3.6,84.4,42.3,250.4,464.3,1.6,85.4,363.7,179.8,55.3,8.4,40.5,12.4,71.5,44.9,14.6,50.0,21.0,16.6,74.2,8.2,9.0,215.5,75.4,51.2,42.2,75.2,353.0,23.4,88.8,87.1,322.3,26.2,94.0,354.9,128.5,33.1,259.4,166.9,129.4,101.0,12.2,10.0,46.6,24.5,203.3,151.6,,,,,
379.9,4.9,8.5,10.8,19.3,29.7,5.7,32.3,8.0,12.7,160.6,20.6,102.6,46.2,26.7,55.9,9.0,39.3,50.3,54.0,75.6,111.0,109.3,123.8,63.9,63.3,6.2,32.1,11.5,155.0,58.6,330.9,129.0,97.5,27.7,68.7,96.9,3.8,85.1,42.8,247.0,463.8,1.7,89.7,375.1,187.8,57.2,8.0,36.9,12.3,70.1,43.0,15.1,46.8,20.3,16.0,71.6,8.1,7.7,224.4,77.2,51.3,35.2,72.4,359.6,24.6,91.5,89.2,322.4,20.0,96.0,365.0,143.1,36.7,277.5,164.8,138.0,105.1,11.9,9.7,49.6,27.2,204.3,158.3,,,,,
349.2,4.0,8.1,8.7,17.6,32.6,5.2,35.7,8.0,10.2,167.5,18.8,104.6,47.7,26.1,52.8,6.8,39.2,57.4,56.0,64.2,103.9,99.1,120.9,74.5,62.6,7.2,32.7,12.6,129.7,52.2,327.6,131.3,97.4,26.7,61.9,96.7,3.6,81.3,40.8,254.4,447.8,1.6,89.4,374.8,185.4,54.4,7.7,39.0,10.7,68.4,41.5,14.5,44.2,21.2,16.8,70.4,7.9,8.3,224.4,73.3,51.4,35.9,76.9,368.8,23.5,91.7,86.0,324.7,20.9,102.3,368.2,148.0,37.9,275.1,170.3,137.6,108.8,12.5,10.1,51.1,27.8,197.5,153.4,,,,,
363.7,4.4,8.2,9.8,17.3,26.9,2.1,32.3,10.3,10.8,162.8,22.2,110.6,48.8,24.7,47.5,7.6,39.7,54.0,53.9,64.4,111.3,101.1,128.3,81.1,60.1,9.1,33.2,12.2,130.5,52.7,343.3,126.7,98.6,25.7,62.3,97.3,3.8,76.5,38.2,250.0,462.4,1.6,90.4,382.7,184.3,53.9,5.5,32.1,11.7,68.1,43.5,15.0,39.6,23.2,18.4,70.6,8.0,8.5,221.2,69.8,47.4,37.6,75.6,359.1,23.8,94.1,86.6,310.6,20.3,99.7,349.5,146.2,37.7,266.8,172.3,136.1,120.7,12.9,11.1,53.9,28.9,190.5,158.0,,,,,
351.7,4.3,8.1,9.5,14.0,24.3,4.4,36.2,10.9,12.6,179.4,22.3,103.2,48.3,27.6,52.2,5.8,39.6,49.6,49.2,69.7,112.7,96.9,110.8,73.4,64.9,7.7,36.7,12.0,134.0,49.1,335.1,133.8,98.0,26.4,57.7,86.7,4.1,79.4,39.8,253.5,468.1,1.7,90.3,379.7,183.2,46.9,3.7,33.5,10.2,71.2,43.2,15.3,43.8,22.6,18.0,73.9,8.3,7.5,206.3,71.5,47.4,36.2,77.9,366.8,24.4,97.3,88.1,320.1,23.7,99.0,348.5,140.3,36.3,253.0,179.1,130.7,123.7,11.9,10.9,52.4,28.0,194.1,172.1,,,,,
342.4,3.7,8.4,8.5,15.8,23.1,5.6,32.7,9.0,16.2,177.6,24.6,99.7,50.4,25.3,52.0,9.1,39.7,50.2,50.1,77.7,104.6,99.9,106.6,77.2,66.4,9.1,36.4,11.7,130.7,45.8,338.3,131.5,98.0,26.7,59.3,91.1,4.4,80.4,40.3,255.0,478.6,1.7,90.8,385.9,183.1,42.5,4.2,36.7,9.9,64.7,45.0,15.3,43.6,22.6,18.0,66.2,7.7,8.0,204.7,72.7,54.2,29.7,77.2,375.7,24.4,95.8,90.4,317.5,24.4,97.0,368.2,156.5,38.7,249.3,177.9,128.2,118.8,11.8,10.9,49.6,25.9,196.0,175.8,,,,,
337.7,3.9,7.2,9.0,19.2,25.6,6.6,34.2,8.6,12.3,174.0,22.4,96.0,44.3,28.1,55.2,9.2,39.5,48.0,53.2,73.4,104.3,102.7,117.6,68.0,62.5,8.5,33.7,12.5,136.4,47.8,339.3,129.2,99.6,27.0,59.6,96.1,4.1,81.3,40.7,249.5,457.4,1.7,87.8,377.5,184.7,42.4,5.5,36.1,10.0,61.1,37.2,13.9,46.2,23.8,18.9,61.7,7.4,7.4,207.4,75.3,52.3,29.3,83.9,373.1,25.0,96.4,93.2,309.9,22.1,102.2,371.3,159.0,38.8,262.2,180.8,133.4,117.1,11.2,11.4,49.1,24.8,197.6,177.0,,,,,
352.5,5.3,7.9,11.5,17.3,23.2,5.7,31.4,10.9,11.9,181.8,25.1,99.3,49.4,24.1,57.9,7.8,42.9,54.8,55.2,67.5,108.7,94.5,124.0,73.4,57.0,7.1,28.8,12.2,138.6,51.6,337.3,112.1,102.1,26.8,60.5,86.6,3.8,78.7,39.2,254.7,468.9,1.7,85.4,376.0,162.7,43.9,6.4,34.9,10.8,61.4,41.8,18.6,48.5,23.3,18.5,62.8,7.6,7.2,203.4,62.9,53.3,30.2,89.3,361.0,25.6,96.4,92.6,336.3,18.5,101.5,362.4,155.6,37.4,265.2,172.7,134.9,117.5,10.5,11.2,45.7,22.6,195.4,163.4,,,,,
354.6,5.6,7.9,12.1,17.3,23.0,5.2,30.7,8.9,13.7,169.8,23.2,91.7,57.2,25.3,55.5,9.2,45.6,55.2,49.5,66.4,99.2,87.9,118.0,77.5,60.0,7.1,30.6,12.5,142.5,51.8,340.9,117.2,98.9,27.4,67.7,85.3,3.7,82.9,41.6,257.7,470.6,1.7,88.4,378.0,181.0,46.1,5.8,36.3,9.6,59.0,39.7,16.2,46.6,21.8,17.3,59.1,7.2,8.3,199.2,64.0,50.7,30.4,88.5,329.7,24.9,93.0,91.0,347.7,23.4,103.0,356.8,142.1,35.2,257.6,167.3,130.2,110.0,11.4,10.5,45.8,23.4,200.7,162.6,,,,,
330.1,4.4,8.5,9.8,15.3,28.5,5.7,30.5,9.3,13.5,171.2,21.7,102.6,55.5,23.1,57.9,7.5,44.0,56.1,50.1,66.5,98.8,89.3,112.2,74.7,58.4,7.3,30.8,12.4,143.0,55.6,347.2,126.4,104.4,28.2,64.9,94.1,3.2,84.5,42.3,252.2,487.8,1.7,89.0,382.0,178.7,47.5,4.3,34.2,9.2,60.8,41.3,14.8,48.6,21.9,17.4,61.4,7.4,8.0,200.6,64.3,48.5,29.4,92.3,330.8,25.0,94.0,91.5,329.6,28.8,102.5,373.7,160.7,40.0,249.1,180.2,128.5,121.5,12.2,10.5,51.3,27.6,205.1,164.5,,,,,
348.8,4.0,8.0,9.0,20.5,29.4,3.2,29.8,12.2,13.5,167.2,20.1,102.1,51.8,22.7,50.8,6.4,45.1,55.4,52.9,70.7,104.5,89.1,109.0,68.9,54.5,7.9,32.1,12.7,142.9,55.0,356.2,125.7,102.3,27.1,68.0,97.4,4.0,80.1,40.0,240.2,465.8,1.7,88.8,368.5,171.3,47.8,3.7,35.8,9.1,60.1,39.8,16.6,42.6,21.5,17.1,60.7,7.4,7.1,186.7,63.5,53.7,28.9,87.5,348.5,25.0,94.1,90.2,353.5,23.5,104.5,380.6,157.2,39.3,256.4,177.9,132.6,126.0,11.5,10.3,50.5,27.2,198.1,155.3,,,,,
362.3,4.3,6.9,9.5,21.0,30.5,3.8,27.4,12.1,17.0,166.9,20.7,114.7,54.6,24.5,53.7,7.6,45.1,52.0,49.5,72.8,113.2,87.5,111.2,76.6,53.1,7.6,32.4,13.0,137.3,59.1,357.9,122.1,101.3,27.2,69.2,103.0,4.1,81.6,40.9,250.7,486.5,1.8,90.5,385.3,176.2,42.6,5.7,30.7,10.7,67.5,42.1,21.8,45.1,21.6,17.1,69.2,8.1,6.5,201.2,69.9,53.3,28.2,83.7,354.4,25.7,95.5,92.3,331.5,18.9,106.3,369.7,164.1,41.2,259.7,181.3,133.9,125.8,11.5,10.4,53.5,29.4,199.5,168.4,,,,,
342.2,4.4,9.3,9.8,19.6,28.4,5.4,27.3,10.2,14.2,164.6,21.2,106.9,53.9,24.4,56.7,7.4,44.9,51.1,47.3,69.5,115.6,97.9,112.2,77.3,52.7,8.9,29.0,13.5,144.0,55.4,361.3,123.1,103.2,27.6,62.7,96.0,3.9,82.5,41.3,263.5,471.4,1.8,93.0,396.0,184.9,41.0,5.4,32.5,10.1,68.2,46.0,17.1,47.6,21.2,16.8,69.7,8.2,8.7,194.6,69.3,58.5,28.2,92.2,375.1,26.6,101.7,94.1,334.6,19.9,110.0,342.0,155.9,39.7,253.9,184.5,132.3,130.9,13.2,10.2,53.4,29.6,199.9,158.2,,,,,
346.8,4.2,8.4,10.4,16.4,23.6,4.3,29.2,12.3,17.4,163.1,20.0,110.0,50.1,26.1,55.5,7.6,46.2,49.0,51.0,67.3,120.4,98.1,125.5,77.7,55.8,8.3,26.5,13.9,143.9,51.5,361.1,132.2,109.9,28.0,63.3,104.9,4.2,81.9,40.8,272.6,489.2,1.9,89.1,398.9,185.6,41.8,6.1,33.6,10.1,63.5,43.3,15.7,46.4,25.2,20.0,63.9,7.9,10.6,197.4,70.4,54.5,30.4,86.4,377.0,28.2,107.2,97.2,326.5,20.7,113.6,363.1,167.3,41.5,252.2,186.2,133.5,141.8,14.3,12.1,54.9,28.6,202.0,157.9,,,,,
343.7,2.9,8.6,9.8,19.6,22.3,2.6,31.1,12.9,15.5,182.2,16.6,105.3,46.8,25.1,54.4,7.7,45.5,50.2,50.1,68.2,122.2,91.8,131.1,75.4,55.7,8.2,28.5,12.4,143.1,50.6,375.4,126.4,96.3,26.7,54.5,95.9,4.1,74.1,43.7,254.1,492.6,2.2,81.4,427.9,175.7,43.8,7.1,36.8,14.4,56.7,40.8,19.3,48.1,14.3,25.6,74.9,9.6,10.5,190.1,59.9,63.1,28.7,86.8,404.6,35.2,114.6,103.8,315.0,20.5,109.1,364.7,163.8,42.3,242.7,181.5,125.1,142.0,14.9,19.5,51.8,25.4,216.3,166.5,,,,,
341.1,5.3,9.5,9.8,20.3,21.5,3.4,31.9,11.9,13.2,184.5,17.6,106.7,48.8,27.2,55.8,9.1,47.6,56.9,45.7,70.1,116.8,85.2,116.5,80.7,51.7,8.3,27.7,12.9,161.2,52.9,371.9,112.1,98.0,28.3,55.8,102.9,3.4,79.9,42.1,253.3,528.0,2.2,95.1,432.6,172.6,44.8,7.9,44.7,17.5,69.4,39.2,18.6,47.4,16.3,27.3,81.9,10.6,10.8,195.0,57.4,59.6,26.2,88.2,397.2,39.4,118.9,110.8,324.3,19.2,112.5,368.4,154.8,48.5,248.0,189.1,126.4,143.0,17.5,16.2,61.9,25.2,208.1,180.2,,,,,
347.4,4.9,9.1,13.3,18.7,22.7,3.6,32.6,12.0,12.6,185.0,16.7,99.4,52.5,29.9,64.0,8.5,47.9,53.8,52.7,64.8,106.6,87.9,124.8,83.3,47.8,6.6,28.8,12.5,161.2,52.9,380.4,119.2,101.8,28.2,58.6,104.7,3.4,78.7,42.0,260.1,509.9,2.5,93.6,440.6,184.7,42.6,7.7,43.8,15.8,66.5,41.7,19.5,41.9,16.6,24.5,83.9,10.8,11.0,199.9,55.0,53.4,34.1,85.1,402.2,39.9,130.4,119.1,328.8,19.9,113.4,357.4,148.7,40.4,252.4,187.2,126.0,144.2,17.9,19.5,63.4,22.1,211.8,177.0,,,,,
334.9,3.7,8.7,11.1,16.4,26.7,5.0,31.4,11.5,12.0,174.3,18.1,100.7,49.1,31.2,62.9,6.4,48.0,46.6,61.0,69.1,113.2,88.1,118.6,76.1,47.6,7.5,28.6,11.2,169.8,49.8,382.2,126.9,100.8,30.8,64.9,106.0,4.1,73.2,42.5,281.9,492.5,2.4,94.2,454.5,176.5,42.7,6.2,45.2,13.4,68.7,44.2,17.9,41.1,18.6,23.9,81.8,11.3,11.3,207.6,55.9,57.2,35.6,90.1,430.6,45.8,129.8,114.4,339.5,19.3,105.0,375.7,170.8,44.8,253.1,207.0,126.5,148.0,19.2,19.6,58.0,24.3,213.8,174.0,,,,,
342.6,6.5,7.5,8.5,18.0,24.0,4.0,30.7,10.8,13.4,189.5,19.7,102.1,48.5,28.9,61.5,5.2,45.5,48.7,54.3,63.0,120.9,92.6,121.6,71.3,49.3,7.6,27.7,11.8,165.5,45.8,381.2,123.7,100.0,26.9,64.6,101.4,4.6,75.0,44.1,265.8,493.1,2.5,89.6,447.0,183.6,39.7,7.3,40.7,13.5,63.5,40.8,15.2,39.4,16.5,21.6,80.0,11.1,10.4,202.8,55.6,60.1,31.6,86.2,435.2,45.1,131.9,115.8,342.8,23.0,109.8,401.2,165.8,44.5,255.5,206.1,128.1,156.1,19.7,20.8,62.6,22.1,218.7,174.0,,,,,
364.9,10.5,6.1,7.5,20.2,23.2,3.3,29.4,9.7,14.0,184.2,20.5,98.8,46.1,27.4,55.9,8.3,49.0,49.7,52.5,69.6,114.5,88.7,123.1,78.5,46.3,8.9,27.9,12.3,176.9,50.1,377.7,121.0,106.7,26.1,66.8,102.0,4.3,73.2,46.1,278.9,520.0,2.5,97.4,443.9,190.8,37.0,7.9,44.4,14.7,65.0,39.1,17.8,47.1,19.0,23.9,84.2,11.3,10.0,184.6,61.8,65.0,34.9,77.7,446.1,44.5,129.0,119.5,353.3,20.1,112.2,390.4,174.3,42.3,255.8,201.8,127.9,155.9,17.8,21.7,58.8,25.6,225.1,196.1,,,,,
360.2,11.2,8.6,11.0,16.3,25.5,4.0,32.3,11.9,12.0,182.0,23.3,101.8,42.5,27.8,56.6,7.7,45.1,44.9,47.9,70.0,115.5,91.7,124.9,78.9,49.4,5.6,26.0,11.8,166.9,50.9,384.4,119.4,104.5,26.6,61.8,85.2,4.3,79.2,46.3,280.4,529.4,2.4,90.9,430.6,196.8,39.7,7.4,47.5,13.3,71.4,38.7,17.6,50.5,20.1,21.1,96.8,12.9,6.7,189.5,60.6,65.3,30.5,76.1,441.7,50.3,125.4,117.4,352.7,24.4,108.3,363.5,166.7,44.9,258.7,200.8,129.8,151.2,16.1,22.5,56.2,25.7,224.6,192.5,,,,,
354.7,7.8,11.0,11.6,17.8,22.1,3.5,34.7,12.8,12.6,175.3,24.9,96.2,45.4,25.5,56.9,9.1,43.2,44.4,45.9,66.4,117.4,99.9,128.1,76.6,44.2,8.1,21.2,12.4,157.4,51.6,385.0,119.0,102.9,29.0,70.6,91.9,4.2,79.2,45.9,289.7,526.2,2.3,92.7,443.3,193.6,43.1,7.1,46.5,16.0,69.0,37.6,17.9,46.6,17.5,21.3,94.3,13.2,8.2,190.9,61.5,70.0,30.1,79.7,454.7,54.2,122.7,115.0,334.0,19.6,110.8,364.0,197.5,48.3,263.4,204.7,132.6,158.4,14.0,22.1,49.6,28.6,226.7,190.3,,,,,
355.4,3.5,8.9,9.2,22.1,20.5,2.6,37.0,12.5,16.0,172.5,21.3,104.9,45.6,26.1,62.9,7.4,45.9,47.8,54.8,68.9,105.7,104.9,129.3,68.7,38.5,7.7,21.7,12.8,158.1,51.0,391.2,117.2,97.6,30.5,67.5,95.5,3.6,77.8,45.9,272.6,516.2,2.3,98.5,439.0,184.7,40.5,10.1,48.2,17.0,69.1,36.8,21.0,48.2,16.2,20.9,92.1,12.8,8.2,184.9,60.9,67.1,30.2,89.1,459.3,52.3,122.1,113.3,338.3,20.9,113.6,361.8,195.0,47.8,256.4,201.9,130.3,164.7,14.1,21.4,60.6,30.7,229.2,173.4,,,,,
353.8,2.8,7.5,8.2,22.9,19.1,2.4,38.4,11.1,16.3,170.8,19.0,103.0,45.2,24.8,61.2,10.2,49.0,51.5,49.6,76.4,118.9,103.8,125.6,74.1,39.2,8.2,18.6,11.9,148.8,45.2,385.4,118.0,90.6,26.9,57.4,108.2,3.5,74.7,45.2,288.0,532.1,2.5,110.6,438.4,180.5,40.7,8.5,50.1,17.8,69.9,36.6,21.3,49.6,16.7,22.3,96.7,12.7,8.7,187.8,58.0,71.6,26.2,97.4,460.4,48.8,130.5,118.8,338.0,20.7,110.3,381.8,182.8,42.8,265.5,207.1,133.9,162.1,13.7,20.3,54.4,28.3,219.1,182.2,,,,,
370.4,4.5,8.3,9.5,21.1,20.6,3.7,30.8,9.8,17.0,173.6,17.8,108.6,44.5,26.3,64.5,7.6,51.1,51.5,42.9,68.7,118.3,108.0,124.5,74.7,34.3,7.9,21.3,12.6,148.7,44.9,384.4,111.2,98.1,28.7,69.0,103.6,2.9,75.0,43.4,293.1,510.5,2.4,109.9,450.6,192.2,41.6,9.8,43.4,16.8,67.3,41.2,22.1,46.9,19.2,25.2,88.6,12.4,10.9,187.4,57.5,76.9,32.3,90.5,464.5,51.2,129.4,115.4,343.3,19.5,113.1,367.6,156.9,42.4,260.3,206.4,131.0,151.8,14.1,23.6,63.0,25.5,216.0,182.9,,,,,
359.7,4.4,7.3,10.2,20.2,22.9,4.5,31.2,8.8,13.1,186.3,15.8,103.5,41.2,26.1,67.3,9.3,48.0,51.0,43.0,62.7,120.7,96.8,125.6,77.1,39.5,7.0,21.8,14.0,150.8,53.0,369.7,110.4,109.4,25.5,62.9,103.6,3.2,68.4,42.2,281.9,519.7,2.5,110.0,458.2,188.2,40.7,7.5,49.3,14.2,70.4,41.7,17.1,51.1,20.6,21.6,88.2,13.2,10.5,187.6,50.3,80.6,40.3,83.5,463.0,58.9,132.4,120.9,325.1,21.7,122.8,377.9,176.3,49.2,262.9,209.9,131.6,155.0,12.8,23.7,60.3,31.1,219.3,187.8,,,,,
347.6,3.2,9.1,8.8,24.8,23.1,3.5,27.8,10.5,14.6,180.9,20.4,103.1,42.1,28.1,70.1,9.0,46.1,46.0,44.1,61.0,114.7,98.4,141.5,81.1,37.7,6.4,22.0,14.1,150.6,57.0,357.0,103.3,98.1,28.0,60.7,97.9,3.6,78.2,38.6,281.7,490.6,2.7,99.8,450.9,194.2,38.2,7.4,46.7,14.4,74.1,38.7,15.9,52.2,18.8,22.3,75.5,13.0,10.3,186.5,54.4,72.1,38.9,84.2,480.6,65.3,137.0,125.7,309.7,19.7,125.8,382.9,171.2,44.3,267.8,208.0,134.2,160.2,12.5,25.0,57.7,32.3,208.1,186.0,,,,,
376.5,4.9,9.5,11.9,24.8,25.3,4.7,29.2,6.9,14.3,174.4,23.1,98.4,47.5,28.8,71.2,5.1,48.2,45.0,44.4,60.5,124.6,97.6,140.2,78.5,37.7,4.4,22.8,13.7,159.0,63.2,371.9,113.6,112.0,24.3,64.3,89.1,4.2,80.2,42.8,290.6,540.1,2.6,103.4,462.1,195.5,33.7,9.3,44.9,14.0,76.0,36.1,18.9,49.5,17.5,23.8,71.2,12.0,9.2,179.9,54.8,73.0,39.2,83.3,486.5,58.8,135.2,126.3,319.4,21.0,121.9,379.8,174.8,49.8,267.2,218.3,135.5,170.8,14.1,26.4,63.8,36.5,221.1,194.7,,,,,
371.0,4.3,9.6,10.2,24.2,24.3,4.9,27.8,7.1,14.6,180.7,22.9,88.1,40.8,23.5,63.0,5.4,44.9,49.4,48.8,67.0,122.1,93.5,128.8,85.3,36.4,4.2,20.7,13.0,140.9,58.7,403.1,120.3,109.9,28.2,64.0,91.9,4.2,82.4,45.6,294.8,524.3,2.8,99.2,452.9,206.1,33.4,7.5,44.0,11.9,73.1,38.4,19.4,43.6,20.8,25.7,73.1,13.1,8.1,179.2,52.5,75.2,39.1,92.4,486.6,67.4,144.8,131.4,311.1,19.6,119.7,371.6,150.7,49.1,262.5,220.0,134.3,173.9,14.6,21.6,59.6,34.5,231.3,192.0,,,,,
363.4,4.3,12.6,7.8,24.8,21.5,4.3,34.0,9.3,16.7,184.4,22.8,84.9,40.2,26.4,58.0,5.8,44.0,44.7,45.4,64.8,116.3,93.0,119.9,82.2,37.2,6.2,22.4,13.8,155.7,59.7,396.4,125.5,115.0,27.5,61.8,99.6,4.0,82.5,43.7,294.9,511.7,2.9,107.4,471.5,203.8,30.5,5.4,48.1,11.0,73.4,35.2,22.5,50.2,21.3,24.3,70.2,13.5,10.4,192.2,49.9,77.9,39.0,95.3,466.9,73.4,149.0,134.4,299.0,19.2,126.3,402.4,167.8,51.6,261.3,219.5,136.6,187.6,14.4,20.0,59.5,33.3,224.8,189.2,,,,,
354.8,4.9,10.9,9.7,29.0,19.5,5.9,34.4,12.1,14.6,179.6,22.6,91.8,42.3,27.6,58.4,6.6,48.1,44.2,53.3,65.3,121.9,88.2,109.0,91.7,37.7,5.9,25.6,14.3,166.9,52.3,397.8,121.7,105.2,28.4,59.3,97.7,4.7,79.6,42.6,304.4,515.6,3.0,96.3,470.8,190.6,30.0,7.9,46.4,12.2,78.0,36.5,19.6,41.9,23.3,22.1,70.3,14.4,11.5,191.1,57.6,69.1,38.7,91.4,474.1,80.8,150.5,139.3,297.9,21.6,129.7,404.1,162.5,50.4,258.5,206.4,136.4,192.7,14.5,21.6,57.7,28.8,213.6,184.7,,,,,
353.5,2.6,10.4,11.0,25.4,17.0,8.6,34.1,11.3,15.0,178.5,24.1,92.3,41.3,27.5,60.3,6.2,48.5,50.6,48.0,54.5,110.6,90.9,107.4,88.4,37.7,4.7,22.2,13.9,166.5,50.9,409.8,112.1,105.2,23.5,62.2,100.7,4.2,77.2,41.4,311.8,543.2,3.1,97.7,482.4,204.2,33.3,7.7,42.9,12.9,79.3,41.6,20.7,43.3,20.5,20.8,72.2,14.6,12.7,195.8,55.2,77.5,39.3,82.5,472.4,81.6,157.5,145.5,306.1,24.7,129.1,400.1,170.9,50.9,270.5,201.3,141.1,190.3,16.3,23.7,69.5,28.9,212.2,195.6,,,,,
370.0,2.6,9.9,10.3,26.9,16.3,6.7,31.9,9.7,13.0,171.7,19.8,90.6,45.4,27.9,61.5,6.4,46.1,51.4,42.9,60.6,113.7,93.3,105.4,82.0,35.1,5.1,18.6,13.8,165.9,54.2,393.0,106.4,112.9,25.1,69.7,95.7,4.0,79.8,43.8,305.2,552.5,3.1,101.2,478.0,220.1,34.8,8.9,50.2,13.8,67.8,48.1,19.5,42.8,19.5,24.5,74.4,14.0,9.1,184.0,52.8,81.6,38.7,84.4,480.1,74.6,153.5,141.2,321.1,21.6,129.1,385.5,164.2,47.9,277.8,212.3,143.8,189.2,14.5,28.5,64.2,26.1,225.9,186.6,,,,,
371.9,6.3,10.2,10.3,27.9,17.1,4.6,32.7,9.6,14.0,165.5,18.5,90.9,41.6,28.0,64.0,6.3,48.5,46.5,47.0,57.1,114.8,92.4,116.0,78.2,39.4,5.6,22.1,13.9,170.5,55.2,409.3,104.7,115.4,23.0,72.6,98.6,4.6,79.2,44.2,305.7,542.8,3.0,111.6,475.5,207.1,30.3,8.2,44.2,13.0,70.5,45.2,22.4,39.6,21.8,23.7,81.2,14.2,8.5,170.3,47.0,80.9,39.3,97.0,485.5,72.4,157.8,138.7,328.0,23.0,129.6,409.1,179.2,51.9,263.8,207.5,137.8,188.8,15.3,30.9,63.5,29.2,230.9,181.3,,,,,
380.3,4.7,5.9,10.1,27.0,18.4,4.0,32.2,8.6,14.2,176.0,20.4,75.6,42.9,27.2,64.8,6.2,53.4,46.2,47.3,60.2,111.8,83.9,117.5,76.2,38.1,5.7,23.0,15.4,176.3,67.0,419.5,107.1,120.2,28.1,76.9,97.1,4.3,85.7,43.2,293.4,547.0,3.2,95.8,467.2,204.3,27.8,8.2,44.9,11.2,73.2,45.6,24.8,41.8,21.5,26.7,73.0,14.0,7.3,166.6,55.1,82.2,37.4,99.8,482.4,75.6,163.3,146.0,312.1,22.8,139.6,416.1,170.0,57.6,255.5,210.6,131.7,178.6,12.9,22.1,65.6,29.0,229.4,186.7,,,,,
377.3,7.0,4.7,8.0,32.1,20.6,4.1,30.4,7.2,17.7,176.6,17.0,87.9,41.1,27.0,57.9,7.0,51.6,45.2,52.0,54.6,121.8,86.9,115.0,87.7,34.6,8.6,21.4,15.2,184.4,62.6,443.4,117.3,107.5,30.9,72.7,97.3,4.1,84.3,42.1,292.7,568.7,3.2,109.6,493.2,202.5,25.9,5.8,44.9,10.8,75.8,36.2,30.7,43.9,20.9,29.0,85.4,15.7,10.2,170.2,58.4,89.1,33.9,92.7,496.8,82.9,155.5,146.4,314.3,20.3,138.5,412.5,166.1,57.8,267.3,224.2,137.4,180.9,15.6,22.9,63.8,31.4,222.9,190.6,,,,,
384.9,5.2,7.9,11.2,27.9,18.9,5.1,31.4,10.5,16.4,172.7,23.5,85.2,48.1,23.8,59.1,10.5,47.5,56.5,46.2,81.3,103.7,93.1,119.7,81.6,35.9,5.6,16.4,15.2,189.5,56.7,433.1,115.0,82.8,30.1,73.3,91.2,4.0,85.8,43.2,299.0,570.8,3.3,104.9,488.1,191.6,29.5,10.6,51.0,8.4,74.9,36.0,34.3,43.5,19.1,29.2,99.5,19.6,11.5,188.8,63.6,86.2,44.9,90.6,459.5,107.7,156.9,151.0,311.1,22.9,139.0,379.2,153.6,56.6,272.6,229.8,138.0,177.4,15.3,29.5,65.5,30.8,217.0,191.7,,,,,
378.0,6.0,7.2,13.0,23.9,17.1,4.5,26.9,11.6,16.4,172.4,24.2,92.6,58.9,26.7,68.4,9.5,46.2,55.8,47.9,81.1,109.3,102.2,126.1,79.7,40.5,6.2,20.6,15.1,181.8,58.5,451.7,101.9,76.3,27.1,63.7,88.1,4.4,89.2,42.2,300.2,536.9,3.4,113.4,500.6,213.4,30.1,11.0,49.9,8.3,75.9,33.6,34.7,50.4,19.5,22.6,97.8,20.2,11.1,180.4,63.8,85.6,45.6,98.0,465.2,114.1,164.0,154.9,314.0,20.8,140.9,388.2,182.6,63.8,290.6,229.4,146.4,174.8,12.8,26.4,70.6,26.4,215.7,183.8,,,,,
371.7,4.1,10.6,14.8,30.7,15.5,6.0,29.8,11.8,14.8,168.6,19.3,85.2,51.2,28.8,67.4,10.0,51.5,42.5,43.0,75.6,108.7,101.9,122.5,74.4,36.5,3.0,25.2,15.5,181.2,57.8,455.8,107.5,79.9,27.8,60.4,90.5,3.4,82.9,40.4,294.3,550.4,3.8,112.9,505.7,205.1,30.8,9.2,56.6,8.1,81.8,35.4,30.3,48.7,20.5,27.0,88.7,20.3,14.1,171.4,67.5,85.3,44.8,98.6,463.8,121.0,181.5,165.3,316.6,21.8,148.2,396.7,193.7,60.7,288.5,221.5,145.6,183.8,16.5,28.9,62.0,28.5,208.9,172.0,,,,,
364.3,2.8,10.0,18.7,27.8,16.7,6.3,34.5,10.0,13.2,178.4,24.4,86.5,42.1,26.2,60.7,12.1,47.7,42.3,40.2,72.6,99.0,95.1,117.7,83.0,39.3,3.8,24.3,15.2,194.0,45.4,429.1,102.0,79.4,25.5,63.9,80.8,3.4,82.2,38.3,308.8,568.9,3.8,116.4,522.6,203.9,31.2,10.2,52.1,8.2,86.8,37.4,32.6,53.1,18.8,29.9,88.9,21.6,12.4,163.9,74.0,87.4,35.1,102.7,468.3,132.5,179.2,166.1,330.2,22.9,146.2,413.4,178.2,50.3,283.9,218.5,143.1,186.5,16.0,33.3,64.1,26.0,203.6,173.4,,,,,
357.4,6.8,8.1,14.9,21.1,14.3,4.4,31.4,8.6,14.1,176.3,25.7,75.7,45.6,30.8,59.6,10.9,51.2,47.6,38.6,72.7,100.5,93.7,118.2,90.1,37.8,2.8,20.8,15.2,181.7,41.9,416.4,102.0,72.9,26.8,59.5,76.3,3.4,85.4,36.9,318.7,570.2,3.7,108.0,522.4,217.4,31.7,10.6,50.3,8.4,85.8,36.6,25.0,48.0,23.5,29.3,95.0,22.4,10.2,167.6,63.7,95.3,37.0,103.5,498.8,135.9,180.3,163.0,340.9,24.3,145.5,400.1,162.4,45.6,297.5,222.8,152.0,194.4,17.2,33.9,57.3,28.6,199.0,187.2,,,,,
364.5,7.0,10.9,10.9,27.5,20.6,5.5,29.4,8.5,14.0,171.7,24.7,86.8,47.1,31.4,54.9,10.2,47.6,50.0,46.0,68.6,95.1,101.2,115.8,79.6,42.4,4.5,19.1,14.3,184.6,51.9,414.4,96.4,71.1,29.9,63.3,80.3,3.4,93.3,41.0,321.8,549.5,3.5,105.6,519.4,215.0,28.3,10.3,49.4,7.9,84.7,38.8,29.2,50.1,22.6,26.4,98.5,21.9,15.1,178.9,66.5,99.0,40.6,104.9,485.3,128.5,170.5,156.8,340.1,21.5,137.6,419.7,171.9,52.0,290.9,241.7,149.7,210.2,13.9,33.4,58.8,28.4,213.5,202.2,,,,,
384.0,6.3,9.6,11.9,26.5,21.7,3.9,30.2,9.4,11.8,171.2,22.4,80.0,42.5,27.9,51.8,13.6,48.6,45.3,46.0,64.5,82.1,104.0,120.2,76.4,44.6,4.9,20.5,15.1,189.3,50.4,420.2,89.1,75.4,24.5,59.8,80.8,2.8,87.6,44.8,321.1,548.1,3.6,97.6,524.7,213.8,28.7,10.7,52.5,8.0,81.2,37.4,26.6,46.5,22.1,26.5,85.4,19.3,12.9,180.9,65.7,96.4,42.5,101.5,474.5,114.4,176.4,161.4,352.1,20.4,144.0,445.9,168.6,56.2,280.5,240.5,145.5,202.6,13.4,30.9,56.9,27.4,223.5,204.4,,,,,
385.7,5.1,10.1,13.3,24.0,21.2,3.5,32.6,9.5,12.2,178.5,21.3,66.7,48.9,28.2,53.9,11.1,49.8,48.1,43.4,61.5,89.9,96.6,130.0,76.4,43.3,5.1,19.5,14.7,209.1,57.3,424.7,99.2,77.8,22.1,57.9,94.7,3.3,83.4,45.3,317.6,593.7,3.3,102.5,523.3,220.2,26.7,10.5,50.0,8.0,75.4,37.6,25.0,44.8,24.7,27.4,81.9,19.3,12.6,181.5,68.1,93.2,49.0,104.1,448.6,116.3,162.0,151.7,349.3,23.0,137.0,443.2,173.2,57.0,286.2,240.6,149.4,217.6,15.9,30.6,71.0,24.6,222.4,203.7,,,,,
377.6,5.3,8.7,17.4,22.3,18.3,3.9,36.0,8.0,15.4,185.8,23.7,75.6,48.6,25.3,57.4,10.8,44.1,44.1,41.3,62.0,90.0,94.8,125.4,78.8,39.0,4.0,18.8,15.9,205.7,51.4,433.6,95.9,75.9,26.5,64.9,88.2,3.9,87.8,45.6,333.1,563.2,3.4,111.9,537.3,215.8,22.4,9.4,47.8,6.5,79.6,38.5,20.6,40.6,24.1,26.2,92.7,20.7,10.2,167.3,74.3,100.0,50.0,107.2,476.0,121.9,162.8,153.3,370.0,20.6,145.7,420.9,165.9,51.2,286.2,243.5,150.8,218.3,18.7,38.7,70.3,25.8,224.2,183.3,,,,,
372.1,4.4,9.6,12.7,25.1,15.0,2.6,39.1,10.8,14.0,178.0,23.9,73.0,50.1,27.3,56.9,10.5,51.3,47.9,41.0,64.8,95.1,94.1,128.2,83.1,38.5,2.9,20.5,17.2,211.2,51.8,437.8,105.9,77.6,26.5,62.8,77.7,4.0,88.7,45.8,314.3,582.7,3.4,116.0,525.7,223.9,25.2,9.7,44.8,7.0,79.1,36.7,23.2,40.3,28.5,28.3,81.6,19.8,12.8,153.8,73.3,110.2,43.3,106.9,478.8,121.7,164.3,156.6,370.1,17.8,153.8,431.9,182.3,54.4,280.8,248.1,149.6,223.2,18.6,30.9,74.3,24.9,227.2,189.1,,,,,
341.2,6.9,6.8,12.5,23.1,17.2,4.7,33.9,6.9,14.4,181.0,25.1,79.3,48.8,24.9,60.5,13.1,51.4,48.1,47.6,69.3,93.7,104.0,116.6,72.0,37.3,5.9,23.2,15.9,183.9,50.0,437.8,99.0,75.8,22.1,62.4,78.8,3.4,88.5,45.0,314.1,592.9,3.7,109.6,493.5,204.2,28.4,7.9,45.2,6.9,78.9,36.3,27.7,44.3,28.3,30.5,85.6,20.7,11.2,161.2,73.6,99.3,41.0,113.4,482.6,127.0,177.7,165.4,372.2,17.1,149.4,466.2,175.0,58.0,293.0,256.3,152.6,217.9,20.1,31.4,77.6,24.1,221.1,206.2,,,,,
314.4,4.2,7.7,9.7,24.2,22.3,4.1,36.0,11.2,14.5,178.0,23.1,76.3,58.9,25.6,58.9,10.0,53.6,51.5,44.8,71.3,89.1,117.4,118.4,75.7,43.9,6.0,22.8,16.8,182.5,49.9,467.0,94.2,79.7,20.8,60.7,97.0,3.5,82.3,42.9,335.2,617.5,3.7,114.0,523.0,212.8,29.5,10.4,42.2,8.2,76.3,33.6,27.2,49.4,25.8,25.1,85.3,20.3,14.0,173.3,69.0,97.3,41.4,113.0,472.4,123.1,170.9,163.8,400.1,25.1,154.4,457.1,176.2,56.0,300.4,255.4,155.8,226.2,18.4,31.3,74.9,24.5,215.3,206.0,,,,,
305.7,3.6,5.6,13.3,23.8,23.1,4.1,36.8,11.9,15.5,181.6,26.6,67.7,54.2,24.7,61.5,8.4,48.6,55.1,46.8,73.2,92.4,115.9,111.8,72.3,42.6,5.3,22.5,17.9,189.9,44.8,511.2,96.6,82.0,25.7,65.7,98.9,4.2,85.4,43.0,341.4,640.0,3.7,114.0,511.7,215.5,28.6,10.7,46.2,7.7,79.6,38.1,22.9,49.8,25.0,24.9,96.5,20.7,14.5,195.0,69.2,98.2,39.4,111.0,485.2,119.8,176.2,167.7,406.4,23.8,161.4,445.6,167.8,56.6,297.1,249.2,153.7,214.4,17.1,30.1,72.7,22.4,214.5,210.3,,,,,
324.7,6.1,8.2,15.1,20.1,20.4,4.2,37.3,8.8,16.6,167.2,26.8,66.7,54.1,24.4,58.9,9.4,48.6,47.3,48.3,68.3,92.2,112.5,116.1,77.6,50.2,3.9,21.7,16.4,179.0,43.1,492.9,94.9,89.6,26.2,57.4,92.1,3.7,86.3,43.9,341.7,649.5,3.7,111.6,536.3,227.8,31.3,9.2,44.9,8.1,79.8,36.8,29.1,49.3,26.9,31.1,91.5,20.6,11.2,189.1,62.9,85.8,49.4,123.6,494.3,122.3,175.1,164.9,403.5,21.1,152.5,445.5,176.1,62.9,297.6,254.4,152.1,206.0,16.4,30.2,72.5,20.7,222.7,203.9,,,,,
318.3,6.4,8.4,11.3,23.9,20.8,5.4,33.1,5.9,12.9,164.3,24.8,72.4,66.4,26.2,56.9,6.0,44.2,46.6,42.6,69.2,93.7,99.5,111.5,72.6,57.1,5.0,18.7,16.2,176.6,51.4,518.9,93.1,85.3,23.8,59.8,81.4,3.8,82.4,43.6,349.3,596.8,3.7,110.3,521.5,217.8,32.3,8.5,47.7,8.1,77.9,39.4,27.2,45.9,24.3,24.6,92.5,20.5,11.1,180.7,63.0,91.5,45.6,135.3,497.4,120.5,177.8,166.3,395.9,16.9,151.5,475.5,187.4,61.7,300.1,235.9,154.0,211.6,16.9,37.0,73.5,22.8,219.5,200.8,,,,,
322.4,4.6,8.6,11.7,23.7,21.5,7.7,36.9,6.7,16.4,160.2,25.7,66.7,59.2,22.7,52.2,7.4,47.7,41.8,41.9,63.3,89.4,100.1,100.7,69.4,43.9,5.0,18.7,14.9,192.6,46.3,518.6,95.6,83.5,24.0,59.3,89.0,3.9,84.4,44.7,336.7,610.8,4.0,115.8,548.3,230.9,32.5,11.8,46.7,9.2,79.7,38.8,29.0,44.9,20.4,23.6,89.8,20.0,11.2,177.7,67.6,96.3,45.4,121.1,521.2,117.9,184.2,172.4,415.0,21.8,147.9,452.0,200.5,64.7,310.6,244.3,158.8,215.8,13.2,26.5,83.2,22.3,221.7,193.2,,,,,
315.5,5.0,9.2,11.1,25.8,21.8,5.5,38.6,8.5,21.6,163.1,26.3,59.4,54.6,21.6,61.2,9.0,45.5,47.9,45.9,65.7,89.3,106.7,111.2,77.5,40.8,3.2,24.4,16.4,200.0,49.5,504.0,94.5,80.1,23.6,57.2,101.0,3.4,87.3,44.6,325.5,609.5,3.6,111.7,538.0,231.9,26.9,9.5,38.6,6.8,81.9,37.4,32.0,46.7,24.2,24.1,86.8,18.9,13.2,191.8,65.0,98.4,43.7,134.4,506.9,110.2,173.5,162.3,407.5,19.9,152.5,434.8,181.6,64.7,315.1,258.1,161.5,224.1,15.1,33.0,80.5,28.4,221.1,201.5,,,,,
309.4,3.4,9.4,7.9,23.7,19.4,6.3,37.9,13.6,22.1,171.3,26.6,58.6,56.9,23.2,58.9,8.2,42.9,49.8,43.3,63.1,82.6,108.4,115.9,76.0,45.0,4.7,21.6,16.8,205.3,43.0,534.2,95.8,81.7,26.7,53.0,85.3,3.3,87.5,39.9,331.5,600.0,3.6,106.8,540.7,229.7,34.0,11.2,42.0,8.8,77.1,37.8,29.0,45.2,23.5,25.8,96.3,20.1,11.4,193.1,59.0,88.6,46.5,132.0,503.5,114.6,171.8,163.0,422.6,22.8,154.8,473.1,197.0,66.9,317.0,253.1,162.0,219.4,16.2,26.6,81.1,26.1,209.1,204.6,,,,,
303.3,5.5,7.4,6.6,21.4,18.0,5.5,29.6,11.2,19.3,184.8,30.4,60.4,52.7,25.2,61.9,8.1,42.6,46.2,33.3,68.7,69.8,105.5,111.9,72.7,40.2,4.0,23.9,18.2,188.2,43.0,546.2,96.9,72.1,26.7,54.5,78.3,3.2,89.1,40.7,311.9,597.5,3.6,122.0,520.7,218.9,29.9,13.4,40.3,9.2,81.7,39.6,36.2,42.3,26.1,26.7,88.2,18.6,11.3,188.8,61.5,84.0,46.5,126.5,516.8,106.7,173.2,162.6,392.3,22.5,161.6,454.3,195.1,64.9,294.8,275.4,152.7,229.2,20.9,29.9,76.0,22.8,205.3,211.5,,,,,
306.1,6.5,7.6,7.6,20.7,20.7,7.2,31.0,11.7,16.7,177.8,29.8,55.8,53.9,24.4,57.9,9.8,38.7,42.1,33.3,70.5,62.2,100.3,109.2,65.2,38.8,4.5,27.0,17.8,189.5,50.3,566.1,92.7,75.7,25.0,59.4,78.8,3.3,94.0,43.5,330.0,618.1,3.7,123.1,554.9,210.7,26.9,9.7,44.4,7.7,80.5,41.2,45.1,43.7,26.9,31.3,94.2,19.9,12.3,188.9,66.0,79.7,40.7,128.5,524.9,113.5,182.7,164.6,425.0,23.2,162.3,430.0,204.8,64.1,283.5,280.2,147.1,234.6,25.2,25.5,79.6,23.6,218.6,193.1,,,,,
312.1,6.5,9.1,7.9,28.6,24.0,7.1,35.1,10.3,17.0,186.6,30.2,49.8,49.6,22.0,55.4,9.8,33.8,41.3,35.9,74.5,54.4,103.5,101.9,64.8,41.9,3.1,28.3,19.0,188.6,54.4,573.9,91.9,73.1,22.9,48.3,78.5,3.7,94.4,46.9,329.8,616.0,3.7,116.6,560.8,205.7,30.4,8.3,45.4,7.5,83.6,39.1,51.0,43.4,26.4,31.3,93.2,18.9,14.7,214.0,72.4,85.7,42.0,127.6,548.6,105.9,186.8,167.8,403.1,25.3,169.1,392.8,195.9,60.1,299.1,278.0,154.3,239.6,27.8,28.8,77.3,22.7,223.8,191.7,,,,,
299.0,4.7,11.6,7.7,26.1,26.9,6.0,40.1,8.3,17.9,181.0,35.2,52.3,53.0,20.9,53.7,10.2,39.2,41.2,39.4,83.9,63.7,100.5,97.2,67.4,46.0,3.8,24.9,19.0,205.3,56.4,563.5,86.8,74.2,22.7,53.8,80.3,3.3,95.3,40.8,345.1,662.1,3.6,110.3,584.6,208.5,33.1,10.4,52.7,8.3,85.2,41.5,40.5,50.0,27.3,30.6,102.9,19.5,13.6,206.3,70.3,84.7,42.7,132.1,571.4,104.8,184.1,166.6,416.7,30.0,167.3,437.3,210.2,61.2,305.1,281.8,156.1,222.8,25.6,35.8,83.6,21.9,200.9,195.0,,,,,
303.8,4.1,7.8,6.4,25.9,27.3,7.3,39.9,9.5,21.0,171.7,28.6,54.2,49.2,22.2,55.1,7.7,46.8,39.8,34.7,83.7,68.5,103.8,97.7,61.9,45.1,7.3,26.0,18.3,204.3,49.9,581.7,96.7,68.3,25.9,61.6,79.7,4.1,97.0,40.5,344.0,635.6,3.8,105.7,567.5,214.1,30.3,8.7,50.3,7.4,86.3,41.9,41.4,52.0,27.3,25.9,96.4,19.9,16.1,202.0,73.3,92.9,50.5,131.7,576.9,112.4,183.1,169.2,417.0,27.5,164.7,464.1,210.6,69.1,309.9,292.5,158.3,230.8,20.9,37.3,90.3,24.0,201.0,201.8,,,,,
294.6,3.3,7.7,10.7,26.0,27.2,10.5,40.3,12.3,26.6,176.3,26.6,59.1,52.8,25.9,53.6,9.7,39.4,39.1,34.4,83.9,77.9,110.0,112.4,62.4,51.7,5.7,25.9,18.3,216.8,46.3,567.9,91.6,74.4,25.4,62.3,80.8,3.9,98.6,39.8,348.3,648.4,3.7,107.8,578.4,214.2,31.7,10.2,49.7,8.7,76.8,45.6,46.7,49.1,25.2,26.0,99.7,21.3,16.6,188.9,73.8,101.3,47.8,133.6,588.0,122.7,185.1,167.0,415.6,26.6,163.8,477.7,205.7,68.0,307.2,294.8,158.2,234.1,20.5,33.9,91.1,24.7,205.3,196.6,,,,,
306.1,4.0,7.9,9.0,26.9,27.1,10.0,39.1,8.4,25.7,175.5,30.5,56.4,57.0,23.7,50.3,8.8,38.5,36.0,38.8,84.6,69.7,111.5,106.3,59.2,45.7,6.0,29.5,18.6,228.9,51.2,586.5,88.1,70.4,23.9,62.6,79.3,3.5,88.3,41.0,343.3,642.5,3.7,106.6,536.1,207.9,32.8,10.2,56.9,8.7,76.8,44.3,44.6,43.7,25.2,25.6,99.9,21.1,13.6,200.2,76.1,95.1,55.8,144.5,588.5,120.6,187.5,169.9,409.3,26.9,166.0,462.8,201.7,65.8,315.9,290.5,164.2,257.3,18.2,33.4,89.9,25.9,207.8,202.3,,,,,
287.9,3.8,9.6,6.8,23.9,28.9,10.0,47.9,10.8,19.2,172.2,26.1,54.1,47.7,24.2,48.4,8.8,34.0,40.6,44.5,89.2,76.3,106.3,113.7,64.4,52.4,7.9,27.9,18.2,207.1,48.2,603.5,97.6,81.6,25.4,59.0,81.5,3.7,90.4,43.1,352.0,636.0,3.6,101.0,550.1,228.5,33.2,9.0,49.3,8.4,76.4,43.6,46.6,48.4,22.0,27.9,108.0,21.5,15.2,202.8,72.5,106.4,50.7,132.2,601.6,119.0,176.6,166.9,434.2,29.3,162.6,458.5,214.9,66.0,329.5,298.1,170.6,259.0,23.2,34.8,96.7,25.7,217.7,210.7,,,,,
302.0,3.8,7.6,5.8,21.9,28.6,8.7,47.0,9.4,23.6,180.9,24.6,51.7,45.0,29.3,50.7,9.8,36.1,42.7,40.0,82.6,85.6,102.7,111.4,63.2,36.0,6.6,29.8,24.9,210.8,60.4,612.4,101.5,94.6,31.5,62.9,85.4,8.0,90.1,40.2,350.4,633.0,8.0,112.7,558.6,228.8,33.1,12.4,46.0,7.6,74.8,45.0,43.2,58.9,24.7,25.6,97.9,21.6,16.2,194.8,71.2,112.6,52.7,144.8,622.4,122.7,198.9,157.2,434.9,29.4,160.5,423.6,213.6,86.0,316.4,292.3,165.7,268.1,27.7,34.0,85.3,22.2,209.6,196.0,,,,,
300.7,2.0,7.1,6.2,27.7,28.4,9.0,47.0,11.1,27.2,183.5,23.1,46.5,47.4,27.6,47.3,6.8,45.2,40.9,31.8,82.7,76.5,108.0,112.3,62.5,34.5,5.9,34.0,23.6,224.0,67.2,643.2,107.0,84.6,27.3,64.8,83.8,6.8,85.4,39.2,347.1,656.5,6.5,105.0,562.9,229.5,21.9,14.5,44.6,7.6,76.8,43.4,51.6,52.9,27.7,27.9,97.9,20.6,15.9,204.0,79.6,105.7,49.5,142.5,622.8,115.9,178.6,162.6,435.9,26.4,166.5,486.3,190.3,69.8,318.9,302.1,166.9,257.4,30.5,30.7,96.5,18.4,208.1,203.6,,,,,
304.3,2.7,8.4,6.5,27.4,25.6,11.2,47.2,11.4,25.1,176.2,31.4,46.8,54.8,26.2,51.3,5.9,41.7,41.5,32.8,89.7,69.6,106.0,103.6,55.6,38.2,7.8,34.1,17.1,218.2,67.1,639.9,99.9,75.9,25.0,64.9,86.1,5.7,90.5,33.0,360.7,649.7,6.3,117.4,581.0,228.3,25.6,8.4,49.2,7.2,81.3,46.9,53.7,55.1,26.4,26.8,102.2,20.1,15.9,225.2,79.5,105.0,49.8,144.1,601.7,110.6,186.0,172.3,439.9,28.8,174.6,464.8,192.3,64.2,340.6,291.9,170.4,250.8,25.5,32.2,96.0,20.4,198.4,206.8,,,,,
293.7,4.6,7.8,6.1,20.9,23.2,10.6,43.3,9.7,28.3,196.2,28.3,54.8,53.8,21.1,54.2,6.0,41.1,47.2,37.3,84.9,66.0,107.3,114.7,51.2,42.4,10.7,31.2,18.0,212.4,72.8,617.2,104.9,86.9,24.4,65.6,89.7,6.5,83.8,37.5,347.0,664.0,7.6,109.1,589.3,230.7,32.1,10.2,52.3,10.7,96.1,47.5,45.8,59.3,23.8,28.6,101.7,20.1,17.1,210.1,88.3,105.5,52.1,154.6,616.4,120.1,192.8,158.3,445.2,27.6,171.7,490.3,209.7,72.2,341.2,295.9,165.4,265.4,25.9,32.9,102.0,26.0,222.2,209.8,,,,,
307.7,5.2,6.2,7.2,25.5,24.6,10.6,44.1,6.6,30.8,196.2,24.8,53.7,47.5,20.8,50.4,6.7,41.0,45.8,41.7,74.9,72.6,101.7,116.3,50.3,39.8,10.0,25.2,19.2,212.0,64.9,619.6,102.0,75.8,27.1,56.2,80.3,5.5,81.4,39.6,368.9,656.0,7.5,123.3,583.2,234.5,30.5,12.6,46.4,13.8,88.6,44.6,48.1,51.1,22.7,23.8,96.7,22.8,13.6,206.6,84.6,100.0,49.9,150.1,635.9,128.3,217.4,151.1,447.1,24.7,160.0,485.4,220.1,61.7,341.4,291.9,153.1,266.2,30.0,37.9,99.7,27.7,227.4,211.8,,,,,
296.1,3.5,6.0,9.5,26.4,25.2,9.4,42.9,8.5,34.9,201.7,22.4,52.9,46.4,19.6,55.1,7.0,44.1,43.5,42.2,76.2,72.9,103.4,120.4,60.7,45.5,9.7,27.4,23.0,256.4,62.0,615.7,99.9,71.7,22.8,62.4,85.0,6.0,93.5,35.6,356.5,708.0,9.7,108.1,571.1,246.1,26.5,12.3,50.5,17.3,92.3,44.8,47.5,48.7,25.3,27.9,93.4,23.1,15.8,208.7,83.9,102.0,49.3,144.0,632.6,131.1,188.2,147.3,448.2,27.7,152.9,501.8,221.5,61.7,342.0,304.8,149.3,278.4,31.0,41.9,98.5,26.3,233.1,248.6,,,,,
269.4,3.9,8.7,11.7,28.7,24.4,10.7,42.3,11.4,32.3,192.9,29.9,52.6,50.9,20.2,52.1,9.5,42.8,48.6,42.4,83.0,79.6,104.0,113.9,64.9,41.9,10.8,32.2,22.7,260.8,52.6,659.8,97.8,82.6,34.4,70.0,82.4,7.7,86.4,29.8,363.2,700.9,7.7,113.6,580.3,240.2,22.5,11.4,51.3,17.9,82.8,43.2,53.9,51.8,26.5,25.2,89.4,18.9,14.3,212.0,81.2,105.6,46.9,151.4,673.7,127.3,187.7,156.8,448.0,24.6,157.7,489.5,218.9,58.8,356.0,318.7,153.7,265.5,29.6,40.9,94.1,22.8,227.7,235.6,,,,,
298.0,3.9,11.1,8.6,30.4,29.0,11.1,56.8,11.1,34.1,202.1,31.0,39.2,48.2,18.9,55.8,8.9,45.0,44.5,40.6,93.9,72.3,102.6,107.7,63.4,46.6,9.3,36.8,27.7,247.4,59.7,651.5,98.2,86.4,27.3,58.5,81.6,8.4,90.3,37.0,370.4,685.0,7.6,103.6,604.3,229.7,41.9,8.4,42.7,14.4,98.5,56.9,61.9,47.5,19.3,31.7,92.0,16.4,15.4,213.5,80.6,106.7,50.5,148.9,649.2,129.3,181.8,157.8,439.0,29.3,158.4,497.7,226.2,96.8,351.4,315.8,147.9,277.2,29.2,33.4,89.6,22.3,211.2,234.4,,,,,
308.6,2.6,8.5,6.1,21.1,33.3,14.0,53.3,11.1,43.2,195.0,29.6,40.7,51.1,23.9,50.6,5.6,50.5,40.6,46.0,95.8,63.0,98.3,119.8,61.6,44.7,10.8,35.3,23.9,242.3,71.3,653.6,102.1,96.6,28.6,54.9,92.9,6.7,96.4,40.6,387.1,626.5,11.8,115.5,597.0,228.3,48.5,9.4,48.7,8.9,96.6,57.3,57.0,43.3,21.6,26.2,96.5,15.9,16.5,225.8,77.0,101.4,52.7,154.9,626.6,141.5,194.9,146.7,460.3,26.1,167.7,492.4,227.9,104.7,342.2,321.8,146.3,274.3,33.5,37.1,92.5,23.6,233.4,222.3,,,,,
313.5,4.5,4.7,6.5,26.3,30.1,15.6,47.6,9.5,52.2,204.7,34.2,42.1,47.0,21.0,48.1,8.3,43.1,34.1,39.3,83.1,64.5,89.7,120.6,60.8,53.8,10.8,35.9,24.0,247.9,69.5,658.8,100.2,80.2,26.3,61.8,88.0,6.9,86.4,44.3,409.9,617.2,9.2,102.6,600.7,243.5,44.2,11.8,46.0,7.9,108.6,70.5,50.7,53.4,24.6,25.5,90.5,12.0,17.0,211.4,83.0,91.0,54.7,152.5,671.9,137.4,189.5,148.7,445.5,27.8,189.1,460.9,222.6,105.5,356.4,315.1,148.3,281.8,30.5,35.7,95.4,30.1,231.7,220.2,,,,,
320.9,6.1,9.0,2.0,18.0,35.0,13.8,47.9,9.9,36.7,183.0,27.3,60.1,43.9,20.8,49.7,9.0,45.8,33.3,37.2,75.5,77.7,89.6,114.6,65.1,65.4,12.4,43.8,26.7,236.2,67.2,661.7,90.0,90.6,31.0,63.3,79.3,8.6,99.5,40.0,399.7,626.0,12.8,99.1,601.5,246.9,46.1,7.5,55.8,12.9,101.4,67.0,40.6,49.1,29.5,31.9,93.0,9.9,12.4,208.2,80.6,105.3,42.9,133.0,624.8,145.4,181.9,173.4,455.4,22.6,186.0,435.1,221.8,96.3,351.7,340.9,162.1,303.8,28.3,47.2,108.0,29.2,226.2,223.9,,,,,
299.6,5.4,7.6,3.2,20.7,32.4,14.1,50.9,10.4,30.4,181.3,28.9,49.4,38.5,19.4,53.6,7.0,40.4,38.4,34.1,78.4,77.0,88.0,120.0,65.6,57.9,9.9,36.8,29.0,233.5,70.1,645.6,92.9,98.3,21.5,73.2,82.9,8.1,91.0,34.4,403.1,635.5,8.7,103.5,617.7,250.8,44.4,7.2,58.1,10.6,109.4,63.6,40.4,50.5,31.8,23.5,91.8,7.7,17.9,207.7,82.6,100.3,42.4,139.3,611.7,155.8,176.5,166.6,467.5,27.3,197.3,455.0,235.3,105.9,372.9,324.4,173.4,320.0,29.6,39.8,109.8,23.0,222.0,222.0,,,,,
302.9,4.3,7.8,6.1,26.1,39.6,11.6,45.7,9.2,32.7,191.4,28.4,49.0,41.5,22.0,56.5,6.2,49.3,34.5,35.9,78.4,57.5,93.0,122.7,48.7,61.1,9.3,28.2,23.4,217.3,65.6,633.9,88.7,92.3,27.6,66.1,83.8,8.5,92.3,33.2,348.7,617.1,13.5,106.0,635.7,231.0,52.0,8.5,51.0,11.5,97.9,71.2,25.1,39.9,31.4,24.4,85.2,7.1,19.8,210.4,77.2,101.4,40.7,149.1,624.0,158.9,172.5,179.3,429.8,27.9,179.5,465.9,214.0,121.3,377.3,348.3,176.6,310.1,26.4,39.1,97.9,23.4,206.0,225.9,,,,,
307.5,2.7,4.7,6.3,24.8,39.5,12.6,50.8,10.6,31.8,199.7,28.1,42.5,45.0,14.1,51.5,5.6,50.0,34.3,33.3,78.1,58.4,80.6,126.2,53.7,59.6,9.1,26.3,24.2,224.5,64.3,644.3,94.8,112.0,31.5,68.4,81.4,7.4,90.9,32.6,368.7,648.2,11.7,110.4,626.3,229.2,44.3,8.4,47.9,11.2,98.3,64.3,46.8,43.6,27.6,24.7,90.4,7.4,18.5,201.4,83.0,107.9,39.0,144.2,669.9,157.9,196.6,172.9,474.3,29.0,169.1,490.5,216.2,116.9,361.4,321.0,196.9,295.4,30.2,42.8,91.7,26.3,208.3,229.8,,,,,
305.5,3.8,7.0,8.5,20.4,38.6,16.3,58.1,8.0,32.3,190.0,30.0,44.3,48.4,18.3,53.2,7.7,47.0,34.2,37.2,85.7,65.5,80.8,126.1,62.3,60.5,9.5,30.8,31.5,233.6,71.0,645.6,105.3,106.2,30.9,68.5,86.8,9.4,91.7,30.6,361.8,641.8,8.8,106.9,616.5,211.6,49.1,8.7,43.7,8.1,96.0,68.8,46.5,43.0,22.2,27.2,88.2,10.2,16.9,205.9,86.9,124.0,41.9,121.8,696.7,159.6,199.9,192.3,484.8,29.1,165.5,472.6,207.5,98.7,372.3,328.1,203.9,286.6,25.6,46.5,98.4,27.5,224.0,235.4,,,,,
314.8,4.3,7.5,10.3,20.0,36.0,17.6,59.8,11.3,31.4,185.7,27.5,47.5,44.9,18.9,46.0,5.2,43.8,32.3,38.3,84.7,63.5,83.5,116.7,61.6,61.5,9.3,37.3,30.2,244.9,71.1,658.3,98.3,97.3,23.0,64.6,88.0,11.3,87.3,29.9,371.2,642.9,10.9,112.5,641.4,230.1,49.4,12.4,44.0,11.4,94.6,75.8,59.0,44.5,27.0,29.6,90.7,12.2,15.8,192.2,86.4,107.7,49.8,145.7,685.2,149.2,177.7,188.0,488.0,31.3,173.0,480.3,234.7,109.3,377.6,345.8,189.0,296.7,28.3,37.5,96.4,30.5,231.1,226.0,,,,,
312.0,5.9,4.4,8.8,25.9,42.0,15.3,61.0,15.3,37.2,196.3,21.0,48.2,38.0,22.0,59.8,6.6,39.3,32.3,35.3,81.4,56.0,84.6,120.9,58.0,67.7,7.6,37.5,30.7,213.7,67.9,659.4,110.3,91.9,18.5,62.9,81.8,7.7,82.5,34.6,375.0,627.9,10.0,114.0,604.0,215.0,46.9,7.2,52.1,9.3,93.1,79.8,43.3,40.4,26.7,26.4,89.7,8.0,15.4,199.8,91.2,98.0,49.6,151.4,680.8,162.4,183.1,192.5,476.5,28.5,185.9,513.2,232.9,112.6,367.0,356.0,196.6,332.6,23.3,36.7,89.0,31.1,232.8,209.5,,,,,
309.1,4.0,7.2,7.3,23.3,42.6,12.9,70.4,9.9,37.1,205.8,21.8,41.3,36.2,16.9,56.0,7.1,46.1,31.6,37.1,90.3,53.1,90.7,118.7,55.3,65.7,8.9,37.1,29.5,227.5,64.8,699.4,97.1,86.7,19.5,67.5,89.4,10.3,88.3,36.1,402.0,634.6,13.6,104.2,647.5,208.2,49.4,7.1,59.0,6.2,105.9,72.6,52.0,43.1,29.2,29.1,87.5,6.5,15.9,202.4,82.7,88.0,52.2,154.6,678.4,154.3,197.8,202.6,470.8,29.5,190.1,492.5,231.0,122.9,369.0,384.7,201.1,317.6,27.8,35.8,90.2,29.5,229.0,233.5,,,,,
276.1,4.6,4.1,7.7,20.5,44.8,11.0,72.2,9.7,41.9,194.7,25.5,44.5,34.3,17.8,54.5,10.5,43.0,32.4,37.4,92.9,52.6,88.0,120.5,50.8,67.3,8.3,44.7,29.7,219.9,72.3,663.5,111.2,95.7,17.6,68.6,89.8,11.9,87.6,34.2,385.9,651.1,14.4,103.9,673.3,217.5,53.1,3.7,57.9,8.2,99.8,77.1,54.4,46.3,24.3,25.3,90.7,9.7,16.0,212.6,83.5,103.3,53.6,143.3,702.6,167.9,189.7,209.0,478.9,29.2,189.7,463.9,209.9,105.6,382.8,372.4,199.2,319.0,30.7,39.1,109.6,28.3,225.8,214.6,,,,,
279.9,3.3,5.3,5.9,22.7,47.6,12.4,81.7,7.5,45.1,183.1,30.0,42.6,37.3,19.7,50.8,9.2,45.0,33.5,35.1,94.3,52.1,92.1,101.6,46.7,67.9,11.7,39.1,29.7,242.0,69.3,683.0,86.4,106.0,22.3,62.8,82.6,7.4,97.4,35.3,380.4,646.8,13.6,108.6,668.8,236.6,46.6,7.7,55.9,9.1,86.7,67.8,49.1,47.0,24.1,27.3,93.7,8.8,12.9,214.0,83.7,125.3,50.4,151.9,676.1,163.1,192.1,198.5,481.9,30.1,197.1,493.3,243.5,121.4,393.2,354.0,203.8,314.8,32.5,39.7,114.4,29.3,230.5,214.0,,,,,
257.5,5.3,6.4,6.9,20.8,50.9,14.1,75.5,10.8,43.9,185.9,29.8,37.7,34.8,14.3,37.8,11.0,39.3,31.4,35.9,91.8,54.2,80.0,108.7,60.5,60.4,9.7,32.5,30.9,239.3,67.6,665.3,91.2,102.7,23.0,61.5,91.2,7.6,99.5,38.3,376.8,635.7,11.8,109.0,653.4,233.6,46.0,9.2,56.9,10.9,89.4,67.7,48.0,45.8,18.2,26.1,89.9,8.6,12.0,204.7,92.9,125.7,45.1,145.7,694.5,169.0,202.6,197.9,490.4,29.4,205.1,482.3,221.8,135.4,397.9,387.2,204.6,310.6,30.9,39.8,101.7,29.2,225.7,214.8,,,,,
278.6,3.0,6.9,6.4,28.8,46.0,15.9,87.5,14.0,46.8,180.8,35.3,38.0,38.1,14.5,44.5,11.2,41.7,35.3,35.9,97.2,55.1,82.1,107.5,60.9,61.1,11.3,35.3,41.4,219.6,65.8,684.9,93.6,114.8,22.3,72.1,99.9,8.9,101.1,38.7,374.5,629.3,19.2,101.9,649.3,227.9,45.0,14.7,51.4,10.3,92.9,61.8,58.1,44.0,24.4,26.0,81.9,7.9,14.4,197.7,83.6,130.5,42.3,148.4,670.6,179.1,202.2,189.0,514.0,34.7,181.3,470.6,226.1,143.1,394.0,407.0,209.7,324.1,39.5,41.2,91.9,26.9,215.7,227.3,,,,,
277.2,4.2,9.1,6.8,20.8,50.8,14.7,82.3,17.2,45.4,190.8,36.1,38.7,40.5,14.8,37.2,12.4,45.4,37.0,37.4,87.9,55.7,86.2,120.6,51.8,68.7,13.6,37.5,30.7,221.6,70.5,672.4,83.7,110.4,17.1,63.2,88.6,6.3,89.5,30.3,381.1,645.2,15.4,93.3,632.5,222.0,45.7,9.3,53.8,13.4,77.8,58.1,54.2,48.9,32.4,31.8,84.9,6.0,17.8,209.2,89.1,119.8,49.5,174.6,699.6,177.7,206.3,193.8,514.4,34.0,186.4,463.2,211.6,123.9,390.4,410.8,204.8,325.1,33.7,38.5,101.0,24.1,228.0,246.5,,,,,
295.3,2.4,9.3,8.1,23.5,60.0,14.8,88.4,19.0,57.1,186.4,29.5,40.7,40.0,17.2,45.1,11.2,38.2,38.2,38.6,80.1,51.6,83.6,117.4,48.4,67.5,12.1,44.2,29.1,219.1,64.6,654.7,94.8,109.4,21.7,65.7,80.5,6.9,88.9,35.6,374.3,636.7,19.0,107.7,659.6,214.7,42.2,10.9,53.3,12.0,84.5,56.5,52.5,46.7,35.4,29.2,96.7,10.0,18.9,219.8,82.7,126.7,47.4,168.7,740.1,183.0,190.1,204.4,488.2,34.3,178.8,505.9,244.2,132.3,391.0,394.9,208.4,336.0,36.3,43.7,112.8,24.5,206.0,239.2,,,,,
274.2,2.2,7.9,4.6,19.5,46.7,16.9,95.6,16.8,57.1,195.3,23.8,33.1,40.3,17.4,47.6,11.8,43.6,43.0,35.5,90.5,48.2,81.3,107.9,56.1,70.8,10.9,37.3,24.2,204.5,66.9,627.5,93.7,108.1,26.6,66.2,82.6,9.4,92.4,33.9,376.4,624.8,19.1,103.2,663.7,222.4,46.4,8.1,49.1,9.2,76.7,64.7,53.6,49.0,28.0,31.1,102.3,7.6,16.2,205.3,89.4,120.1,47.4,153.8,732.4,177.7,183.3,209.5,469.7,33.0,179.8,528.3,237.8,114.1,420.2,394.6,209.0,323.9,34.3,46.2,105.0,25.3,207.5,228.1,,,,,
258.5,2.5,6.0,6.7,24.7,42.9,21.2,86.2,13.2,53.7,196.2,23.7,44.2,37.4,14.1,50.4,9.9,40.0,37.6,33.0,76.6,46.4,83.7,111.1,54.6,71.5,13.7,32.0,21.3,205.6,68.1,667.8,94.6,104.1,28.6,76.3,77.4,5.1,85.1,36.7,371.3,654.5,19.3,104.6,668.5,243.2,43.0,8.1,53.5,6.9,90.4,66.7,65.9,41.4,23.2,30.5,97.9,9.4,13.3,199.3,93.0,114.2,48.7,145.5,718.7,181.1,189.2,206.1,474.2,27.6,189.6,525.0,235.8,123.4,382.8,432.7,201.1,337.9,25.3,40.7,105.7,31.1,222.8,233.2,,,,,
256.3,2.9,7.0,6.5,21.0,44.2,19.1,73.7,15.0,68.1,187.1,24.4,44.3,35.1,13.7,44.3,9.5,36.6,40.5,36.4,83.9,42.6,79.0,105.3,54.2,68.8,10.0,30.6,23.9,199.3,71.0,681.6,103.9,109.3,27.3,75.3,95.4,9.2,91.2,34.5,383.0,606.3,21.9,107.4,677.3,254.2,44.3,9.6,63.3,7.1,77.8,73.7,50.9,45.2,29.8,29.6,89.8,6.7,15.8,200.9,93.1,117.3,39.3,157.4,733.8,177.1,190.8,201.5,488.6,33.3,194.0,501.0,232.4,113.7,357.5,448.8,224.8,345.8,26.6,42.4,103.2,23.0,226.1,223.0,,,,,
255.1,5.6,4.8,6.2,23.0,46.4,23.9,79.7,13.3,43.7,180.6,31.8,39.5,35.5,13.6,45.6,8.6,47.2,33.0,33.8,68.8,49.4,69.0,126.0,46.2,67.9,10.7,33.5,30.5,226.6,60.7,650.3,105.0,107.0,23.0,68.4,84.2,7.2,93.3,33.8,388.0,628.4,18.9,108.5,694.0,231.1,42.1,11.4,52.4,8.2,86.1,81.5,47.6,37.9,30.2,26.0,100.9,10.3,14.6,222.0,92.4,101.9,43.4,150.3,730.2,177.3,185.8,204.8,495.6,32.2,202.2,495.0,255.8,128.8,338.1,464.4,213.5,350.7,29.1,42.0,118.8,30.0,216.6,240.2,,,,,
244.1,3.8,6.1,4.2,18.2,51.5,19.8,85.3,10.5,62.3,181.1,35.8,37.2,38.4,13.4,41.1,6.8,49.6,34.7,35.5,74.5,60.5,79.5,116.8,59.8,58.6,22.5,29.3,37.1,235.0,76.0,682.1,96.0,104.6,26.0,49.2,106.5,6.8,79.7,37.4,376.4,639.5,12.8,107.6,663.6,220.0,45.0,11.8,54.5,5.5,97.3,82.8,51.4,34.1,25.9,30.4,87.1,6.0,13.4,217.9,94.5,112.4,45.2,147.9,724.1,185.2,181.6,201.9,546.8,34.1,191.4,498.3,232.0,134.9,342.8,447.6,224.2,342.9,28.9,39.2,106.6,31.6,208.7,252.7,,,,,
281.6,4.1,5.7,2.9,25.8,58.0,22.4,89.3,10.6,59.0,188.1,30.4,41.0,43.0,13.2,48.5,8.1,46.4,27.6,36.3,78.5,64.6,80.5,127.2,56.0,64.5,18.7,31.1,37.0,241.3,84.6,655.5,102.6,110.2,27.5,49.8,83.3,5.5,95.3,35.4,388.9,667.5,24.2,104.8,651.5,233.9,47.0,12.5,51.9,11.4,92.6,80.3,57.7,35.3,24.0,25.8,75.9,8.5,14.8,199.2,98.8,103.3,41.6,150.0,708.5,169.0,190.0,194.7,515.2,31.0,204.3,515.7,226.4,145.2,353.6,454.3,229.0,362.6,30.3,38.5,100.4,29.4,213.6,253.0,,,,,
273.1,4.8,5.7,2.8,31.4,55.5,26.1,86.8,12.4,59.9,192.5,43.2,38.9,56.5,10.6,37.1,6.9,46.1,28.5,35.6,74.0,61.6,83.3,128.6,62.9,62.7,20.7,33.3,35.8,260.8,86.3,665.6,87.7,97.3,19.9,61.5,80.3,7.6,97.7,37.3,382.6,629.4,18.6,95.9,630.0,228.5,42.4,11.3,53.6,10.2,91.0,79.3,58.4,29.2,36.9,23.1,92.4,7.5,14.7,206.1,94.0,121.2,44.9,155.0,710.0,179.8,184.9,194.3,484.7,32.2,222.0,502.0,218.1,148.8,383.8,443.0,232.1,373.3,30.3,37.1,112.1,26.7,254.1,239.6,,,,,
282.8,7.6,6.6,4.4,22.8,58.0,27.2,65.4,16.4,64.8,191.5,29.4,29.6,53.7,17.0,38.1,7.6,48.6,27.2,32.7,81.8,53.9,84.5,106.6,54.4,63.8,18.1,31.6,29.1,247.2,84.9,654.0,84.2,101.2,26.0,58.5,79.3,6.0,96.4,37.0,383.4,652.4,11.8,106.9,672.6,239.8,37.2,6.3,55.3,9.0,94.3,68.6,54.9,38.5,24.2,24.6,97.0,5.8,12.9,191.1,95.6,119.1,53.0,175.3,754.4,180.1,180.9,214.8,505.5,25.4,195.3,527.8,243.4,135.3,359.7,451.6,216.4,355.3,22.6,44.9,98.8,22.0,247.7,259.1,,,,,
283.6,8.1,8.5,5.5,17.9,38.5,24.9,59.7,14.8,59.5,194.3,28.7,42.5,42.5,13.7,40.1,6.5,50.9,29.2,25.5,77.1,57.7,75.3,118.6,61.5,63.7,15.5,29.0,28.2,243.3,77.0,669.0,101.2,103.6,27.4,64.3,82.8,3.6,100.8,29.0,383.3,659.3,20.1,124.2,652.0,252.3,41.1,8.6,57.2,6.9,81.5,81.6,49.3,47.1,20.0,28.3,103.1,7.8,11.1,212.2,102.5,109.4,40.7,172.4,732.8,202.5,179.8,188.8,487.3,29.6,194.4,530.6,239.2,158.7,342.2,472.4,211.1,386.6,33.5,40.5,112.4,20.9,239.2,242.6,,,,,
280.4,8.6,3.5,6.2,21.2,42.0,20.2,57.4,8.8,46.9,188.4,29.0,38.1,43.7,12.2,42.1,10.0,52.2,28.5,26.5,68.1,55.3,79.3,119.8,61.3,66.3,13.1,28.4,30.5,261.8,79.4,672.9,91.2,103.7,28.0,53.1,77.4,5.9,96.3,29.6,390.9,659.8,20.5,116.4,705.1,266.4,33.6,8.2,56.5,6.8,95.7,77.0,53.2,42.2,23.8,26.6,94.1,7.0,15.0,197.2,92.6,120.1,47.4,171.1,754.7,182.8,178.5,201.6,521.2,25.2,185.4,500.8,227.8,163.5,372.6,438.2,219.1,353.5,30.5,43.3,122.8,30.6,215.6,246.8,,,,,
279.5,5.9,5.2,9.7,21.8,42.2,22.8,67.7,9.0,43.9,198.2,32.7,32.5,37.8,12.1,49.3,12.0,52.0,29.5,33.9,68.7,57.1,80.2,111.5,51.8,66.6,16.9,26.3,34.1,257.3,74.3,655.9,80.5,105.5,30.3,52.1,78.9,5.5,89.9,39.2,383.2,638.3,19.0,114.9,727.4,263.9,36.3,9.1,51.4,7.1,94.1,72.0,54.1,39.3,31.5,31.3,88.2,11.0,13.2,215.6,78.8,113.6,44.3,158.9,798.7,186.8,208.1,197.6,516.7,24.2,195.7,506.0,234.4,148.9,361.5,488.0,208.1,397.2,35.4,47.3,127.0,28.3,232.5,253.9,,,,,
253.9,5.5,3.8,7.4,22.7,38.7,28.1,65.9,12.5,52.1,209.7,33.0,34.7,47.3,14.9,43.2,11.5,50.9,30.8,30.8,75.1,45.7,78.3,108.8,47.1,62.8,14.2,27.1,34.3,267.3,72.4,674.0,87.6,103.9,30.8,61.3,79.0,6.3,104.7,37.0,366.6,625.2,15.1,117.2,717.3,249.9,36.4,9.5,53.8,7.8,92.3,77.7,65.2,31.8,31.6,28.0,96.7,8.8,12.3,200.5,84.9,108.0,41.4,170.3,822.7,203.9,213.3,198.7,523.9,25.8,186.7,522.2,240.0,155.2,377.4,492.7,208.8,398.4,40.3,41.8,111.2,32.4,233.2,252.2,,,,,
272.0,3.8,5.2,4.5,18.1,45.0,35.5,63.5,12.7,60.1,181.4,32.4,45.3,42.9,13.3,28.1,9.2,49.3,32.6,32.8,72.6,51.9,77.9,101.9,53.6,62.8,14.3,33.1,36.9,254.3,74.9,665.0,87.4,98.0,24.0,68.9,72.9,6.5,97.9,31.8,369.8,670.2,16.1,108.3,687.5,252.6,40.6,6.4,59.2,7.6,89.3,83.5,53.3,41.8,36.8,23.3,91.0,10.7,12.1,205.7,93.9,114.4,35.3,165.7,764.0,202.3,210.1,203.0,492.6,28.5,199.5,521.1,247.4,173.2,398.5,514.2,220.0,386.7,33.8,38.0,111.2,30.9,236.2,235.1,,,,,
279.4,4.4,4.8,5.1,22.0,42.3,22.5,63.5,12.4,49.4,201.3,34.6,34.2,44.1,14.6,34.0,7.0,46.1,32.6,33.9,62.4,46.5,75.2,106.3,52.2,51.4,18.3,32.5,32.7,254.2,73.7,706.5,92.7,100.6,21.8,64.1,76.5,7.7,95.3,36.5,395.5,701.5,12.7,112.1,717.9,253.9,45.3,3.7,55.9,8.9,89.3,88.7,60.5,37.8,33.9,29.8,97.9,8.9,11.1,224.4,90.0,138.4,40.9,172.7,817.4,190.6,208.7,208.1,507.6,29.3,193.3,520.8,237.5,173.1,414.2,515.8,220.1,387.6,30.3,43.9,121.7,30.9,232.3,238.7,,,,,
286.8,6.3,8.1,6.2,18.6,42.2,18.7,66.2,9.7,59.3,197.8,39.5,35.8,41.2,9.4,35.2,9.4,49.1,34.8,37.4,62.1,56.4,77.2,116.7,49.4,64.2,20.5,29.6,29.6,266.6,69.6,695.1,83.4,83.9,20.7,64.2,73.2,8.4,96.5,36.4,395.5,682.0,17.9,112.8,722.4,273.4,42.0,4.8,51.1,7.0,101.0,93.0,61.7,37.3,29.2,29.2,93.6,11.9,8.3,201.1,85.9,140.7,36.9,179.9,836.1,191.3,216.3,232.7,543.3,23.1,184.2,509.1,226.7,151.4,412.0,525.4,195.0,388.9,41.0,45.0,130.1,24.4,213.5,248.7,,,,,
288.6,6.9,7.3,6.6,21.8,42.9,25.5,60.8,12.8,55.4,196.4,31.1,35.9,40.2,14.3,40.3,7.1,48.0,30.1,35.1,66.2,66.4,70.0,125.7,57.8,62.2,14.4,26.0,34.4,289.8,76.8,704.5,90.3,106.6,21.8,64.4,72.6,6.8,86.9,34.2,399.8,662.0,21.9,105.7,745.4,275.5,39.4,6.4,54.2,5.6,97.3,80.1,51.2,27.6,29.5,26.8,90.8,9.6,13.7,209.0,91.7,134.0,42.0,175.4,775.5,207.7,199.9,214.4,544.5,21.9,195.2,508.5,244.2,178.6,363.6,550.3,232.9,420.3,37.6,39.4,126.6,23.0,228.8,257.1,,,,,
252.2,11.4,8.2,6.7,20.8,52.2,21.9,63.4,9.3,53.9,203.1,28.1,30.9,42.7,15.3,37.7,3.6,46.2,28.9,32.4,71.6,61.6,68.7,112.7,55.9,59.9,13.8,21.9,34.1,271.9,65.7,686.3,76.2,112.6,20.7,68.1,72.6,8.3,97.0,41.9,400.4,611.8,9.1,125.0,718.1,267.7,36.9,6.4,54.3,7.0,99.3,74.9,54.5,24.9,32.5,26.9,101.6,11.3,14.3,216.7,78.3,136.8,38.3,165.3,832.7,213.5,225.2,222.2,528.3,28.2,199.7,550.1,242.4,168.4,364.3,531.8,235.3,401.0,38.1,40.2,123.8,25.2,211.0,274.1,,,,,
238.5,8.9,7.9,6.8,29.6,43.7,20.0,69.3,9.2,55.1,207.0,34.7,26.5,40.0,17.5,42.5,4.8,58.0,39.5,33.8,66.1,60.5,75.7,122.9,65.6,57.5,13.1,30.3,33.6,270.5,61.0,690.1,95.2,89.8,18.1,57.3,63.3,8.5,111.2,42.9,400.5,633.6,11.6,127.6,725.9,256.6,45.8,6.9,57.9,7.3,94.3,80.3,57.0,29.1,31.9,29.7,100.7,8.9,14.5,221.5,82.5,116.9,41.4,173.2,799.8,207.8,224.1,212.8,531.6,29.3,203.5,528.9,257.7,189.4,399.5,536.3,223.8,389.8,28.0,40.1,109.6,28.8,198.0,263.3,,,,,
259.7,5.8,7.5,7.8,26.1,42.6,18.8,71.2,10.0,75.5,191.9,40.7,36.0,33.9,20.4,45.4,6.4,52.4,37.0,30.4,66.9,65.1,72.3,116.0,72.6,57.4,10.7,32.7,36.3,283.4,75.0,737.5,92.1,95.8,29.1,69.4,65.1,9.2,104.8,32.5,415.8,626.8,16.9,108.7,752.6,246.9,40.6,9.4,59.7,9.1,88.6,80.3,61.7,34.0,36.5,31.2,90.6,6.9,9.8,234.0,89.3,130.7,41.2,168.6,805.5,212.0,226.0,216.1,592.7,29.7,201.8,536.0,225.2,175.1,360.0,552.7,230.1,392.0,32.2,43.3,106.5,30.8,229.6,262.6,,,,,
252.5,7.4,8.2,9.1,35.9,47.3,18.2,78.4,10.5,53.0,200.2,29.5,33.5,40.9,16.3,42.4,11.4,48.5,24.6,35.6,60.9,70.8,78.7,96.7,75.9,60.0,13.6,31.7,34.3,281.7,84.1,750.4,95.8,76.0,22.1,67.1,72.5,4.7,109.0,37.2,394.2,668.9,16.5,109.9,785.0,274.3,48.6,8.6,61.6,12.3,80.6,80.5,64.1,36.4,37.8,33.3,102.1,5.4,14.3,217.0,87.1,135.8,39.3,169.4,773.5,229.2,186.3,209.4,533.1,26.0,202.9,562.2,231.1,195.2,413.6,562.6,224.1,430.1,33.2,42.3,125.4,25.0,226.3,278.9,,,,,
271.1,9.7,6.0,4.5,36.3,45.6,22.1,74.6,11.3,49.3,189.5,34.5,34.6,47.0,11.2,38.4,11.1,43.8,27.8,35.6,54.6,66.7,77.7,110.5,70.5,57.2,11.5,33.6,36.6,289.6,80.6,763.8,95.3,86.5,21.6,66.5,94.5,4.2,90.9,31.9,390.6,698.8,11.7,100.1,782.7,294.5,43.8,5.7,64.3,4.9,79.8,81.1,61.0,34.1,33.4,31.8,95.2,9.6,16.2,189.7,87.6,138.0,31.6,165.3,774.4,230.0,200.4,203.6,499.7,27.5,201.4,586.0,235.1,217.5,428.5,561.2,227.8,451.0,36.3,43.0,131.6,25.4,228.0,271.1,,,,,
272.1,8.5,9.3,6.4,27.2,51.4,26.4,64.7,15.0,53.1,201.1,27.1,37.4,52.7,18.3,37.6,10.6,44.4,24.8,30.0,51.9,83.6,69.4,106.6,63.5,64.2,11.2,35.8,30.9,304.0,88.0,769.8,87.2,88.3,25.2,61.8,92.4,5.6,94.6,42.0,417.2,742.4,13.9,116.1,775.3,299.0,38.3,8.4,57.4,8.6,83.3,87.0,64.3,34.2,33.2,30.8,88.5,10.1,16.5,202.8,90.0,128.8,36.1,182.8,793.8,228.3,195.4,213.0,490.5,32.6,215.2,585.3,242.7,212.5,462.5,505.3,246.2,444.5,36.3,47.9,138.0,24.7,250.5,280.4,,,,,
286.3,11.4,7.7,4.3,25.9,56.7,32.0,61.8,14.9,57.5,215.3,31.1,41.7,46.2,15.8,33.8,9.8,57.8,37.9,39.6,54.1,56.7,70.5,130.2,65.1,71.8,13.5,38.5,36.5,306.2,104.1,783.6,102.8,78.3,18.3,59.3,89.9,10.6,102.8,40.1,428.7,715.6,16.1,112.6,761.8,308.5,45.4,9.6,56.0,6.8,85.0,83.1,61.3,25.9,40.4,29.3,97.5,7.9,15.3,206.0,94.9,136.1,36.5,175.6,792.2,237.3,211.5,219.0,453.0,29.0,217.6,599.7,229.8,176.9,473.5,522.0,262.7,430.6,43.5,53.0,132.1,28.8,235.5,251.3,,,,,
284.4,6.8,7.1,5.8,24.9,53.9,29.7,76.2,15.1,56.1,224.7,32.9,41.3,56.0,13.6,31.7,7.3,61.8,35.9,33.8,61.3,82.3,67.4,134.6,68.8,68.1,13.3,33.3,37.6,319.4,120.9,737.2,86.5,88.9,16.2,68.6,88.6,9.9,102.9,39.7,401.4,696.3,23.5,111.5,801.8,287.7,41.7,9.2,45.3,9.4,90.0,81.1,47.7,29.2,43.8,35.4,104.1,6.4,15.6,213.7,102.5,131.5,43.9,176.8,807.6,247.2,195.0,224.3,551.8,30.7,201.8,594.8,229.7,183.8,423.8,546.1,252.1,451.0,35.4,48.0,133.2,29.8,225.2,251.9,,,,,
276.7,6.5,7.8,6.0,24.0,55.5,24.7,94.4,15.8,54.7,218.9,34.0,47.7,42.6,22.7,32.4,7.9,51.7,37.3,43.5,67.5,82.5,51.1,136.1,76.8,66.4,12.0,29.6,37.0,319.0,120.5,736.4,85.5,101.7,16.8,67.8,83.1,10.7,101.1,35.4,396.2,668.8,21.6,120.1,749.7,285.7,43.4,7.0,53.9,6.2,87.3,88.1,70.3,28.3,35.5,31.3,105.7,5.7,15.1,205.2,103.0,143.1,44.2,168.6,788.7,281.0,184.5,214.9,597.6,30.7,186.7,614.6,223.1,193.7,468.2,506.0,263.9,438.0,29.3,44.7,141.8,27.8,212.5,266.7,,,,,
288.4,6.0,7.0,6.3,24.8,48.5,27.4,100.8,17.1,57.3,215.2,35.7,36.7,47.5,12.7,36.3,5.0,54.4,32.7,41.6,61.1,67.2,60.7,111.8,77.2,71.2,12.4,36.0,36.0,341.1,99.3,715.0,106.5,111.2,21.1,71.4,88.9,6.9,108.8,37.4,424.6,686.8,28.5,120.4,783.9,302.5,50.2,6.1,46.2,6.1,87.8,88.6,66.7,28.3,34.8,35.5,99.2,6.6,17.7,213.7,91.5,134.9,47.7,165.9,842.6,229.2,201.8,210.6,608.1,32.5,192.2,616.3,235.4,210.0,453.4,527.3,258.9,445.8,30.5,54.0,130.6,25.5,224.7,260.7,,,,,
299.8,5.2,5.1,7.8,28.0,53.2,22.3,99.5,16.3,50.8,194.3,35.0,37.3,46.2,13.3,35.0,6.9,46.0,30.9,38.2,67.7,62.9,67.8,107.6,64.0,70.4,9.6,36.4,37.7,324.1,104.3,717.5,90.9,112.1,20.8,76.3,73.9,5.2,106.5,37.2,415.8,707.7,24.3,112.7,790.4,303.0,46.0,10.3,54.1,7.9,96.5,89.8,68.4,29.9,29.7,36.0,98.5,4.9,13.3,203.7,96.7,149.4,41.6,167.4,884.4,248.7,221.7,216.8,624.3,26.4,213.7,585.3,215.5,200.3,447.2,549.6,261.0,440.1,29.4,51.6,147.7,26.3,235.9,294.2,,,,,
283.4,5.4,5.2,7.0,33.5,58.3,26.1,106.2,15.6,33.9,209.2,29.6,30.3,46.8,14.9,31.5,9.3,48.7,42.1,40.7,73.6,73.5,66.0,124.9,66.3,67.7,9.1,36.9,45.7,314.4,114.4,752.1,94.8,117.8,27.9,71.0,85.4,7.0,105.8,44.8,404.4,707.6,27.7,105.5,818.9,275.9,45.6,5.2,56.0,8.8,100.4,90.1,68.8,22.2,37.8,28.0,93.4,10.9,10.4,187.3,91.1,160.5,46.0,168.2,887.7,251.3,244.7,221.0,606.9,25.0,199.8,632.6,251.4,187.4,449.2,537.1,251.8,440.3,32.3,51.3,141.6,31.9,230.1,293.3,,,,,
274.8,5.2,10.0,5.1,23.1,46.5,26.2,110.6,15.6,35.7,196.3,33.5,26.8,46.5,16.0,35.2,7.1,50.7,38.8,35.1,70.7,67.3,73.9,99.9,55.9,64.9,16.1,34.2,48.0,300.8,100.6,766.6,89.3,119.5,32.6,67.4,93.6,11.4,113.4,34.1,388.6,674.0,22.7,94.4,806.0,307.6,50.6,7.9,63.0,6.2,98.1,70.8,64.4,26.1,41.9,30.2,91.3,8.4,13.5,177.0,100.1,164.5,34.2,173.5,906.6,255.7,244.0,229.9,581.1,23.8,193.5,666.4,254.2,194.8,477.6,532.7,267.2,465.3,44.7,47.5,121.3,28.4,229.1,276.2,,,,,
277.7,7.1,5.8,5.8,23.2,50.5,38.2,109.7,13.0,40.5,215.7,34.2,34.3,43.1,19.7,37.1,8.4,47.7,32.0,36.6,78.9,77.8,64.3,118.1,68.3,63.1,12.7,32.8,46.1,302.8,108.7,776.5,88.3,106.3,26.2,57.2,88.9,10.4,118.2,38.1,388.4,699.9,25.5,92.6,832.7,275.9,51.9,10.1,46.7,11.6,93.0,100.5,67.8,27.8,37.8,30.4,91.5,7.1,14.2,198.5,110.5,153.2,32.7,183.4,900.7,246.9,220.1,217.1,609.0,32.8,195.9,632.0,246.7,209.7,490.5,520.1,268.4,499.3,40.6,42.7,133.2,34.5,219.4,280.5,,,,,
292.0,8.3,6.8,6.0,24.6,43.4,30.0,107.8,12.7,44.9,233.0,33.7,35.0,43.8,19.1,32.0,9.8,57.9,33.7,31.2,81.0,60.5,62.4,109.8,66.7,64.4,10.5,25.4,36.0,307.5,107.5,768.0,89.1,103.5,21.1,59.2,104.5,9.2,100.1,34.0,393.6,704.6,27.1,97.8,831.0,286.8,49.6,11.6,51.8,5.6,101.0,88.6,72.0,27.0,34.9,28.0,90.5,10.5,20.6,199.9,115.4,158.9,35.8,178.4,895.6,276.9,218.7,231.7,607.4,23.9,199.1,621.0,255.4,219.6,494.8,542.7,263.6,501.6,38.4,45.2,136.2,31.3,241.9,251.8,,,,,
319.0,4.6,3.0,6.0,26.8,53.2,20.5,99.8,8.0,47.1,182.5,31.1,31.8,43.6,18.6,29.9,6.8,54.4,29.7,41.3,69.4,63.0,71.4,118.8,69.1,87.8,15.8,30.1,35.4,338.2,118.8,719.9,84.2,116.4,25.0,66.7,90.8,7.6,93.9,31.9,379.3,639.5,31.9,76.4,575.6,228.8,46.6,11.7,34.4,4.0,95.8,67.5,80.3,21.2,21.8,39.6,84.2,9.6,11.0,196.3,120.3,171.6,33.6,185.0,836.4,270.7,177.4,213.4,606.8,31.4,206.6,585.2,285.0,164.7,494.9,523.3,257.6,453.8,31.7,30.6,77.4,18.8,216.5,225.5,,,,,
321.7,4.2,6.8,6.3,22.5,49.8,18.1,106.0,11.6,54.1,179.5,30.7,33.0,43.9,20.4,26.9,10.5,56.9,31.3,35.1,68.7,69.5,63.1,107.6,68.4,72.6,13.9,29.5,35.9,335.5,119.1,697.2,84.0,107.3,22.6,71.4,107.6,9.1,90.1,33.9,376.7,673.6,28.0,84.0,688.4,283.7,49.5,9.9,39.3,7.7,95.5,57.0,71.0,24.3,29.7,32.8,84.2,7.8,15.2,199.6,119.9,162.6,39.0,176.2,833.1,282.8,173.8,228.4,624.5,31.2,207.5,646.9,291.1,177.7,495.9,570.8,257.0,459.0,38.5,39.3,105.1,24.0,212.3,226.5,,,,,
306.5,5.2,3.8,8.2,20.5,62.3,32.4,101.1,11.2,57.0,194.6,31.9,30.7,38.6,19.2,30.5,6.3,60.6,30.4,28.9,74.1,60.0,55.7,103.8,73.4,63.9,18.2,36.0,37.8,358.8,101.1,713.2,85.7,100.0,26.7,62.0,84.5,7.5,102.0,34.3,396.7,747.0,22.2,80.0,749.3,299.8,51.1,13.1,38.0,8.5,96.5,74.7,72.9,23.0,31.6,25.9,86.4,9.5,16.4,194.3,112.5,176.5,37.1,168.6,887.3,290.1,201.3,246.6,627.0,29.3,218.5,683.6,257.4,175.4,489.9,548.7,238.0,478.9,43.2,49.8,113.0,25.9,219.4,246.1,,,,,
292.8,4.6,6.0,6.1,28.8,49.2,18.1,113.0,12.3,57.0,205.9,37.3,37.2,38.1,18.0,30.8,6.8,64.1,30.4,31.3,71.4,68.1,56.7,127.2,66.1,68.5,14.4,30.0,40.0,330.2,112.7,709.1,98.2,86.2,32.1,66.4,97.5,5.7,103.0,34.0,418.5,752.3,21.4,74.5,770.4,328.3,49.2,8.3,40.5,9.1,114.5,75.5,63.8,27.3,30.4,31.9,82.2,10.1,19.4,201.8,115.0,161.6,39.6,169.3,923.9,303.5,167.0,228.0,603.9,28.1,227.3,637.7,224.5,197.6,484.4,558.8,235.8,536.9,36.7,50.2,129.6,28.8,228.5,282.3,,,,,
264.6,7.2,6.3,3.3,24.7,43.3,24.1,123.2,13.0,67.7,222.7,38.0,40.8,37.7,18.8,29.3,4.2,53.4,30.3,37.2,63.4,78.8,62.1,129.7,69.9,67.9,10.4,35.1,36.3,307.6,134.1,722.1,92.2,80.5,31.4,57.7,97.4,7.6,105.4,38.5,395.5,740.8,21.8,92.5,797.6,274.5,50.2,6.9,41.0,9.9,111.9,63.6,75.5,17.9,37.5,21.4,80.2,6.0,18.5,206.6,110.8,172.6,32.8,178.5,925.5,308.3,188.0,233.8,605.8,29.0,232.2,672.4,245.6,237.6,544.9,533.3,231.9,535.8,37.0,53.1,135.4,27.3,238.1,297.0,,,,,
260.8,4.3,7.7,4.8,32.2,44.6,20.2,116.7,17.2,65.3,217.0,40.8,36.5,39.3,18.8,29.4,3.3,53.4,35.0,40.3,73.5,81.9,79.5,136.3,65.3,69.9,13.5,29.0,32.0,316.5,103.1,693.5,79.6,87.9,30.2,70.3,78.1,8.4,91.5,36.8,394.7,652.9,31.6,91.8,709.3,267.6,42.2,8.5,37.2,10.2,107.5,80.5,79.6,21.2,40.3,25.1,67.9,13.6,16.3,215.1,134.1,169.0,32.7,197.1,904.2,288.8,191.1,221.8,630.4,32.1,223.8,670.8,257.8,198.6,540.7,542.3,242.6,555.3,30.1,45.4,101.0,25.5,250.6,282.0,,,,,
271.1,7.4,6.3,5.1,28.2,41.8,22.9,113.2,14.9,76.9,202.2,37.0,31.4,31.9,17.4,24.3,4.4,45.9,31.1,39.0,72.1,66.2,73.1,112.8,67.6,63.5,9.2,29.1,34.5,284.9,117.3,748.4,96.3,89.5,27.5,57.2,79.3,6.5,106.5,33.3,431.1,693.8,34.3,99.3,757.9,268.4,43.9,9.3,42.3,9.0,108.2,87.5,89.4,21.7,37.5,25.8,79.3,8.8,17.0,224.4,121.0,182.5,36.4,196.6,912.7,312.3,205.7,239.7,662.2,31.9,228.4,667.6,251.1,217.4,525.3,581.0,240.0,557.4,34.0,55.4,112.3,30.1,251.5,290.8,,,,,
250.5,9.4,7.3,7.8,26.8,34.5,26.5,128.8,15.9,71.5,195.9,34.0,31.6,40.0,20.0,32.7,6.4,43.9,25.1,33.5,62.2,76.5,67.8,106.7,68.3,75.5,12.9,34.7,48.5,312.5,104.5,744.6,84.6,78.3,13.8,67.3,73.3,4.7,104.1,36.2,419.2,703.7,31.2,100.0,798.5,287.0,45.2,12.3,51.5,9.4,111.7,75.8,91.7,24.9,38.5,30.9,88.8,9.6,16.5,248.0,121.4,192.0,35.2,200.0,961.3,325.1,181.7,239.0,624.7,33.1,238.6,675.3,237.1,204.7,547.9,628.7,270.5,580.7,34.3,52.9,115.7,29.7,243.6,275.9,,,,,
242.1,4.6,5.6,6.4,22.0,46.4,19.8,129.4,11.0,88.6,195.7,35.6,34.0,42.2,17.8,25.9,5.4,45.1,25.1,22.4,48.3,83.3,82.6,110.2,58.9,69.0,12.8,35.2,48.7,318.8,107.4,758.4,81.3,109.9,24.8,64.4,83.6,8.5,93.6,41.2,408.0,711.4,29.3,103.3,804.0,287.6,43.8,11.7,52.2,11.6,94.0,98.6,92.7,23.8,35.8,33.2,86.1,8.9,17.5,241.7,116.9,211.9,37.4,189.2,957.6,328.9,198.2,230.1,626.1,39.8,241.3,675.8,244.7,211.6,558.6,621.7,251.5,592.6,35.5,44.6,120.7,28.2,254.9,302.1,,,,,
,,,,,,,,,,,,,,,,,,,,,,,,,,,,,,,,,,,,,,,,,,,,,,,,,,,,,,,,,,,,,,,,,,,,,,,,,,,,,,,,,,,,,,,,