0.14173,1.8439,-0.98403,0.16672,-0.65893,-0.30533,-1.2821,-0.72004,-0.39911,-0.44696,0.34928,-0.52954,0.70218,0.33059,1.031,0.64817,0.94032,-0.1718,-0.5303,-0.18028,-0.21502,0.37922,-0.25688,0.46411,0.15602,-0.1918,-0.18876,-0.42065,-0.58457,-0.075447,0.30402,0.10594,-0.21143,-0.36044,-0.36785,0.35392,0.0088869,-0.053454,-0.041189,0.19353,-0.04734,-0.071307,-0.15472,0.15076,-0.096616,0.058989,-0.6287,-1.8225,0.097844,0.2987,0.18153,0.086565,-0.50088,-0.047537,0.81404,-0.50149,0.41877,0.90524,-0.41759,0.035685,0.14234,-0.063491,0.63198,0.17017,-0.0096143,0.36512,-0.012053,0.044859,-0.33028,-0.25485,0.096626,-0.040451,0.32889,-0.092476,0.37892,0.065123,0.021394,0.30396,-0.34406,-0.37319,0.34125,1.2415,0.23093,0.054224,0.01962
0.00093372,-0.0062245,0.13121,0.060243,-0.13073,0.078807,0.14426,-0.050848,0.071343,-0.080687,-0.0096353,0.032062,0.0018332,0.016272,-0.04881,-0.036449,-0.068079,0.023445,0.058062,-0.048415,0.040605,-0.03223,-0.015367,0.0076045,-0.010335,0.078755,0.049421,-0.042953,-0.065536,0.023264,0.048054,-0.00083292,-0.039469,-0.071935,-0.090383,-0.031571,0.036306,0.034982,-0.035461,-0.029259,0.01519,-0.012229,0.11793,-0.024707,0.0014337,0.017477,-0.012801,0.090024,0.087201,-0.10438,0.0020421,-0.063173,-0.028875,0.03851,-0.043879,-0.16573,0.018859,0.018456,-0.050007,0.054393,0.046834,-0.072038,0.045513,0.034368,-0.041651,0.026116,-0.040515,0.0094459,0.0042153,0.031824,-0.0039857,0.0023495,0.069091,0.017811,0.0013197,-0.034177,0.011278,-0.022817,-0.16892,-0.0032476,-0.015732,0.039749,0.010992,0.049511,-0.00189
0.001708,-0.44124,-0.11144,0.096811,0.076705,-0.1048,-0.33714,0.099327,0.11144,0.040133,-0.0041994,0.11036,-0.10399,0.046504,-0.13591,-0.048301,-0.16998,-0.096253,-0.10259,-0.12066,-0.080635,-0.013357,-0.022192,0.060348,0.12162,0.026727,-0.29742,-0.0093839,0.03541,-0.012476,-0.034564,-0.018537,0.043132,-0.027766,-0.11895,-0.15494,-0.10021,0.11029,0.031858,-0.08137,-0.012722,-0.023802,0.024077,-0.048958,0.010876,0.082946,0.14198,0.062312,-0.094427,0.06962,0.048315,0.0043675,-0.071939,-0.064341,-0.10908,-0.10864,0.019747,-0.024089,-0.12414,-0.018434,0.013039,0.084235,-0.14226,-0.042077,0.012599,-0.078834,-0.015669,0.025921,-0.032524,0.0091591,0.015337,-0.0018617,-0.030203,0.010638,0.017157,-0.074877,0.019552,-0.03522,-0.087574,-0.11862,-0.0084498,-0.085343,-0.092408,-0.064374,-0.0097136
0.0019918,-0.51604,0.051257,0.13011,0.028216,0.044462,-0.293,0.10902,0.016918,0.029678,0.0063768,-0.095028,-0.021763,0.010526,0.085462,0.065936,0.16132,0.076279,0.0097825,0.066222,0.038693,-0.14237,0.01658,-0.047636,-0.059569,0.040149,-0.019288,0.039272,0.0030212,-0.021393,0.07129,-0.024181,-0.0089796,0.056579,0.064924,0.0094071,0.092939,0.14041,0.016016,0.0097295,-0.031347,-0.031763,0.23868,-0.024714,0.035789,-0.0075595,0.17924,-0.31028,0.049887,0.059912,-0.031708,0.11259,-0.090596,0.12424,-0.014305,0.081248,-0.054892,-0.10212,0.0044234,-0.053893,-0.09072,0.092697,-0.02441,0.1017,0.017747,-0.032498,-0.0049973,-0.021815,-0.0071475,-0.087447,-0.03108,-0.0053366,0.032889,0.063452,0.013355,-0.0070204,-0.032669,0.045006,0.0031157,0.023814,-0.032873,0.2134,-0.013224,-0.037568,-0.0011775
-0.0044577,0.081046,0.25662,0.16731,-0.42432,0.10324,-0.18272,-0.12523,0.00087919,-0.16694,-0.044269,-0.11042,-0.19609,0.18821,-0.18834,0.15226,-0.28603,0.11025,-0.062708,-0.12721,-0.0038158,0.17627,0.086877,-0.047603,-0.083,0.075478,-0.15176,-0.043018,-0.14443,0.075208,-0.0025617,-0.061021,-0.11117,-0.0041046,0.095007,-0.023662,-0.060416,-0.36157,0.084293,-0.087348,0.085903,0.076054,-0.20532,0.020848,0.00094398,0.005797,-0.16457,0.31591,0.047476,0.23587,-0.0028442,-0.1636,0.2121,0.18507,-0.04413,0.11759,-0.042871,-0.0037919,-0.14977,-0.0040085,-0.049553,-0.089323,-0.083352,0.05737,0.03711,-0.071771,0.07003,0.038476,0.017222,-0.074311,-0.0022257,0.078617,0.080013,-0.058508,-0.045436,-0.053402,-0.03192,-0.11789,-0.18996,0.22489,-0.0048384,-0.13764,-0.0045742,0.12931,-0.0085048
0.03311,0.12238,0.57583,-0.36688,0.009679,0.68472,-0.33192,-0.24813,-0.16809,0.71568,-0.061437,0.087843,0.161,0.18287,0.16545,-0.23881,-0.14822,0.13213,-0.0067107,-0.040669,-0.072934,0.15473,0.061733,0.10213,0.18989,-0.046347,0.12363,0.12685,-0.11471,0.055415,0.35134,-0.049258,0.053648,-0.067996,-0.18836,0.13281,0.23561,0.5347,-0.01746,-0.083419,0.03068,-0.074264,0.11529,-0.055094,0.038882,-0.031092,-0.18979,-0.23309,0.03941,-0.30092,-0.041057,-0.013523,-0.36928,0.075755,0.40191,-0.25988,-0.039361,-0.35485,0.36264,0.073851,0.15773,0.02625,0.25585,0.18067,0.008574,-0.084115,-0.15879,-0.10468,-0.10596,-0.085222,-0.00051435,0.079525,-0.036984,0.17597,0.084146,0.033974,0.11928,0.0452,-0.095697,-0.083581,-0.087825,0.28963,0.062691,-0.018314,0.0051246
0.0061036,-0.14998,0.1231,-0.050204,-0.10311,-0.0038877,0.16373,-0.11936,-0.077889,0.074327,0.022989,0.030529,0.0069138,0.067609,0.11831,-0.0076257,0.028112,-0.021626,0.055023,-0.04479,-0.022489,-0.066787,-0.011461,0.07048,-0.03833,-0.003673,-0.028726,-0.036372,0.013668,0.016421,0.13948,-0.013448,-0.045518,0.047779,-0.078845,0.063767,0.047476,0.072944,-0.010477,-0.036945,-0.033266,-0.045542,0.11087,0.025442,-0.0036326,0.0032793,0.044606,0.11651,0.012583,0.043217,-0.030628,0.067552,-0.10274,0.05969,0.099698,-0.05506,-0.14315,-0.20121,0.011103,0.011064,-0.023545,-0.037788,0.02748,0.10256,-0.0037847,-0.087225,-0.024778,-0.026328,-0.0057993,0.034352,0.0092256,0.0033622,0.00046972,-0.041679,0.024421,-0.011191,-0.0076901,-0.016223,-0.034894,-0.064164,-0.032358,0.0027048,0.0044129,-0.0050966,-0.0041917
-0.011955,-0.73303,0.43922,-0.12332,-0.1209,0.25113,0.60499,0.17242,0.27675,0.29845,-0.059277,-0.02567,0.18621,0.107,0.13399,-0.16597,-0.18967,-0.033965,0.222,0.19222,0.14431,0.10724,0.030467,-0.0047208,-0.0035464,-0.30055,0.25309,0.22904,-0.087551,0.045256,0.33308,0.035166,0.19942,-0.14778,-0.39963,0.12394,0.30485,0.85643,-0.28382,-0.076429,-0.039195,-0.050305,0.7339,-0.083176,-0.043557,-0.096331,0.10258,-0.1373,0.26046,-0.1731,0.041724,0.14805,-0.33239,-0.13546,0.30297,-0.51697,-0.1335,-0.013877,0.086967,0.033487,0.19037,0.02694,0.22447,0.251,-0.10991,0.14034,-0.13249,0.024655,-0.0028968,0.092342,0.027268,0.051909,0.10199,0.15418,0.13186,0.070982,0.18115,0.0025509,-0.53235,-0.32037,0.065346,0.10546,0.03355,0.012315,0.0064574
0.028258,0.20587,0.016502,0.052091,-0.24658,-0.18109,0.073675,-0.18555,0.083195,0.078534,0.07332,0.13911,0.047389,0.1495,-0.0075067,0.050413,-0.18126,0.096009,0.22312,-0.13636,-0.011542,0.02156,0.010226,0.10899,-0.070592,0.04565,0.2563,0.10954,-0.063983,0.0087207,0.049181,-0.017808,0.0076404,-0.061404,-0.099875,0.068454,-0.029363,-0.29948,0.019712,-0.039788,0.0068554,0.042602,-0.051789,0.057176,-0.020616,0.0092365,-0.13237,0.21217,0.082273,-0.13174,-0.062073,-0.02371,0.13942,-0.051412,0.12073,0.060058,-0.075567,-0.087409,-0.1296,0.064119,0.072476,-0.17902,-0.068294,0.1228,-0.021587,-0.048929,0.016407,-0.040643,-0.078846,0.041309,0.026538,0.043425,0.014868,-0.036374,-0.029745,0.0123,-0.011319,-0.016508,0.027122,-0.10078,0.071929,-0.073045,0.015098,0.088819,0.0047628
-0.076582,-0.58168,0.40566,-0.26696,0.024221,0.10289,0.057578,-0.069548,0.24942,0.27185,-0.0033798,0.053913,0.11072,0.02468,-0.0093849,-0.10832,-0.036194,-0.016046,-0.068392,0.0018463,0.049681,-0.25928,-0.053781,0.081982,-0.050429,0.21468,0.30344,0.018062,-0.32664,0.070665,-0.13498,-0.018997,-0.084775,-0.27086,-0.14931,0.050023,-0.19593,-0.39081,0.085161,0.047406,0.017835,-0.046562,-0.07733,0.042366,-0.013776,0.0019968,0.025165,0.12081,0.13834,0.35129,-0.044434,0.023065,0.16547,0.06575,-0.073279,-0.07144,0.053638,-0.1397,-0.028897,0.14771,0.014367,-0.076705,-0.076771,0.12883,-0.045087,-0.018385,-0.12671,0.0011961,-0.12915,-0.019272,0.094954,-0.026794,0.035399,0.022986,0.035138,0.066897,-0.026342,-0.022534,-0.28225,-0.04916,0.046086,0.11898,0.039674,0.096236,-0.003897
-0.13132,0.52742,-1.642,0.46987,-0.10278,-0.71383,-0.60027,0.089643,-0.047125,0.33862,-0.062798,-0.49516,0.29075,-1.0181,-0.42788,0.35038,0.72863,0.11969,-0.23758,-0.25144,0.041226,0.40489,0.26075,-0.33467,0.16997,-0.19873,-0.81558,-0.15549,-0.031377,-0.0020988,-1.1551,-0.15552,-0.14921,-0.29131,0.050377,0.14657,-0.21946,-0.807,0.0053249,0.052963,0.10957,-0.039889,-1.0577,0.27696,-0.075718,-0.045942,-0.3655,-0.73594,0.49429,0.74752,-0.024379,-0.61613,-0.40727,0.17412,0.49832,-0.088575,0.22647,0.43896,0.84217,-0.033613,0.08803,-0.04334,-0.37453,-0.44082,0.013314,-0.011353,0.072011,0.046099,0.20826,-0.13523,-0.15681,0.18403,0.059468,-0.42785,-0.1971,-0.14383,0.023069,0.039366,0.016076,-0.10441,-0.11193,-0.20145,-0.020799,-0.27527,-0.053494
0.070491,0.86423,-0.018034,-0.39731,0.11097,0.21543,-0.30846,0.018,0.0027526,0.0059184,0.031269,0.25251,-0.010531,0.35739,-0.13262,-0.065884,-0.14463,-0.083158,-0.27769,0.12134,-0.078585,0.12434,-0.027592,-0.039395,-0.02202,-0.028316,0.40775,-0.048906,-0.094119,0.026145,0.16727,0.00030273,-0.095462,0.1771,0.01661,0.094803,-0.014923,-0.41796,0.097787,0.14605,0.0024788,0.038604,-0.14777,0.0072821,-0.017067,0.048186,0.005486,0.14314,0.057132,0.29241,-0.075603,-0.2429,0.097887,-0.058772,0.15564,0.36082,0.020629,-0.41767,-0.38503,0.0010923,-0.05426,-0.045047,0.015918,0.0303,0.052128,-0.0077262,0.022074,0.0071756,0.080607,-0.017496,-0.042381,0.039398,-0.093262,0.038012,0.033287,-0.049232,0.046068,0.04095,-0.1759,0.04063,-0.083326,0.084709,0.091892,0.097868,0.016531
0.08429,-0.40058,0.70983,0.24263,0.055405,0.33145,-0.43612,0.036882,0.63833,-0.93351,-0.11992,0.061925,-0.076137,0.52932,-0.28913,-0.20745,-0.41674,-0.04235,0.15151,0.1252,0.22925,0.25502,-0.1157,0.046547,0.16912,-0.078945,-1.2348,-0.017734,0.2497,-0.063546,0.34689,-0.012384,-0.027831,0.23823,-0.6385,-0.019306,-0.050032,0.9349,-0.018595,0.017327,0.011624,0.098484,0.42993,-0.15724,0.006594,0.042257,0.12114,0.1077,-0.072208,0.25712,0.071242,-0.058028,-0.32,0.042295,0.039252,-0.41694,-0.1264,0.075428,0.12688,-0.13924,-0.15809,0.41233,-0.21417,-0.023353,-0.046157,0.1288,0.069242,0.13557,0.13079,-0.006163,0.11398,-0.11196,0.097041,0.089052,0.13679,-0.040685,0.15753,-0.034527,-0.25878,0.21362,-0.055252,-0.052966,-0.085527,-0.094024,0.0067109
-0.020554,0.13299,0.70019,-0.049808,-0.28016,0.30941,0.85381,-0.21749,-0.59895,0.042753,-0.055645,0.11119,0.10744,-0.012942,-0.023783,-0.36957,0.22444,0.081811,0.12314,0.28177,-0.18821,0.35624,0.068996,-0.021254,0.08345,-0.11954,0.12646,0.083903,-0.03277,0.12461,0.13784,-0.020254,0.04338,-0.1947,-0.033083,-0.22667,0.21189,0.65452,-0.22918,0.037051,0.015172,-0.032158,0.3453,0.01388,0.021107,0.034343,0.11014,-0.73986,0.022189,-0.56176,0.20761,0.17938,-0.23255,-0.10722,-0.084232,-0.48074,0.051986,0.45801,-0.21487,-0.081555,0.11038,0.11954,0.40218,0.13452,-0.048645,-0.04948,-0.016144,0.01968,-0.039565,-0.35367,-0.030076,0.046583,0.13256,0.050465,0.034713,0.0077171,-0.067933,-0.036155,-0.23371,-0.084288,0.10112,0.14169,-0.026725,-0.054838,-0.0097396
0.055322,0.82304,-0.20784,-0.30393,-0.12899,0.032909,-0.21751,-0.13297,-0.43436,0.17846,0.019265,-0.17597,-0.039157,-0.25204,-0.3139,-0.095566,0.18565,0.076259,-0.00297,0.18352,-0.10492,0.031573,0.12865,-0.15288,-0.1558,-0.061325,0.43412,-0.054961,-0.16767,0.062904,-0.14711,-0.038866,0.012976,-0.14456,0.057412,0.048603,0.08399,0.0042124,-0.096148,0.057796,0.045025,-0.046519,0.01298,-0.04023,0.041392,-0.047007,0.10271,-0.011203,0.0080756,0.0016919,-0.051722,0.020124,-0.15209,-0.017902,0.19465,0.31613,0.29924,0.22722,0.078552,-0.0217,-0.12306,-0.023884,0.15764,-0.011392,0.086689,-0.030293,0.13662,0.050542,-0.0074957,-0.13884,-0.07809,0.069114,-0.067717,0.01341,-0.10858,0.022616,-0.11426,-0.015621,0.17439,0.23803,-0.054272,-0.068454,-0.019599,-0.099845,-0.0094277
-0.046638,0.1208,0.25745,-0.057782,0.76788,-0.060571,-0.29599,-0.050269,-0.30536,0.56371,0.062427,-0.1025,0.06871,0.53276,0.12818,0.23685,-0.6398,0.00092746,-0.082534,-0.13869,-0.25914,0.18967,0.16681,0.30365,0.19125,-0.037142,-0.37295,-0.012957,-0.11791,0.10297,0.34731,0.10624,-0.061238,-0.13406,-0.16779,0.13128,-0.18595,0.03108,0.13639,-0.076565,-0.086963,-0.039201,-0.20612,-0.044992,-0.027528,0.085588,-0.12029,0.51184,0.015745,-0.016346,-0.018877,-0.023253,-0.13691,-0.18873,0.21254,-0.22288,-0.23208,-0.50998,-0.038616,-0.075619,-0.036926,-0.016525,-0.1469,0.017399,-0.11231,-0.088178,-0.064096,0.022141,-0.14863,0.003131,0.21733,0.047337,-0.042996,0.064433,0.18017,0.036316,0.12167,-0.073899,-0.19335,-0.49932,0.087737,0.089616,0.032674,-0.024671,0.015928
-0.018991,-0.21649,-0.047796,-0.1789,-0.12825,0.10602,0.083663,0.0065098,-0.12335,0.090154,0.023311,0.083854,0.076099,0.06773,0.03432,0.019737,0.11789,0.056088,0.01939,0.073358,-0.088796,-0.035548,0.12955,0.038983,-0.048774,-0.071286,-0.00074031,0.058594,0.13203,0.062875,0.11731,0.019746,-0.055921,0.013263,-0.030274,0.029265,0.13015,0.091052,0.041709,0.092409,-0.041301,-0.0098203,0.08535,0.0004405,-0.018043,0.036851,0.0059255,0.12919,-0.10351,-0.002587,-0.047993,-0.038703,0.01032,-0.016404,0.2043,-0.068969,0.018718,-0.061666,-0.074345,0.02355,0.015944,0.019041,0.065231,0.044971,-0.027273,-0.13948,-0.074718,-0.079173,-0.029575,-0.087403,0.032508,0.015086,0.0016347,0.061236,0.071396,0.061766,0.027381,0.051801,0.12858,-0.064229,0.099725,0.1043,0.013249,-0.061629,0.0051181
-0.055684,-0.47576,-0.47095,0.12315,-0.082871,0.2298,0.47154,-0.066909,-0.37243,0.73417,-0.089285,0.13935,0.48002,0.18469,0.24681,-0.046661,0.15766,0.25883,0.033859,0.051567,-0.051845,0.57126,0.047082,0.042405,0.17615,0.14013,0.81032,-0.15882,-0.092264,0.012881,0.18174,-0.017473,-0.0054852,0.072377,-0.012075,0.13385,0.21213,-0.095712,0.081714,-0.07171,0.062889,-0.0074129,-0.12395,0.10063,-0.0095031,0.048284,-0.083587,0.2538,0.0068027,-0.079664,-0.053845,0.036474,0.017545,0.36143,0.075331,-0.27453,0.11832,-0.5457,-0.019498,0.14672,0.047591,0.13406,-0.30147,0.12035,-0.060333,-0.023753,-0.077251,-0.12491,0.045048,0.27965,-0.041187,0.082397,-0.1462,0.14004,0.094412,0.044599,0.0917,-0.060692,-0.34725,-0.017856,-0.10702,0.29779,0.012989,0.01567,0.0085326
0.041897,-0.92364,0.85194,-0.45852,-0.11716,0.403,-0.29557,0.096728,0.10178,0.087527,-0.070266,-0.14777,0.26393,-0.038852,0.11555,-0.16581,0.37254,0.11544,0.019299,0.23729,-0.0078906,-0.010965,-0.091406,-0.053999,0.029579,-0.041735,0.11586,-0.035526,-0.13194,-0.085527,0.12838,-0.0022944,-0.17093,0.041534,-0.0012422,0.13055,0.28266,0.65434,0.15821,0.059805,-0.0021012,-0.086144,0.88369,0.042046,0.056575,-0.067455,0.26481,-0.18217,0.1828,0.46307,0.023479,0.050305,0.059751,-0.1105,0.078749,-0.017894,0.11706,-0.28951,0.10658,0.12853,-0.040736,-0.067114,0.40542,0.025654,-0.060751,0.021508,-0.078216,0.038389,0.058347,-0.075286,-0.054921,-0.04687,0.055207,0.31302,0.094956,0.020885,0.030992,0.020544,-0.030543,-0.13251,0.004535,0.19684,-0.033727,0.060363,0.0076456
-0.053017,0.44322,-0.21884,-0.27966,-0.24559,-0.44441,0.45932,-0.016703,-0.039048,-0.54303,0.083202,0.50193,-0.2565,0.012076,-0.34174,-0.35809,-0.25709,-0.046932,0.10234,-0.035241,-0.049842,0.67265,-0.3623,0.14221,0.2179,-0.021615,-0.25655,-0.30021,0.13792,0.059393,-0.39868,0.0019616,0.15885,-0.091615,0.10098,0.071247,0.052146,0.33116,-0.070045,-0.018957,0.051807,0.040053,0.19189,0.048605,-0.076357,0.086518,-0.074943,0.059599,-0.30411,-0.35816,0.084963,-0.071571,0.47446,-0.48495,-0.37961,-0.16324,0.059581,0.84561,-0.71905,0.15696,0.023685,-0.075169,-0.19641,-0.038491,-0.054507,0.15252,0.13994,0.096286,0.061152,0.15564,-0.030215,0.06202,-0.17115,0.027817,-0.00023695,-0.056657,-0.007495,-0.042598,-0.070394,-0.4984,-0.1436,-0.43367,-0.12399,0.06144,-0.017797
-0.059369,-0.8121,0.56914,0.36029,-0.18832,-0.16665,0.48452,0.29693,0.87676,-0.75165,0.071045,0.096167,-0.15748,-0.04533,0.069922,-0.22743,-0.57951,-0.25186,-0.081448,-0.41148,0.37077,-0.38961,-0.013781,0.047483,-0.14127,0.18362,-0.35413,-0.11,-0.078329,-0.038366,-0.13545,-0.088744,-0.21326,0.1591,-0.24162,-0.27151,-0.12934,0.53006,0.21506,-0.01534,0.0021045,-0.18616,0.29782,0.054337,0.057117,-0.03271,0.54775,-0.54458,0.074764,0.21281,0.23893,0.025627,-0.07361,0.16954,-0.41201,-0.30898,0.047144,0.12579,0.1155,-0.026966,-0.0014475,0.20349,-0.24879,0.012102,0.071934,0.26999,0.14901,0.08746,0.019656,-0.20134,-0.008116,-0.16815,0.13007,0.19836,0.14211,-0.18105,0.038194,-0.030988,-0.16746,0.037726,-0.10911,0.042934,-0.03244,-0.13235,-0.0049276
0.015995,0.55103,-0.20822,-0.48335,0.068167,-0.03652,0.79915,-0.17357,-0.4165,0.30332,0.083773,0.12419,0.39423,-0.25975,0.29042,-0.075867,0.37574,0.19931,0.066087,0.16736,0.08209,0.39171,-0.11501,0.074684,0.21415,-0.22441,0.31475,0.11169,0.067945,0.06791,0.038038,-0.0061989,0.047772,0.093818,0.31608,0.16167,0.15012,-0.035994,0.027084,0.11326,-0.012878,0.019538,0.10458,0.014125,-0.054472,0.021784,-0.14385,0.040187,0.14406,-0.059487,-0.022074,-0.13341,0.41329,-0.2427,0.024434,0.047796,-0.065836,0.05324,0.11392,-0.0013383,0.26252,-0.11872,0.19176,-0.035675,-0.0092896,0.20516,-0.042512,-0.091429,-0.082623,-0.11062,-0.078326,0.045337,-0.14467,0.13542,0.011773,-0.056467,0.071408,0.076685,0.012544,-0.28544,0.079402,0.18379,0.052084,0.086379,-0.001686
-0.032703,0.49062,-1.8832,0.62874,-0.14335,-0.4741,-0.82088,-0.34421,-0.83611,-0.43451,-0.10787,-0.34635,0.16485,-0.19617,0.80519,0.24723,0.74227,-0.031482,-0.3354,-0.30313,0.15973,0.52228,0.11255,-0.35984,0.11961,0.0073295,-0.54782,-0.46672,-0.047481,-0.26787,-0.26316,0.12083,-0.10939,0.07784,0.47309,0.14836,-0.14969,-0.8445,-0.11254,0.042847,0.13564,0.18941,-0.43131,0.2146,-0.018802,0.23539,-0.54299,0.026193,0.27433,0.76216,-0.51833,-0.27717,-0.26123,0.64457,-0.14473,-0.31015,0.25369,0.45056,-0.68449,-0.00042297,0.11753,0.019217,-0.30445,0.12925,0.084915,-0.30528,0.089282,-0.15284,0.004706,-0.0717,0.14923,0.14677,0.11688,-0.38173,-0.022094,-0.24957,-0.065054,0.012754,-0.17587,0.083761,-0.28394,-0.39588,0.25837,-0.03328,0.0039729
0.19542,-0.4288,0.97646,0.15918,-0.73132,0.30585,0.13322,-0.040333,-0.69636,-0.2862,0.09386,-0.37224,-0.60563,0.24286,0.68265,0.02272,-1.2883,-0.093573,-0.2092,-0.23796,0.36119,0.013884,-0.28801,0.15476,-0.30137,0.12078,-0.67873,-0.24225,-0.1996,0.076982,0.60316,-0.17729,0.11332,0.24728,0.41532,-0.18506,-0.052987,1.1735,-0.061184,-0.1508,-0.048061,-0.11865,0.75909,0.11012,0.09544,-0.10853,0.40007,-0.21285,-0.15465,-0.30441,0.059365,-0.061426,-0.14879,0.20407,-0.40967,0.26457,-0.21134,-0.47146,0.14593,-0.078194,-0.14346,0.18662,0.17105,0.33595,0.087675,-0.068564,-0.15647,0.10439,0.072654,-0.15982,-0.1802,-0.042776,0.0094782,0.052053,-0.090103,-0.1669,0.0057163,-0.060255,-0.057522,0.19078,-0.32185,-0.36763,-0.020552,0.0058244,-0.027005
-0.025941,1.267,-0.2422,0.68216,0.56012,-0.40222,-0.62447,-0.20497,0.58759,0.12563,-0.041606,-0.76145,0.081503,0.080875,1.1021,0.66911,-0.19981,-0.09874,-0.41741,-0.43077,-0.11885,0.111,0.16323,-0.3295,0.25317,0.18831,-0.11832,-0.10491,-0.29246,-0.085673,-0.12781,0.16779,0.15242,0.11039,0.34089,0.32326,-0.045634,-0.56313,-0.017081,-0.16045,0.11517,-0.029687,-0.76125,0.063259,0.098314,0.12737,-0.28689,-0.28773,-0.018956,0.070099,-0.36802,0.086239,-0.33783,0.3999,0.11233,0.26535,0.19489,-0.31589,0.53385,-0.00049161,-0.10849,-0.1304,0.052444,-0.07756,0.090477,-0.137,-0.063976,-0.016505,-0.093556,0.19609,0.037062,0.074041,0.19773,-0.25515,-0.067185,0.10394,-0.063111,0.16473,-0.012707,0.52677,-0.096191,-0.20537,0.21011,0.033575,0.042373
-0.045044,0.98611,-0.58046,0.58947,-0.153,0.016763,0.22496,-0.030971,-0.60633,0.12687,-0.10398,-0.30782,0.27909,0.17595,0.31172,0.069586,0.4907,-0.23804,-0.3962,0.21132,-0.039811,0.3112,-0.011556,-0.088471,0.092545,0.54627,0.40749,-0.16821,0.0030233,0.046911,-0.18417,0.144,-0.0095349,-0.018307,0.27447,0.19763,-0.27385,-0.22008,0.12593,-0.0098842,0.060778,0.089677,-0.29983,-0.026946,-0.025691,0.095582,-0.28248,0.70904,0.11408,0.58812,-0.39567,-0.30392,-0.17069,-0.024512,0.3035,0.33203,0.10631,-0.69275,-0.12784,-0.00017538,0.21127,-0.26458,-0.056154,0.014183,0.022175,-0.090741,0.022254,0.034291,-0.092448,-0.033192,0.054229,0.089817,0.01613,-0.12565,0.055371,0.079313,0.12229,-0.019951,-0.21357,0.15773,0.065978,-0.25809,0.075232,0.067195,0.018821
0.035617,0.21268,-0.078162,-0.031762,0.012108,-0.12609,-0.41572,0.014491,0.1929,0.10484,0.052972,-0.11948,0.02806,0.10628,-0.025188,0.0779,-0.045347,-0.0386,-0.02018,-0.10371,0.039463,-0.097629,0.05145,0.079018,-0.041518,-0.0032461,-0.12728,-0.042082,0.07849,0.04478,0.10398,-0.0040024,0.00029147,0.075884,0.046506,-0.047419,-0.078232,0.12087,0.024769,-0.13222,-0.045342,-0.0061381,0.11932,-0.040384,-0.0073245,-0.046966,0.0098898,0.073384,-0.044315,0.21743,-0.03196,0.033325,-0.055136,0.036208,0.055541,0.093212,0.0048849,-0.12963,0.15791,-0.082978,0.036808,0.048332,0.025437,0.044809,0.011215,-0.007647,0.012699,-0.032119,-0.035713,0.057567,0.0026292,-0.034358,-0.0045,0.040498,-0.047223,-0.0061961,-0.0085706,0.061204,0.18229,0.050866,0.0096741,0.048756,0.0036994,-0.046423,-0.0024
-0.086952,-0.40325,0.30335,-0.18001,-0.28655,0.017122,0.55185,0.31358,0.1348,-0.56992,0.12366,-0.02639,-0.18873,-0.15458,0.51937,0.14442,-0.19612,-0.26111,-0.079208,-0.013189,-0.012656,-0.044794,-0.13316,-0.0049205,0.10016,0.098147,-0.54879,0.24761,-0.030202,-0.11278,0.22997,0.052279,-0.0047039,0.15566,0.1199,-0.23574,-0.053153,0.19329,0.070161,-0.049682,0.031525,-0.011979,0.31891,-0.12379,-0.062102,0.090475,-0.06904,-0.25941,-0.15284,-0.11198,0.033886,-0.0068324,-0.14506,0.25208,0.22382,0.024575,-0.24959,-0.45443,-0.26433,0.08489,-0.052205,-0.026457,-0.036964,0.14058,-0.060083,-0.0073506,-0.071731,-0.0075545,0.052178,0.24657,0.044768,-0.015483,-0.015726,-0.079714,0.093675,-0.018206,0.090129,0.14521,0.18892,-0.43193,0.11894,-0.0017199,-0.040903,0.063575,0.0022402
0.0887,-0.86509,0.2796,0.11575,-0.1426,0.11635,-0.46143,0.16992,0.20974,-0.60516,-0.011729,0.18928,-0.50581,0.023958,-0.23143,-0.46802,-0.19221,0.20238,-0.078301,-0.048002,0.35971,-0.13098,-0.10798,0.061428,-0.11095,0.13464,0.11758,0.20396,-0.05206,0.12046,-0.20673,-0.10676,-0.1973,-0.20428,-0.29894,-0.41833,-0.31094,-0.48363,0.057864,-0.22835,-0.061813,0.012007,-0.13055,0.041041,0.045688,-0.015235,0.27385,-0.68066,0.11434,-0.31266,0.12932,-0.059822,0.48455,-0.12282,-0.21127,0.26921,-0.089283,-0.312,-0.28209,0.11354,-0.13369,-0.019456,-0.069497,0.072697,0.058635,-0.13671,-0.0069964,0.1398,0.042518,0.020213,-0.0077896,-0.099558,-0.20115,0.10257,0.041571,-0.03689,-0.071434,-0.23105,-0.34497,-0.33734,-0.20942,-0.43105,-0.17374,0.13844,-0.024726
0.036708,0.11863,0.095242,0.33237,0.42272,0.35518,-0.46556,0.16881,0.6095,0.35183,-0.18468,0.24746,0.069042,0.25619,0.24524,0.036911,0.55774,-0.10157,-0.07757,0.4141,0.03121,-0.04638,0.069332,-0.2095,0.18122,-0.17384,0.27264,0.073551,0.21628,0.30808,-0.055433,0.017639,-0.10327,-0.1032,0.11392,0.31632,-0.24071,0.36952,0.25219,0.36916,0.025077,-0.0034743,-0.06329,-0.077319,-0.034427,-0.091423,0.17052,0.23849,0.0092258,0.32757,-0.090723,0.32603,-0.19029,-0.18518,-0.066396,-0.20096,0.18696,0.00081198,-0.12151,-0.09156,-0.26468,0.21235,0.28013,-0.17468,-0.006668,-0.14062,-0.11007,-0.074762,0.063973,-0.08396,0.10591,-0.018334,0.15387,0.16252,0.1329,0.006138,0.0087062,0.027883,0.32901,0.14468,0.17936,-0.085032,-0.0219,-0.074557,0.013486
0.05093,-0.99311,-0.16752,0.2085,0.21182,-0.1201,0.072577,0.24767,0.662,-0.30186,-0.022195,-0.22576,0.40393,0.24085,0.16517,0.17489,-0.87133,-0.018873,-0.24273,0.1022,0.066145,-0.46277,0.06242,-0.12776,-0.2136,0.15691,0.24691,0.050798,-0.26145,-0.021667,0.13528,0.12487,0.087335,-0.11416,-0.13436,0.33813,-0.20602,-0.61931,0.17124,0.027238,-0.05935,0.074326,0.013406,0.11846,-0.075148,0.1257,-0.19958,0.49095,0.22122,0.4405,-0.28111,-0.22454,0.035011,0.21262,0.3077,0.12048,-0.084251,-0.75583,-0.069627,0.084617,0.13774,-0.21686,-0.48571,0.11993,-0.056581,-0.26244,-0.19171,-0.1179,-0.0020764,0.051567,0.21852,0.05355,0.059286,-0.16779,0.10987,0.13907,0.093087,0.088711,-0.23529,-0.1306,0.1922,-0.12126,0.13416,-0.043804,0.026446
-0.12487,-1.8767,1.6163,-0.72809,-0.55162,0.19794,2.8419,0.031304,-0.12253,1.5915,-0.04886,1.4717,0.010409,-0.23658,0.19529,-0.029054,0.9282,-0.011915,-0.12528,0.29321,0.79988,0.039138,0.020797,-0.1782,-1.0888,-0.096283,-0.0049664,0.48354,-0.54017,0.37882,-0.016347,0.12202,0.34372,-0.21382,-0.6315,0.45049,1.4198,1.3188,0.17789,-0.012261,-0.14991,-0.1012,1.0386,0.25752,-0.1706,-0.27517,0.29372,-1.4467,0.82549,-0.50317,0.16162,0.16806,0.29895,0.77564,0.96026,-1.3808,-0.33894,0.14636,1.4907,0.57983,0.057356,-1.0457,0.75619,1.0162,-0.32137,-0.38378,-0.24009,-0.25965,-0.45242,0.21854,0.023802,-0.069192,0.50942,0.82571,0.49164,0.1776,0.34915,0.40475,-0.1112,-1.8908,0.52475,0.77497,0.0096372,-0.052464,-0.018855
0.16974,-0.036035,-0.035395,-0.56011,0.0026976,-0.33974,-1.3882,0.092831,-0.37989,0.0027161,-0.1709,0.23734,0.43879,0.2554,-0.70116,-0.036635,0.63942,-0.14581,-0.26859,0.048696,-0.3338,0.34522,0.47576,-0.11421,0.17951,-0.12352,0.086412,-0.15429,0.25076,0.0033964,-0.1617,0.013949,-0.40102,-0.16508,0.21759,-0.26378,-0.20616,-0.54982,0.064035,-0.11704,-0.081323,0.012116,0.40485,-0.19931,0.070844,0.0053488,0.019334,0.073798,-0.1005,1.2796,-0.15484,-0.2776,-0.76143,0.20663,0.19358,0.11609,0.099174,-0.45274,-0.13569,-0.31187,0.086813,0.47472,-0.53485,0.11685,-0.0060848,-0.18255,0.12075,-0.074392,-0.0068226,-0.85531,0.08298,-0.055774,-0.11474,-0.024865,0.051246,-0.033182,0.047726,0.18041,0.22304,0.13806,-0.042347,0.12403,0.10975,-0.19268,-0.026837
-0.088021,-0.05906,0.34337,0.74229,0.20895,-0.39337,-0.12232,0.15908,0.22386,-0.029348,-0.0072174,0.62441,0.013312,-0.17689,0.037457,0.09769,-0.00011475,-0.036601,0.090803,-0.047245,-0.055615,0.077268,-0.25321,-0.0047042,0.15565,0.25061,-0.83455,-0.50437,-0.33346,-0.15358,-0.52638,0.050283,-0.27613,0.10897,0.20868,-0.025442,-0.2518,-0.10322,-0.043705,0.29721,0.094272,-0.10876,-0.35431,-0.072729,-0.13028,-0.035286,-0.083126,0.34874,-0.075262,-0.071882,0.16065,0.095593,-0.10241,-0.14283,0.11647,-0.51266,0.045987,0.40182,-0.51581,0.048696,-0.28275,-0.15419,-0.070412,0.071805,0.045667,-0.022429,0.076166,0.03377,-0.074114,-0.20814,0.083137,-0.092255,0.19938,-0.028096,0.023448,-0.17409,0.05139,0.074677,-0.46392,-0.28775,-0.33875,0.32492,-0.046602,-0.15023,-0.031472
0.072716,-0.41599,-0.13457,-0.3139,-0.2698,-0.048957,-0.17102,-0.024614,0.30225,-0.563,-0.039123,-0.2678,-0.039468,0.3088,-0.04995,0.0851,-0.45198,-0.044128,-0.22001,-0.15369,0.092576,-0.1334,-0.050796,-0.043919,0.094803,0.097263,0.015743,0.06947,0.0015858,-0.088987,0.13033,0.015327,0.091883,-0.011384,0.3153,0.01261,-0.13582,-0.18814,0.16312,-0.084431,-0.023274,0.013895,0.23782,0.044107,0.022166,0.14304,0.15574,-0.029103,-0.04397,0.014033,-0.070346,-0.016535,0.19155,0.099999,-0.13734,0.1382,-0.022144,-0.27829,-0.11594,-0.03946,0.089027,0.10062,-0.44788,-0.075397,-0.042112,0.032168,-0.081927,-0.0058984,0.023922,-0.058678,0.020257,-0.0015724,0.00088947,-0.030716,-0.0020086,-0.018984,0.0098478,0.025939,-0.05859,0.12773,-0.076654,-0.26646,0.017714,0.043768,0.0039075
-0.046463,0.56125,-0.75439,0.0029358,-0.077443,0.21404,-0.066025,-0.14728,-0.41552,-0.17693,-0.093613,-0.59519,0.099813,-0.32846,0.40231,-0.073501,-0.24185,-0.096697,0.29872,0.25587,0.12055,0.23841,0.01157,-0.12445,-0.15901,0.064617,0.60762,-0.1407,-0.056064,-0.099098,-0.11837,0.092863,0.21477,0.10807,0.18774,0.22661,-0.036899,0.14907,-0.0085048,0.02011,-0.0036226,-0.029239,-0.40437,0.15784,-0.0099627,0.0090438,-0.11358,-0.42861,0.092683,-0.082929,-0.23111,-0.17397,0.16637,-0.057442,0.16704,-0.083325,0.19305,-0.24693,-0.076893,0.052094,0.15431,-0.006669,-0.091806,-0.0026441,-0.011964,-0.16472,-0.02174,-0.029288,0.014967,0.25934,-0.089823,0.082591,-0.049097,-0.17013,0.065092,0.074126,0.11367,-0.030695,-0.07288,-0.46945,0.13618,-0.096276,0.017302,0.032878,0.0069991
0.07056,0.066018,-0.41113,0.42584,0.1732,0.21812,0.37585,0.1025,0.11342,0.17434,-0.13185,-0.4527,0.44011,-0.11563,0.19467,0.29527,0.64898,-0.036102,-0.26623,0.070501,-0.25871,0.50765,-0.025385,-0.022356,-0.052786,0.10274,0.17469,-0.28731,0.17865,-0.052436,0.0059986,-0.036529,-0.055582,0.15887,0.11831,-0.039022,0.25089,0.079471,-0.26093,-0.025478,0.10538,-0.035184,0.31251,-0.09908,0.068342,-0.068552,0.0016887,1.1237,-0.129,0.4039,-0.076148,0.16158,-0.68378,0.2067,-0.090399,0.043508,-0.0029955,-0.14099,0.63335,-0.15901,0.032615,0.043541,0.20335,-0.23562,0.056425,0.19557,-0.027417,0.10424,0.13185,-0.20666,-0.024266,0.0035081,0.078987,-0.015691,-0.041261,-0.15063,0.0044512,-0.063181,0.091298,0.44961,0.13681,0.061259,-0.045302,-0.17713,-0.0046394
-0.081774,0.5928,-0.25226,0.27749,-0.092401,-0.0083036,-0.13028,-0.15206,-0.35781,0.10851,0.075471,0.14657,0.080605,0.2895,0.20685,0.1955,-0.28556,0.12051,0.019987,-0.0075778,-0.08978,0.18441,-0.0012081,0.16507,0.14052,-0.084252,0.036568,0.12866,0.11074,0.005326,0.25015,0.11663,0.092062,-0.051499,-0.25921,0.04879,-0.01344,0.14745,-0.10492,-0.016512,0.017626,0.094032,-0.16383,0.008724,-0.036409,0.054345,-0.24563,0.23902,-0.159,-0.0070122,-0.051775,0.010741,-0.052757,-0.0089827,0.084106,-0.066341,-0.061321,0.033825,-0.39152,0.02358,0.096076,-0.12742,0.068338,0.1001,-0.037758,-0.0087455,-0.052831,-0.053185,-0.022918,0.012898,0.073605,0.055289,0.049273,-0.039518,0.015162,0.047308,-0.040328,0.0038682,-0.093303,0.034199,0.07786,0.094792,0.040858,0.051259,0.018084
-0.0050618,-0.79898,-0.42907,0.16451,0.14069,-0.30885,0.0058317,-0.1374,-0.15121,-0.015655,-0.058522,0.68956,0.076399,0.087161,-0.18242,-0.22534,0.62139,0.172,0.23896,0.10972,0.1521,-0.010414,0.05265,0.16082,0.06806,-0.30181,-0.67856,0.11471,0.24161,0.21733,0.14417,0.04985,-0.025272,0.063188,0.26137,0.01881,0.22285,-0.49723,-0.033006,-0.13395,-0.090247,0.10906,-0.10362,-0.22583,-0.031524,-0.20887,-0.66562,0.39915,0.0086761,-0.30995,-0.081747,-0.1249,0.39639,0.22616,0.31065,-0.25044,-0.43312,-0.071091,0.70112,0.041345,0.16479,-0.098099,0.67543,0.43335,-0.099055,-0.076668,-0.093558,-0.15138,0.00019689,-0.34324,0.09113,-0.10142,-0.0067396,0.30324,-0.093098,0.081335,-0.0017911,0.18445,0.10993,-0.65318,0.26263,0.60235,0.1162,-0.12523,-0.022256
0.087748,0.055999,-0.26737,-1.2395,0.20623,-0.38695,-0.49465,0.40634,-0.058687,-0.23284,-0.064905,-0.075631,-0.24713,0.17399,0.20499,0.17434,-0.098853,0.2109,0.37217,-0.01134,0.11326,-0.08288,-0.046619,-0.11243,-0.14554,0.16109,0.33066,-0.089255,-0.056034,-0.041571,0.14765,-0.068789,0.030542,0.4533,0.35141,-0.048996,-0.10249,-0.8357,0.42285,0.084064,0.030892,-0.0075814,-0.063945,-0.057203,-0.0095436,0.049769,0.33144,-0.71791,0.098927,-0.21118,-0.28076,-0.064442,-0.13765,0.19804,-0.14118,0.12257,0.046184,-0.17692,-0.32087,-0.12914,-0.18836,0.095207,-0.3989,-0.20642,-0.076244,-0.19278,0.17923,-0.080631,0.11805,0.18375,-0.033209,-0.022417,0.089055,-0.25753,-0.020451,-0.070395,-0.0061533,-0.035453,0.26708,0.10128,0.0037838,-0.16042,0.076245,-0.061081,-0.0070523
0.0016996,-3.3083,0.73749,-0.12252,0.40676,0.18859,-2.5337,0.96431,-0.13458,0.15593,-0.27605,-1.2006,-0.36091,-0.46951,-0.88824,0.6775,-1.1383,0.47185,0.18887,0.87073,-0.33268,-0.69515,0.94491,-0.37232,-0.51329,0.43342,1.4422,0.40037,0.30152,-0.27725,-0.12867,-0.3735,-0.45604,0.061279,-1.0686,-0.10555,0.2571,-1.0429,0.25501,1.2854,0.10205,-0.1568,0.1584,0.26004,0.15675,0.25287,1.2162,-0.46113,0.35486,0.70186,0.35663,-0.15518,-0.45455,0.36693,0.37279,0.95266,-0.33808,-1.3725,1.566,0.046439,-1.4175,0.55378,0.2071,-0.31276,-0.068569,-0.32089,-0.1755,-0.11966,-0.031545,-0.79866,0.34957,-0.14178,-0.066305,0.23747,-0.16638,0.032091,-0.42053,0.20806,0.08569,0.49616,0.61563,-0.32264,-0.025562,0.10811,-0.04399
0.055102,-0.75428,-0.46546,0.57155,-0.61256,-0.2478,-2.7178,-0.31032,-0.46033,-0.039116,0.21958,-0.95568,-0.68436,1.0905,-0.85617,0.22715,-3.1171,-0.89768,-0.23422,-0.070047,0.20093,-1.8533,0.40832,0.1733,-0.77188,0.53839,2.6057,-0.5637,-0.79096,0.092088,0.34933,0.22729,-0.097761,-0.0683,0.26687,-0.24113,-0.14782,-2.6725,0.21047,0.11201,0.10633,0.043904,-2.0507,-0.023339,-0.066994,0.090385,-0.60733,-1.7728,-0.42077,0.53788,-0.40373,-0.17098,0.22952,-0.1817,-0.726,0.87881,-0.092883,0.73067,-0.022398,0.22138,-0.062976,-0.3218,0.19724,0.40389,0.16565,-0.45642,0.19435,0.052444,-0.31278,-0.31309,0.20812,0.3499,0.085552,-0.76383,-0.44985,0.12733,-0.052118,0.053453,-0.19849,0.067566,0.90035,-0.44126,0.35076,0.23119,-0.023564
-0.0096635,-0.088808,-0.66009,-0.23665,-0.0046013,0.080726,-0.031548,0.027108,-0.24126,0.31831,-0.020968,-0.071604,-0.3853,-0.17091,-0.23764,0.029354,0.16756,0.10198,0.070571,0.010271,0.073544,-0.33785,0.12459,-0.23392,-0.27962,-0.043124,0.64912,0.0087387,-0.091181,0.050103,0.031913,-0.12271,-0.021306,0.20325,0.36159,0.016408,0.15374,-0.46576,-0.023887,0.026328,0.0018452,-0.022532,-0.13248,-0.014184,0.063305,0.02701,-0.035305,-0.58053,0.11181,-0.21835,0.007767,-0.088349,0.11542,0.19741,-0.21597,0.15441,0.03416,-0.12296,0.12375,-0.00054549,-0.085848,0.010402,0.22173,-0.085841,0.09265,-0.14736,0.07467,-0.043471,0.011365,-0.1157,-0.06641,0.070579,-0.014869,-0.12911,-0.10938,-0.068731,-0.10395,-0.095354,0.019181,0.19692,0.046033,-0.017511,0.036304,0.068139,-0.010847
0.053201,0.28192,-0.95006,0.0081828,-0.63044,-0.26586,1.3969,-0.43276,-0.29292,0.18052,0.10806,0.59871,0.16706,0.14421,-0.11368,0.1163,-0.53764,0.076728,0.0060623,0.035906,-0.10004,-0.41008,-0.085144,0.23628,0.046937,-0.063386,0.14754,0.6097,0.077236,0.0036044,0.12671,-0.0001373,0.44049,-0.030181,-0.53866,0.41039,-0.015798,0.11007,-0.058911,-0.29769,0.10487,0.015905,0.19261,0.38081,-0.1345,0.00019041,-0.38186,-0.089502,-0.11906,-0.75305,-0.089578,-0.023351,0.16443,-0.0078879,1.0284,0.20938,-0.31508,-0.86552,-0.63984,0.332,0.36433,-0.77689,0.66765,0.33492,-0.0041664,-0.19945,-0.11405,-0.11866,-0.15762,0.26429,0.13476,0.049124,-0.050257,-0.094625,0.077962,0.095475,0.15104,-0.022077,-0.2865,-0.47815,0.12334,0.082904,0.2211,0.27123,0.010394
-0.05151,0.20557,1.3799,-0.5651,-0.86155,-0.87522,-0.9743,-0.69129,-0.93378,-0.6586,0.43188,1.059,0.19905,1.1459,0.74707,-1.0832,0.86746,-0.0031517,-0.18415,-1.1871,0.60574,-0.52299,-0.98132,0.29237,-0.40119,0.64276,-1.05,-1.5152,-1.2329,0.50798,-0.012764,-0.26365,-0.20553,-0.89177,-0.26505,-0.63635,-0.33449,-2.1854,0.37493,0.087,-0.23322,-0.008967,-1.6399,0.52317,-0.07079,-0.13829,-0.56996,-0.28485,0.72896,0.26448,-0.15679,-0.397,-0.052416,-0.85561,0.52628,-0.98213,-0.48867,-0.29066,-0.043482,0.30165,0.99349,-0.0204,-0.05938,1.0735,-0.19204,-0.26796,-0.14651,-0.25762,-0.52981,-0.073401,0.28954,0.3711,0.23699,-0.21557,0.29754,-0.45364,0.30063,0.31934,-0.55542,-1.1653,0.20604,0.44362,0.11131,0.32315,-0.076674
0.172,-0.16447,1.0992,-0.96185,-0.028202,0.81644,0.88222,0.048628,-0.26762,-0.39127,-0.0349,-0.18131,-0.012434,0.019539,0.3045,-0.61086,-2.4537,-0.23228,-0.23466,-0.089623,-0.29938,0.73619,-0.10421,0.47052,-0.15465,-0.31815,-1.2947,0.16838,-0.26466,0.2628,0.45212,-0.23356,-0.06457,-0.13504,-0.88431,-0.072555,-0.35571,0.76003,0.078194,-0.1297,-0.1248,-0.23826,0.64783,0.13595,-0.10304,0.11635,-0.14603,-0.82789,0.1458,0.17298,0.28179,0.082702,-0.73368,-0.23551,0.5802,-0.61904,0.020643,-0.40507,-1.0324,0.15053,0.042567,0.20257,-0.84608,0.37329,0.033992,-0.02192,0.013438,-0.072624,0.089555,0.010846,-0.062524,0.042966,0.020029,0.6461,0.23146,0.0677,0.38889,0.066129,-1.2171,-0.94856,-0.39398,0.1721,-0.22598,0.011047,-0.015923
-0.091303,0.068192,-0.094538,-0.5792,-0.2515,0.55761,0.57444,-0.17818,-0.42199,-0.059087,-0.10521,-0.14596,0.35041,0.22456,0.079545,0.14725,-0.50129,0.031352,-0.04106,0.029158,0.039013,0.16425,0.066741,-0.00011454,-0.078665,0.069807,0.25013,0.14527,-0.18851,-0.040343,0.10103,0.0023569,-0.033311,-0.073756,-0.18722,0.2406,0.033982,-0.43708,-0.085532,0.011372,0.064407,0.04751,-0.43275,0.011217,-0.089393,-0.033387,0.059348,0.21846,0.11473,-0.16785,0.03482,0.26456,-0.1557,0.095578,0.29825,-0.23366,0.0072938,-0.0719,-0.086409,0.073002,0.01482,-0.28966,0.061799,0.12452,0.020985,-0.14547,-0.20713,-0.05758,0.023039,0.076061,0.042903,0.030686,0.12729,0.010657,0.035976,0.079684,0.073822,0.10476,-0.16221,-0.061588,0.31818,0.39229,0.0019681,0.11029,0.0055996
-0.0057006,0.30258,-0.067766,-0.1608,-0.14852,-0.12925,-0.019923,-0.061032,0.12846,-0.13564,0.0071954,-0.12698,0.043459,-0.075978,0.019134,0.042735,-0.12866,-0.054025,0.072968,-0.043131,-0.095486,-0.053408,-0.022867,0.11803,0.039766,0.012486,-0.010773,0.011952,-0.090706,-0.050851,-0.02121,0.015649,-0.001897,-0.080724,-0.097234,-0.067276,-0.0014239,-0.15062,-0.07576,-0.014155,0.032132,-0.010589,-0.13764,-0.033385,-0.01547,-0.01074,-0.18769,0.069869,-0.012176,0.089742,-0.024893,-0.042938,-0.047487,-0.045657,0.24664,0.065647,-0.057458,0.011655,0.14261,0.042057,0.014791,-0.19102,0.070818,0.07296,-0.026135,0.0073199,-0.026944,-0.019741,-0.019069,-0.05109,0.033945,0.0044703,0.014883,-0.076615,-0.047108,0.045011,0.036236,0.079764,0.017943,-0.10269,0.04573,0.11831,0.03917,0.012016,-0.0049579
0.0097419,0.62988,0.17137,0.50602,0.23883,0.0092922,0.61132,-0.096203,-0.97573,0.037499,0.0028833,0.036324,0.087006,-0.13787,0.22357,0.06681,0.40233,0.033034,-0.047008,-0.031461,-0.265,0.52275,-0.15954,0.1543,-0.016631,0.0024935,0.15746,-0.0068669,-0.30267,-0.045882,-0.014075,-0.10294,-0.011915,-0.16666,0.047916,0.26602,0.0010501,-0.046814,-0.089024,-0.054071,0.066,-0.050042,-0.11581,-0.040955,0.061737,0.11674,-0.36998,-0.10602,0.23579,-0.0075854,-0.06594,-0.15794,-0.096921,-0.00049025,0.20525,-0.35681,-0.22256,0.076888,-0.38472,0.10659,0.057217,-0.26171,0.053806,0.1558,-0.021677,-0.0095287,0.0024287,0.0076741,-0.17706,-0.0012688,-0.051249,0.079834,-0.0068099,-0.14591,0.096236,0.0074385,0.066527,-0.029472,-0.33111,-0.036048,-0.052848,0.094425,0.050439,0.098848,-0.0069446
0.003692,-0.2123,0.24327,-0.0053853,0.34933,-0.014991,-0.10992,0.23691,0.049218,0.00098164,-0.0085608,-0.068556,-0.013299,0.019656,0.012212,0.11214,0.13152,-0.056916,-0.040818,0.098301,-0.078991,0.044928,0.073069,-0.055754,0.058935,-0.0011526,0.010382,-0.086153,0.096335,-0.022636,-0.091667,0.0086364,-0.03463,0.0075038,-0.12502,0.020501,0.050808,-0.10959,0.061534,-0.011268,-0.050733,-0.029496,0.050829,0.058403,-0.013552,-0.042683,0.22779,-0.054847,0.032151,0.40551,-0.039954,-0.082348,-0.056683,-0.062057,-0.035862,0.054856,0.14884,-0.32899,0.046574,-0.03062,-0.11894,0.14507,-0.051666,-0.062367,-0.0058671,0.06012,0.028388,-0.013899,0.048678,-0.05664,-0.061091,0.014725,0.015837,0.020817,0.090186,-0.041902,-0.020063,0.041626,0.12007,0.16255,-0.05776,-0.10341,0.0095503,-0.059731,0.0055971
0.16064,1.4874,1.2225,-0.49814,-0.54858,0.037275,0.061159,-0.4824,-0.37422,-0.077228,-0.0039469,-0.22633,-0.36995,-0.18167,-0.008106,0.052273,-0.13913,0.2182,0.42301,0.24679,0.43903,0.19008,0.097898,0.048947,-0.52396,0.24899,-0.0055588,-0.34588,-0.074554,-0.050433,-0.16357,-0.21324,-0.1523,-0.010877,0.16661,0.058342,0.37356,1.0636,0.14213,-0.07635,0.084966,-0.18094,0.82141,0.10095,0.068433,-0.13689,0.43372,-0.28709,-0.25789,0.82415,0.21943,0.019222,0.14455,-0.36264,0.011584,-0.049691,0.033973,-0.065287,0.42083,-0.11672,-0.15587,-0.35751,0.31784,0.28059,0.027362,-0.013556,0.18946,-0.060507,0.0083909,-0.78107,-0.1603,0.076752,0.052224,-0.2162,-0.013165,0.016744,-0.085492,0.16364,0.31195,0.19413,-0.27872,0.12168,-0.12847,-0.043995,-0.024142
0.15807,1.0643,-0.11948,-0.57477,-0.1736,-0.058861,-0.18034,-0.24005,-0.079938,-0.38541,-0.030482,0.2426,0.0078837,0.055689,-0.1162,-0.32018,-0.59861,-0.0077044,-0.43914,-0.31128,-0.37251,-0.099287,-0.11832,0.14853,0.064293,0.19252,0.4286,0.033606,-0.012126,0.11616,0.025463,-0.0051612,0.024942,-0.034922,-0.22374,-0.23524,0.089972,-0.086798,-0.021251,-0.052349,0.10676,-0.036563,-0.061177,-0.04209,0.010294,0.12012,-0.054899,-0.81056,0.23347,-0.64471,0.065473,0.19908,-0.1371,-0.2664,-0.17756,-0.32102,-0.11909,0.021157,-0.37484,0.057615,0.23616,-0.12473,-0.11666,0.064935,-0.043865,-0.22502,-0.0065208,-0.019489,-0.022114,-0.25376,0.12161,-0.0020436,0.074051,0.12556,0.01313,-0.020719,0.13184,0.062164,-0.34561,-0.25372,-0.24231,0.033139,0.23476,-0.044155,-0.00037315
0.060642,0.32288,-0.40448,-0.33652,0.3082,0.29891,0.53248,-0.1102,-0.51165,0.34122,-0.10853,-0.29582,-0.0616,0.15516,-0.083309,0.019937,0.12092,0.046228,-0.11166,0.13225,0.056493,0.02477,0.12328,-0.17441,-0.092237,0.076906,0.33172,0.02406,-0.0043853,-0.00074272,0.033649,0.012515,0.075253,-0.124,-0.012254,0.05115,0.071441,0.0034725,-0.12904,0.0020453,0.044135,0.0059333,-0.21477,-0.094685,0.030595,-0.052299,0.11439,-0.11673,0.19277,-0.37203,-0.030021,0.019574,-0.08349,0.031674,-0.085539,-0.064784,0.17951,0.14378,0.21482,-0.080636,-0.02647,-0.014765,0.087237,-0.024489,0.051913,-0.040273,0.011316,0.032538,-0.017411,0.08289,-0.020701,0.057458,0.089694,0.13918,-0.057976,-0.015472,-0.039448,-0.042836,-0.17648,0.085599,-0.21959,0.061328,-0.0069019,-0.061473,-0.00049306
0.017038,1.2812,0.44002,0.15152,-0.14514,-0.062195,0.084028,-0.28566,-0.052155,-0.28479,-0.091406,0.21727,0.007271,0.17435,-0.18424,-0.083483,0.22031,-0.021181,0.016011,-0.16299,-0.083109,0.40337,-0.093868,0.064499,-0.059297,0.0039926,0.037335,-0.11418,-0.0085817,0.039526,0.016054,-0.019916,0.20782,-0.10343,-0.15846,-0.036628,0.2146,0.55229,-0.1553,-0.28751,0.091419,0.067968,0.30008,-0.036032,0.033001,-0.077867,0.17649,-0.025524,0.039105,-0.37861,0.075988,0.096902,0.034601,-0.021586,-0.24573,-0.085476,0.11953,0.73223,-0.11117,0.024687,-0.093388,-0.15065,0.25719,-0.059142,-0.0005459,0.15788,-0.010003,0.069684,0.052103,0.035576,-0.12062,-0.0030173,0.039873,0.053547,0.033881,-0.06539,-0.054343,0.019433,0.10453,0.087193,-0.0048029,0.1225,-0.041834,0.020882,-0.0058296
0.073035,-1.133,0.3325,-0.25361,0.28339,0.043143,0.48204,0.091846,0.17343,0.098415,-0.10441,-0.090916,0.011907,0.14783,-0.17895,-0.008448,-0.13526,-0.12681,-0.1025,-0.22465,-0.064699,-0.29537,0.21959,-0.068557,-0.2424,0.16602,-0.093282,-0.12554,-0.32486,-0.044248,-0.049619,-0.12095,-0.026856,-0.25602,-0.11737,0.03346,-0.17535,-0.00021093,-0.033437,-0.12285,0.0018632,-0.031571,-0.3628,-0.10244,0.050977,-0.084618,0.23747,-0.50875,0.14322,-0.10892,0.026689,0.10826,-0.23163,0.21976,0.23969,-0.12142,-0.0030399,-0.26011,0.41975,-0.070376,0.15585,0.1263,-0.14024,0.057314,0.065585,-0.0020597,-0.11847,0.10104,-0.087268,-0.21152,-0.017732,0.030768,0.09207,-0.027488,0.083564,-0.090381,0.061204,-0.021655,-0.39582,0.17274,-0.066131,0.016215,-0.051452,-0.069391,-0.012832
-0.046806,0.71728,0.74439,0.31218,-0.17278,0.3556,-0.46265,-0.058316,0.14323,-0.080074,0.011547,-0.037027,0.22394,0.10218,0.18475,-0.25309,0.35084,-0.14249,0.31014,0.31175,0.10349,0.25401,-0.25795,0.19919,0.23423,0.25609,-0.46625,0.13344,-0.017792,-0.080895,0.187,-0.055162,-0.038296,-0.057318,-0.2122,0.1161,0.049691,0.39207,0.12155,0.17568,0.10033,-0.010091,0.38197,0.24847,0.081311,-0.049106,-0.18807,0.35934,-0.0075291,0.23965,-0.007711,-0.24716,0.72026,0.015699,-0.12863,0.09288,0.05142,-0.1405,0.088263,-0.04588,0.0059985,-0.19054,-0.013348,0.23954,-0.021305,0.079328,0.062724,-0.055461,0.020064,-0.22192,0.058624,-0.015117,-0.11025,-0.17185,0.099886,-0.088436,-0.05947,-0.053723,0.10159,0.47146,-0.22726,-0.022657,0.035992,0.045827,0.0081147
0.053271,-0.80874,0.16854,0.26117,-0.037718,-0.29833,-2.3205,-0.0063091,0.50704,-0.31584,0.07959,0.10699,-0.32306,0.26681,0.21364,0.045298,-0.10993,-0.25887,-0.28225,-0.47089,0.0077222,-0.44389,0.033772,0.2149,-0.12413,0.026795,0.078398,-0.36493,-0.55533,-0.016454,0.040324,-0.088339,-0.31843,-0.25434,0.21159,-0.13452,-0.28852,-1.2424,0.04287,0.050855,-0.17631,-0.11988,-0.259,0.093996,0.066345,0.18022,0.042082,-0.15431,0.083044,0.029594,0.1504,-0.060335,0.13885,0.20056,-0.47427,0.52616,0.097066,-0.37606,-0.6457,0.047087,-0.16274,0.14932,-0.31881,0.0049278,0.15387,-0.2018,-0.10868,0.051537,0.055447,-0.60329,0.061067,-0.095905,-0.10708,-0.13403,0.033155,-0.0085779,-0.051413,-0.060855,-0.92716,-0.23783,-0.035304,-0.18442,-0.14773,0.046166,-0.019662
-0.099133,-0.19924,0.11794,0.009393,0.25901,-0.11738,0.26553,0.06755,0.32333,0.28561,-0.043021,0.039173,0.19018,0.11139,0.28723,0.0064265,-0.045567,-0.0085795,0.094311,-0.0373,-0.047302,0.07772,0.10378,-0.0027084,0.048771,0.032853,-0.09401,-0.070462,-0.10175,-0.023603,-0.19712,0.080762,-0.076333,-0.17709,-0.1978,0.094347,-0.11784,0.17996,0.0091669,0.127,0.066723,-0.014403,-0.59989,0.057977,-0.065758,-0.022251,-0.23504,0.64164,0.10476,0.081989,-0.013378,-0.14077,0.2223,-0.073245,0.30294,-0.2581,0.1258,-0.10388,0.12974,0.060677,0.066008,-0.066586,0.041617,0.080075,-0.055796,0.02535,-0.019762,-0.0085926,-0.02457,0.098485,0.056621,0.014183,0.036652,-0.13298,0.098499,-0.04368,0.095962,-0.01317,-0.13495,-0.03654,-0.0763,0.13108,0.075426,-0.068221,0.0053183
0.03358,-0.30809,-0.28466,0.29786,0.28225,0.093514,0.075427,0.15996,0.3525,-0.0074863,0.11481,-0.12385,-0.059596,-0.1104,0.1185,0.15133,-0.21891,-0.0381,0.0087496,0.19292,0.054045,-0.25428,-0.026205,-0.015156,-0.13468,-0.0037992,-0.10898,0.24918,-0.055247,0.018718,-0.075032,0.0044827,0.0072709,0.049057,-0.030128,-0.071434,0.017193,-0.17264,-0.085518,0.1411,-0.059214,0.0023099,-0.11642,-0.035527,-0.031726,-0.057839,0.15876,-0.056459,0.0029694,0.026233,-0.014747,-0.010689,0.078498,-0.025997,0.049659,0.16008,0.049365,-0.010681,-0.025649,0.10005,-0.13912,-0.20891,0.13768,-0.11813,0.024636,0.095342,0.067406,0.040035,0.019784,0.20112,-0.039064,0.021072,-0.062443,-0.014092,-0.0030881,0.036913,0.036423,0.028848,-0.21789,-0.014828,0.0070028,0.011324,0.026578,0.020174,0.0079408
-0.13835,0.18637,0.34019,1.1359,-1.5269,-0.26657,2.2219,-0.37502,-0.84985,-0.65137,0.060496,-0.0042053,0.1509,-0.067162,0.54152,-0.21352,-0.87313,-0.14198,0.1544,0.312,-0.2965,0.14841,-0.34568,-0.2155,0.40345,0.027312,0.249,-0.51921,-0.7201,0.025991,-0.221,0.13814,-0.3351,-0.30206,0.047277,0.068304,-0.018373,0.55702,-0.096149,-0.027783,0.29446,-0.012162,-0.045784,0.19863,0.067294,0.38232,-0.47598,-0.57946,-0.079009,-0.2685,-0.17283,0.23054,-0.15887,0.31539,-0.38465,-0.85445,-0.14005,-0.24978,-0.81013,0.36989,0.25813,-0.25478,0.28882,0.31203,-0.095696,-0.28503,-0.12486,-0.011911,0.16204,-0.088046,-0.0078135,-0.059802,0.25946,-0.11801,0.30824,-0.025866,0.036512,-0.16267,-0.74977,-0.33783,0.26133,-0.24999,0.026483,0.087601,0.0012493
0.0527,-0.45822,0.25794,0.34836,0.19336,-0.51466,1.4239,0.33609,-0.28172,0.6672,-0.06633,-0.29891,0.31781,-0.41545,0.23692,0.13986,-0.043858,0.35008,0.081141,0.1423,-0.15043,0.93519,-0.19964,0.00081593,0.32369,0.39565,-0.18365,-0.039577,-0.46528,-0.091293,-0.57358,-0.087493,0.071673,-0.39834,-0.078467,0.14843,-0.17936,-0.32486,-0.098882,-0.10722,0.18483,-0.0072272,-0.036782,-0.0034642,-0.06666,-0.010698,-0.28357,0.41625,0.060305,-0.54887,-0.0039986,0.1411,0.14815,0.042597,0.20188,-0.47943,0.050891,0.22164,-0.075585,0.047087,0.28643,-0.09509,-0.25699,-0.19282,-0.092302,0.070494,-0.09944,0.057235,0.08214,0.20036,-0.11528,0.11899,0.12557,-0.14486,0.10918,-0.10195,0.19336,-0.12982,-0.40149,-0.13881,-0.071725,-0.49393,-0.05658,0.078219,-0.011467
0.054313,0.67027,0.8542,0.49626,-0.42856,0.13499,0.6704,-0.26656,-0.60483,-0.062252,0.00084717,-0.11219,-0.22369,-0.038865,-0.092121,-0.044324,0.29066,-0.19996,0.11999,0.034951,-0.059123,0.15551,0.11417,0.19654,0.050436,-0.14375,0.24922,-0.3184,0.019443,0.031322,0.20255,-0.081592,-0.14217,0.087736,-0.08277,0.13319,0.26282,0.090708,-0.053428,-0.03257,0.014268,0.016711,0.11344,0.039828,-0.015113,0.19226,-0.35054,0.7046,-0.090275,-0.19733,-0.14688,-0.45048,-0.51618,0.3277,0.085306,0.17597,-0.44769,-0.36663,0.057202,-0.081578,0.18682,0.20681,0.1369,0.22154,-0.026256,-0.09092,0.007937,0.032491,0.028036,-0.27357,0.11201,0.051596,-0.062782,-0.20862,-0.01254,0.096814,0.03485,0.0177,-0.052121,0.018605,0.071339,-0.27678,-0.027249,0.15823,-0.00033693
0.073321,-0.13269,0.56908,-0.086524,0.0018527,0.048657,-0.089593,-0.023736,0.083347,-0.23394,-0.058883,0.15162,-0.072837,0.24548,-0.32252,-0.027094,-0.21875,-0.37158,-0.062061,-0.24666,0.15776,0.052455,0.026438,0.094869,-0.047978,-0.021277,-0.43042,0.20101,0.13384,-0.019178,0.19941,-0.0029254,0.072898,0.17643,-0.076029,0.079195,-0.19397,-0.29564,0.13909,-0.02534,-0.015443,-0.0056069,0.12128,0.043485,-0.046047,0.0084297,-0.3813,0.10611,0.050289,-0.19593,-0.013765,-0.2259,0.2473,0.0070775,-0.1937,0.0068629,-0.1211,-0.06693,-0.17962,-0.094807,0.22915,0.031298,0.22283,-0.0087181,-0.02039,0.10633,0.051287,-0.033122,0.058769,-0.1923,0.065717,-0.0063244,0.021831,-0.0098654,-0.047235,0.058205,0.078746,0.11544,0.17824,0.056248,0.12434,-0.061699,0.038562,-0.018011,0.0028605
0.0051348,0.40424,-0.81718,-1.0304,-0.021988,0.010457,-0.73777,-0.029775,0.36423,-0.20153,0.083479,-0.39913,0.079448,0.41427,0.21966,0.19973,-0.46906,0.38531,0.36332,-0.087564,-0.13956,0.083085,0.10758,0.06453,0.10828,0.048192,0.75854,-0.10245,-0.27699,-0.026646,-0.55669,0.21728,-0.21811,-0.16743,0.20356,-0.020269,-0.5685,-1.4244,0.13466,-0.0091359,0.026954,0.045621,-0.72857,0.084792,-0.16252,-0.038433,-0.73819,-0.23788,-0.016147,0.070573,-0.32193,-0.32242,-0.0070422,-0.15306,0.46906,-0.013547,-0.027148,-0.35105,0.04694,0.15251,0.035717,-0.0068939,-0.46336,0.40569,-0.11934,-0.3119,-0.011963,-0.0067482,0.13552,-0.03047,0.081096,0.16193,-0.041753,-0.43041,0.11405,0.058236,0.15723,0.029918,-0.26955,-0.62392,0.03285,-0.2867,-0.070047,0.064826,0.015892
0.19209,-2.4393,-0.43089,-1.9052,-0.35765,1.3066,2.1164,0.63725,-1.2136,0.85382,-0.2709,-0.30692,0.24696,0.2636,0.92967,-0.62266,0.62893,0.42067,-0.27585,0.75297,0.26699,0.67679,0.026816,-0.16025,-0.2353,0.54531,1.0849,0.22482,-0.61689,-0.14962,0.47474,-0.13163,0.045699,-0.067996,0.31833,0.18503,0.11342,0.59873,0.44282,0.019704,0.12755,0.13432,1.0045,-0.25843,-0.042659,0.11525,-0.07299,-1.0473,0.0091124,-0.57347,-0.40758,0.37118,0.24704,0.50898,-0.2551,-0.71403,0.43639,-0.17552,0.098045,0.41762,0.022854,-0.28176,0.75902,0.0027454,0.062232,-0.54526,-0.28486,0.17601,-0.35771,0.057325,-0.024316,0.1304,0.26777,0.76456,0.47692,0.19692,0.23906,-0.19777,-1.197,-0.27988,0.71591,0.64763,-0.30673,0.36165,0.012448
-0.0966,0.33687,-0.006388,0.2382,-0.12954,0.15962,-0.021156,-0.026044,-0.26767,-0.054932,-0.065742,0.58726,0.49827,0.22735,0.081816,-0.31247,0.66734,0.028999,-0.30325,0.085675,-0.080462,-0.017065,0.021742,-0.020873,0.30973,0.22919,-0.33928,-0.18883,0.070248,-0.0043142,-0.28002,0.085434,0.00032767,-0.43006,-0.011715,-0.52196,-0.14643,-0.66182,-0.026151,-0.17209,0.10682,0.099765,-0.10064,0.02433,-0.15218,0.089649,-0.20844,0.15606,-0.051759,-0.42506,0.017769,-0.043835,-0.62921,0.071639,-0.0094067,-0.67142,0.059956,0.32906,0.263,0.056649,0.42757,-0.1588,-0.10334,-0.016429,-0.13745,0.38048,-0.053146,0.022631,-0.16155,0.18966,0.21831,-0.0018312,0.16499,0.034104,0.16741,0.0087486,0.12232,0.06201,-0.19611,-0.11141,-0.022119,0.11985,-0.11402,-0.0089015,-0.0050625
0.13329,0.63304,0.68501,1.0466,-0.098983,-0.093836,-0.82593,-0.66168,-0.39745,0.27622,-0.039159,-0.62168,-0.037072,0.62794,0.71832,0.12317,-2.062,-0.20954,-0.33779,-0.20237,-0.12883,0.10325,0.25717,-0.019637,-0.049724,-0.077931,0.28736,0.81537,-0.070118,0.36977,0.68543,0.018716,0.29849,-0.16307,-0.26695,0.29848,-0.12361,0.26876,-0.048631,-0.36601,-0.1195,0.07475,-0.13642,-0.3101,0.15816,0.10792,-0.87784,0.36047,0.080957,1.1632,-0.30896,-0.27108,-0.53613,0.5505,0.65944,0.36889,-0.40092,0.0002285,0.0092237,-0.082404,0.10933,0.28715,-0.36681,0.23701,0.20269,-0.23856,0.080436,-0.071689,-0.1551,-0.0064241,-0.027702,0.18066,-0.0074913,-0.46736,0.042431,0.27909,-0.03708,0.049792,0.32027,0.686,0.27253,-0.1898,0.3017,0.2945,0.043484
0.28335,-1.3502,-0.21311,-0.10833,-0.40702,-0.30993,0.63158,0.55941,1.7798,-1.1373,-0.1526,-1.4925,-0.20721,-1.1786,0.025618,0.86561,-1.8782,-0.091228,-0.17658,0.32088,-0.00015015,-0.59551,-0.14265,-0.35209,-0.12106,-0.19105,-1.2483,-0.34197,-0.93564,-0.19965,-0.8158,-0.20208,-0.19235,0.41068,-0.23859,0.23791,-0.40305,-0.7375,-0.11429,-0.00026463,0.050629,-0.11693,0.5536,0.22483,0.14441,-0.11183,0.74838,-1.4244,0.59537,-0.5657,-0.1192,-0.12899,0.57222,0.26336,-0.32945,0.78798,0.27467,-0.8499,-0.0553,0.14806,-0.72535,0.045863,-0.25373,-0.32917,0.08933,0.24721,0.0065699,0.63198,0.46103,-0.37778,-0.081559,-0.14166,0.050191,0.24898,-0.29162,-0.092968,0.24114,0.038772,-0.6138,-0.16995,-0.38208,-1.0555,0.040663,-0.24561,-0.03171
0.018569,-1.1245,-1.5644,-0.024896,-0.27416,0.053291,-1.969,0.18496,0.028169,0.2904,-0.066498,-0.48071,0.39049,0.3027,0.46217,0.58071,0.26666,-0.42005,-0.80813,-0.068845,-0.35552,-0.44181,0.44439,-0.036919,-0.25666,0.47395,-1.2945,0.11856,-0.21701,-0.07109,-0.52223,0.057889,-0.3231,-0.4336,-0.19186,0.35325,-0.61623,-1.7964,0.20938,0.057967,-0.028637,0.12881,-0.66973,0.05311,-0.17277,0.13948,-0.071092,0.41952,0.015374,1.9065,-0.44733,-0.4319,-0.36816,0.70155,0.56545,-0.61791,0.1237,-0.79365,-0.42853,-0.01487,0.17415,-0.12444,-0.88144,0.082916,-0.18321,-0.70423,-0.084732,-0.19102,0.21294,-0.17637,0.26922,0.20313,0.27293,-0.17437,0.21996,-0.052332,0.047001,-0.037737,-0.64424,-0.060675,-0.014268,-0.29243,0.22437,0.052335,-0.018507
0.13257,0.010508,-0.32327,-0.40623,0.12477,0.09156,-0.33207,-0.021568,-0.019082,0.22252,-0.030935,-0.22676,0.082178,-0.052973,0.29462,-0.15886,0.32951,0.1995,-0.084045,0.0017153,0.19043,0.28472,-0.14569,-0.0030664,0.077388,0.072993,-0.2847,0.052719,-0.016114,0.0023944,0.20585,-0.063345,-0.02282,0.062341,0.3188,0.1951,-0.1509,0.20925,0.16528,-0.054474,-0.048195,0.066774,0.41149,0.081878,-0.060867,0.092442,-0.15937,-0.24581,-0.13418,0.2346,-0.13371,-0.069396,0.44292,0.16497,-0.083547,-0.029937,0.10352,-0.10457,-0.39695,-0.18552,0.087805,0.24504,-0.19724,-0.037505,0.01454,-0.06414,-0.077529,-0.045696,-0.040595,0.070219,-0.064781,0.021587,-0.056249,-0.14486,0.025525,-0.079186,-0.040957,-0.088879,-0.20653,0.18117,-0.31693,-0.1339,-0.041038,0.0076757,-0.009505
-0.24568,0.63482,-1.3058,-1.7189,-0.092561,0.58095,-1.4291,-0.37272,-0.20783,0.43683,0.038756,0.9954,0.51536,0.86987,0.19496,-0.24471,1.7833,-0.023234,-0.21974,-0.026712,-0.079047,-0.10517,-0.057763,0.21551,0.59028,0.080221,0.36055,-0.16803,0.45141,-0.39779,0.11292,0.35463,-0.22946,-0.33844,0.22197,0.31479,0.043097,0.97651,0.3864,0.38457,-0.11587,0.10023,0.47806,-0.17809,-0.098847,0.0023464,0.27168,-0.21934,0.10927,0.85654,0.17648,0.26373,-0.5261,-0.19115,-0.41393,-0.31181,0.47764,-0.31438,-0.90392,-0.20635,0.32635,0.52903,-0.22115,0.038746,-0.25583,0.40514,0.094058,0.13689,-0.15897,-0.069995,0.52229,-0.12448,0.0072834,0.45518,0.25327,-0.029239,-0.024518,-0.029772,-0.51451,0.13743,-0.24811,0.78178,-0.17813,-0.10574,0.0096859
0.21584,3.8203,-0.98223,0.40316,-1.5943,0.09669,1.724,-0.47488,0.21059,-1.1062,0.39488,0.6625,-1.181,0.33224,-0.072491,-0.65935,-0.57357,0.060245,-0.070802,0.28398,0.64159,-0.90328,-0.75315,0.23401,-0.66898,0.66694,-0.24212,0.385,-0.80563,0.075942,-0.14378,-0.35677,0.23295,-0.28723,-1.1378,0.29663,0.76643,0.73502,-0.046454,0.13788,0.02418,-0.057619,-0.21513,-0.063789,-0.063931,0.083145,1.0571,-1.5919,-0.63662,-1.9001,0.14601,0.12126,0.83249,-0.62923,-1.0127,0.03962,0.13397,0.50073,-1.0475,0.054816,-0.066724,-1.1644,1.3687,-0.30598,0.011635,0.11542,-0.12287,0.18936,0.24591,-0.2229,-0.049032,0.18241,0.095568,0.23511,0.15381,-0.25659,-0.26347,-0.04385,-1.1488,-0.26631,-0.28898,0.5485,0.085977,0.3531,-0.040986
-0.15247,2.0618,0.51456,1.38,-0.91837,0.17973,-0.59638,-0.39489,1.2987,-0.33048,-0.034432,-0.36602,0.16764,-0.29535,0.098237,0.1842,0.45799,-0.20132,-0.43256,-0.018741,0.59311,-0.37482,-0.18269,-0.29091,-0.14899,-0.11108,-0.48375,-0.35711,-0.32875,-0.21423,-0.78976,-0.023924,0.0011927,-0.08631,0.3878,0.26874,0.13233,0.39644,-0.063981,0.089542,0.15293,-0.027014,-0.49016,0.33947,-0.035381,-0.26042,-0.33001,-0.25669,-0.11836,0.11769,-0.27206,-0.49503,0.33923,0.28843,-0.24285,0.27788,0.41426,-0.40935,0.17511,-0.15793,0.33974,-0.47827,-0.23201,0.17619,0.21333,-0.01706,-0.11586,-0.036792,0.40354,-0.21219,0.089445,-0.031116,0.58213,-0.35818,-0.1501,0.086991,-0.012357,0.15328,-0.29021,0.63821,-0.62255,0.34541,0.080565,-0.17065,-0.022654
0.20159,-1.1795,-0.19197,-0.20915,0.068162,-0.41542,0.43286,0.35706,0.74843,0.16809,-0.076108,-0.51074,-0.43043,-0.17214,-0.36329,-0.04517,0.0039141,-0.0049437,0.073632,0.026963,-0.013752,-0.17648,0.075758,-0.10359,-0.13141,0.051158,-0.68697,0.20841,0.16881,-0.22038,-0.30462,-0.031596,0.071633,0.0091401,-0.23272,0.14235,0.015077,0.75109,-0.032524,0.059536,0.0041533,-0.12556,-0.041057,0.0182,0.065473,-0.13114,0.55068,0.073367,-0.13677,0.14411,-0.036069,-0.098914,0.38435,-0.092482,-0.18824,0.21225,0.32241,-0.13172,0.32045,-0.16803,-0.21698,0.20308,-0.084648,-0.37133,-0.035742,0.31902,0.21246,0.26629,0.1706,-0.020933,-0.075759,-0.018335,-0.062905,0.37365,0.04052,-0.16706,0.0071058,-0.22886,0.19497,0.41691,-0.10009,-0.48684,-0.036016,-0.17024,-0.01699
0.4113,-1.7239,1.3813,0.36497,-0.12826,-0.80154,-2.0846,-0.25107,2.7342,1.1249,-0.0062938,-0.10229,0.56264,0.25574,-0.055226,0.0058299,0.095667,-0.1068,0.15745,-0.032627,0.068029,-1.403,-0.24882,0.05051,-0.090956,1.0243,-0.39411,0.74364,-1.3724,-0.41319,-0.49885,-0.040582,-0.52611,-0.054203,0.28025,0.79513,-0.72774,-0.98773,0.2563,0.10158,0.086509,-0.13702,0.5963,-0.023843,0.14292,0.25061,0.019024,-1.154,0.10334,0.89278,-0.22684,-0.2327,0.16424,0.78993,-0.043048,0.073677,-0.40917,-1.267,0.28948,-0.23409,-0.2177,-0.1115,-0.84278,0.30218,-0.17321,-0.16671,-0.052066,-0.15486,-0.32567,-0.74762,0.11677,-0.20482,0.17172,-0.12027,0.29407,-0.027642,-0.065701,0.012979,-0.6615,0.66339,-0.77827,-0.06224,0.44494,-0.11208,-0.025642
-0.090957,1.9227,-0.21546,0.18663,-0.29388,0.53179,-0.9014,-0.33174,0.69613,0.73428,0.090007,0.29553,0.17492,0.049634,0.05412,0.67637,-0.74271,-0.2207,-0.60044,0.57476,0.052676,-0.57884,0.38054,0.11644,-0.72885,0.17584,1.752,0.67836,-0.43166,0.031772,-0.55773,0.15734,-0.030615,-0.38195,-0.81846,0.39847,0.18911,-1.473,-0.13778,0.52266,0.02289,-0.14505,-0.923,0.18993,-0.27067,-0.095073,0.029154,-1.7473,0.40709,-0.13628,-0.28236,0.071273,-0.7391,-0.12498,0.95001,0.13425,-0.042156,-0.80303,0.11233,0.1688,-0.36264,-0.69811,0.36836,0.16028,-0.036246,-0.13193,-0.12146,-0.1426,-0.052386,-0.36859,0.22365,0.058614,0.30447,0.064356,-0.12631,0.73297,-0.058738,0.35622,-0.19295,-0.46566,0.23724,0.28788,0.014681,0.16331,0.00080161
-0.5493,1.9899,-0.10369,-0.40047,0.21511,0.61175,-1.4343,0.4341,-0.26302,-0.97395,0.074212,0.32026,-0.50082,1.0408,-0.46312,-0.19045,0.072214,0.026481,0.046833,-0.052847,0.22745,-0.017595,0.52431,-0.0034176,-0.5297,0.064303,1.5295,-0.34332,0.76019,0.012744,-0.11753,0.0102,0.07265,-0.14064,-0.49441,-0.18184,0.35276,-0.21115,0.75477,0.22492,-0.044258,-0.004961,-1.5019,0.62308,-0.06272,-0.27925,-0.030857,0.79944,-0.18725,1.1738,-0.253,-0.38367,1.0954,-0.53453,-0.56242,-0.061717,0.77282,0.47842,0.37978,0.15211,-0.05279,-0.039438,0.13403,0.053093,0.040131,-0.50786,0.22684,-0.11265,0.15948,0.74644,-0.083634,0.19411,-0.054407,-0.47903,0.21668,0.054239,0.22303,0.12408,0.94474,-0.16225,0.064858,0.62687,-0.1022,0.1364,0.027118
0.0091452,-3.0473,1.2705,-1.1951,-0.50787,0.18628,0.95427,-0.0090014,0.37489,0.65469,-0.083678,-0.52965,0.57964,0.12362,1.2054,-0.56121,0.3307,0.10004,-0.073157,0.12434,0.057846,-0.54709,-0.20861,0.021271,-0.043003,0.18726,0.52104,0.044449,-0.87123,0.18134,0.30788,0.13306,-0.057252,0.13807,0.18752,0.77426,0.43398,1.5914,-0.074035,-0.15411,0.10622,-0.13172,1.0256,0.018959,0.10396,-0.059569,-0.69344,0.089069,0.30484,-0.47015,-0.34794,0.49844,0.10741,0.19448,0.52402,-0.42593,-0.25699,-1.2204,0.39003,0.079849,0.032225,-0.18239,0.41746,0.54899,-0.13515,-0.33716,-0.54316,-0.12848,-0.069727,-0.19747,-0.020819,0.01666,0.060597,0.27779,0.083901,-0.021366,0.068034,0.41913,-0.1733,-0.05297,0.056812,0.14343,0.34509,0.12051,0.0034076
-0.01068,1.1656,0.0063884,-0.13452,-0.23379,0.24216,-0.14304,-0.24485,-0.16002,-0.45788,0.057679,0.052927,-0.0119,0.080589,-0.03894,-0.12071,0.099928,-0.071091,-0.011545,-0.0028064,0.056783,0.22774,-0.12016,-0.0032893,-0.057437,0.0028299,0.35423,-0.10794,0.065321,-0.085104,0.037981,-0.028884,-0.014023,0.0073708,-0.21301,0.12519,-0.05992,0.28324,0.024013,0.078308,0.029501,0.004489,0.077151,0.014704,-0.0049492,0.0063144,0.024708,-0.060568,-0.050672,0.085476,0.013374,-0.019936,-0.050595,-0.10588,-0.11923,-0.032305,0.077011,0.41835,-0.12936,0.022056,0.10252,-0.0681,-0.15322,-0.12722,0.017411,0.066166,0.12298,0.076795,0.0055913,0.033674,0.063566,-0.020831,0.063487,0.042093,0.051701,0.072882,0.02365,0.05328,0.20906,-0.14582,0.043478,-0.013205,-0.011038,0.042077,0.0037086
0.022238,-0.59527,-0.38327,-0.53036,-0.22791,-0.24306,0.90572,0.045147,0.1145,0.041181,-0.0049905,0.31304,0.0017781,-0.17601,-0.4151,0.042159,0.025078,0.26062,0.080635,-0.025074,-0.013879,0.069183,0.071756,-0.030241,-0.20527,0.0089525,0.50246,0.054557,-0.081677,0.085116,-0.36625,0.026377,-0.16913,-0.053681,0.041736,0.25249,-0.070716,-0.045897,-0.01021,-0.15537,0.002411,0.013398,0.1057,-0.11153,-0.039095,-0.10132,0.20062,-0.04524,0.21393,0.33637,-0.011937,0.22319,-0.16126,0.12683,-0.079961,-0.061533,0.10195,0.0308,-0.12556,-0.10771,-0.057878,0.0047842,-0.079891,0.087699,-0.0088726,0.13291,0.075167,0.022905,0.081447,0.11087,-0.098452,-0.011033,0.02997,0.22418,-0.019143,-0.014643,-0.074756,-0.034446,-0.099805,-0.073925,0.024444,0.044249,0.053029,0.049308,-0.0080465
-0.27379,0.10597,-1.1067,0.13282,-0.46727,-0.13005,-0.53242,-0.38112,-0.51186,0.052902,-0.0054184,-0.47566,-0.1065,0.23071,0.022645,0.41267,-0.16943,0.28369,-0.051636,-0.055441,-0.048543,0.41881,0.27305,-0.15811,-0.070708,0.20856,0.75919,0.087273,-0.3316,-0.014318,-0.30299,-0.060387,-0.090276,-0.15823,0.16595,-0.22346,0.23562,-0.7367,-0.18554,-0.24228,0.032263,0.1076,-0.53113,0.22723,0.081102,0.25946,-0.26713,-0.47498,-0.055424,-0.031949,-0.23176,-0.38887,-0.11386,0.26028,0.20572,0.11434,0.083787,0.30925,0.033533,0.015927,-0.33841,-0.19934,-0.012771,0.19354,0.21951,-0.35311,0.022774,-0.00038983,-0.084436,-0.25912,-0.065031,0.15572,0.14341,-0.32957,0.017961,-0.06127,-0.17522,-0.05746,-0.0080664,0.54801,0.11725,-0.021427,-0.12469,0.19416,0.00057101
-0.079298,-0.35216,-0.87686,0.03991,-0.073948,-0.22059,-0.059686,0.10417,0.11479,0.27435,0.15595,0.075099,0.05126,-0.57668,-0.13031,0.10228,0.31427,-0.27605,0.18362,0.13615,-0.1871,-0.10181,0.07871,-0.03691,0.02566,-0.19597,0.69955,0.010949,0.17697,-0.059985,-0.2687,0.0008447,0.082415,-0.071332,0.038232,-0.11595,0.033065,-0.34527,-0.027404,0.14786,-0.035777,-0.049982,-0.31637,0.0070349,-0.045301,0.042275,0.12174,-0.39946,0.094767,0.026017,0.11157,0.0030495,0.14534,-0.037339,0.036651,0.056482,-0.036346,0.4508,-0.37102,0.123,-0.051201,-0.10623,0.014164,-0.21798,0.041616,0.047641,0.15079,0.013697,-0.07392,0.1157,-0.0027968,0.022433,0.0042747,-0.067422,-0.047553,0.018265,-0.063928,0.072861,-0.15578,-0.52226,0.13029,0.35219,0.023407,0.036834,-0.0039257
0.094808,1.7995,0.077301,-0.18397,-0.38906,0.58246,-0.8011,-0.5043,-0.34377,0.47504,0.19451,-0.22322,-0.13664,0.27029,-0.25151,-0.58081,0.020435,0.16633,-0.34686,0.14394,-0.092628,-0.18506,-0.031919,0.021583,-0.076339,-0.099628,-0.25261,0.44587,-0.40353,0.127,0.51202,-0.17522,-0.17134,-0.40243,-0.64183,-0.35415,0.28042,0.23319,0.10138,0.1309,0.028577,0.16799,-0.2795,0.38919,0.063761,0.14708,0.15503,-0.6999,-0.016524,0.90775,0.023621,-0.016237,0.51907,0.38172,-0.16079,0.2337,-0.15723,-1.2641,-1.0316,0.027815,-0.027522,-0.36638,0.0010001,0.58254,0.20047,-0.22948,-0.24961,0.090452,-0.2281,-0.44868,-0.17317,0.021026,-0.27187,0.2208,0.26976,-0.037506,-0.066813,-0.13974,-0.33312,-0.19948,-0.15422,-0.12938,0.15188,0.19183,0.0074356
-0.23031,0.2076,0.1748,-0.46787,-0.16918,0.47995,0.43302,-0.44566,0.47408,-0.8836,0.063121,0.76364,-0.048013,0.8637,-0.019972,0.35637,0.058939,0.010941,0.43249,0.21341,-0.096329,-0.17371,0.30126,0.29032,-0.18047,0.061445,1.1314,0.25463,0.0006931,-0.25328,0.067771,0.12751,0.20319,-0.0030803,-0.039041,-0.1774,-0.14585,-0.11612,-0.0037261,0.25623,0.050279,0.14194,-0.34181,0.013553,-0.099245,-0.07176,-0.56573,-0.0015557,0.4346,-0.019057,0.085302,-0.18226,-0.097439,0.059501,0.6783,-0.91477,-0.46366,0.60228,-0.50075,0.23324,0.0081751,-0.21772,-0.49196,0.39221,-0.059815,-0.4061,-0.10997,-0.17021,-0.14396,0.055781,0.23528,-0.0072043,0.42172,-0.048654,0.31014,0.26074,0.17665,0.04349,-0.447,-0.75852,-0.11718,0.46035,0.15869,0.41014,0.023712
-0.78785,1.8059,-7.2804,2.2786,12.648,-1.1601,-2.1011,7.26,5.3689,-0.30539,0.87989,3.0349,-1.652,-6.3259,-7.3715,0.19797,8.479,1.178,3.5482,-0.75036,-1.2047,-3.2158,2.1664,0.87173,5.1093,-4.1834,-6.9114,1.7406,13.548,1.0009,0.15082,2.8857,3.9624,6.0392,5.0305,-5.164,-0.20281,8.5138,-1.0239,-0.20513,-0.9472,1.6392,0.33702,-2.3087,1.7323,-1.2936,6.9178,15.574,-3.0104,-2.9701,5.9512,4.3272,5.4464,-6.4325,-4.7393,9.743,3.3528,8.1406,6.8319,-1.6965,0.49285,8.2427,0.95895,-8.4319,2.1804,5.9067,2.5767,1.3655,2.5506,8.1901,-2.2252,-2.0403,-4.7164,0.00063843,-3.9701,0.1461,-2.8888,-2.1013,16.751,9.1814,-2.0027,-1.3128,-1.4875,-2.3627,1.1575
0.085916,22.203,10.043,16.56,0.61202,-8.8155,6.0857,-5.7321,-17.102,-11.148,0.30047,-3.9602,0.22371,-1.6582,4.8245,3.8149,-6.168,-4.4036,0.71468,-7.1152,-4.9788,26.527,-10.144,-0.96778,8.6811,-7.7068,-19.188,-10.914,5.4993,-2.0452,11.513,-0.1944,-4.14,4.1306,3.7888,0.19363,-1.5918,10.734,-2.0533,-2.3702,2.0254,0.29092,19.726,-1.03,2.0089,5.1335,-7.2495,5.0558,-7.5405,6.3551,-0.40498,-0.37996,-4.7792,0.70882,0.29994,-4.7256,-3.9408,11.951,-17.388,-3.9113,-1.1163,3.4342,-4.3991,3.1451,1.4436,8.7684,4.3201,0.99531,1.3267,-7.4063,0.42744,0.64092,1.637,1.6053,2.4648,0.010283,4.1126,5.9852,-0.83603,-0.48723,5.9563,-0.1679,0.48253,-1.827,0.4713
