"","01 Agriculture","02 Aquaculture","03 Forestry and Logging","04 Fishing, Hunting and Trapping","05 Agriculture, Forestry and Fishing Support Services","06 Coal Mining","07 Oil and Gas Extraction","08 Metal Ore Mining","09 Non-Metallic Mineral Mining and Quarrying","10 Exploration and Other Mining Support Services","11Food Product Manufacturing","12Beverage and Tobacco Product Manufacturing","13Textile, Leather, Clothing and Footwear Manufacturing","14Wood Product Manufacturing","15Pulp, Paper and Converted Paper Product Manufacturing","16Printing (including the Reproduction of Recorded Media)","17Petroleum and Coal Product Manufacturing","18 Basic Chemical and Chemical Product Manufacturing","19Polymer Product and Rubber Product Manufacturing","20Non-Metallic Mineral Product Manufacturing","21Primary Metal and Metal Product Manufacturing","22Fabricated Metal Product Manufacturing","23Transport Equipment Manufacturing","24Machinery and Equipment Manufacturing","25Furniture and Other Manufacturing","26Electricity Supply","27Gas Supply","28Water Supply, Sewerage and Drainage Services","29Waste Collection, Treatment and Disposal Services","30 Building Construction","31 Heavy and Civil Engineering Construction","32 Construction Services","
33 Basic Material Wholesaling","34 Machinery and Equipment Wholesaling","35 Motor Vehicle and Motor Vehicle Parts Wholesaling","36 Grocery, Liquor and Tobacco Product Wholesaling","37 Other Goods Wholesaling","38 Commission-Based Wholesaling","39Motor Vehicle and Motor Vehicle Parts Retailing","40 Fuel Retailing","41 Food Retailing","42 Other Store-Based Retailing","43 Non-Store Retailing and Retail Commission Based Buying and/or Selling","44 Accommodation","45 Food and Beverage Services","46 Road Transport","47 Rail Transport","48 Water Transport","49 Air and Space Transport","50 Other Transport","51 Postal and Courier Pick-up and Delivery Services","52 Transport Support Services","53 Warehousing and Storage Services","54 Publishing and Broadcasting","55 Motion Picture and Sound Recording Activities","56 Broadcasting (except Internet)","58 Telecommunications Services","59 Internet Service Providers, Web Search Portals and Data Processing Services","60 Library and Other Information Services","62 Finance","63 Insurance and Superannuation Funds","64 Auxiliary Finance and Insurance Services","66 Rental and Hiring Services (except Real Estate)","67 Property Operators and Real Estate Services","69 Professional, Scientific and Technical Services (Except Computer System)
Design and Related Services)","70 Computer System Design and Related Services","72 Administrative Services","73 Building Cleaning, Pest Control and Other Support Services","75 Public Administration","76 Defence","77 Public Order, Safety and Regulatory Services","80 Preschool and School Education","81 Tertiary Education","82 Adult, Community and Other Education","84 Hospitals","85 Medical and Other Health Care Services","86 Residential Care Services","87 Social Assistance Services","89 Heritage Activities","90 Creative and Performing Arts Activities","91 Sports and Recreation Activities","92 Gambling Activities","94 Repair and Maintenance","95 Personal and other services (include activities for own use)"
"shares",0.0192211719943115,0.000482170932409767,0.000504684750265475,0.000452152508602155,0.00204875742486951,0.00313880143938342,0.00167727943025032,0.00915749541280961,0.00110692937790569,0.00567160594815068,0.0152118362645073,0.00276544729327625,0.00250466223644762,0.00287801638255479,0.00138835210110205,0.00210691812099676,0.00036584954015527,0.00353279325185833,0.00218196418051579,0.00253655681174321,0.00480482396070588,0.00577667043147732,0.00568473900856651,0.00874286593396697,0.00487987002022491,0.0052138249850846,0.000908057320180261,0.00240147390460895,0.00307125998581629,0.023127319392277,0.00811060288251915,0.0552507851693977,0.0064126857859011,0.00685920984003932,0.00180673388292064,0.00486298465683313,0.00589674412670777,0.000527198568121184,0.00742393143792002,0.00276732344476422,0.0310127840962391,0.0518155517949141,0.00237145548080134,0.00739954146857634,0.0575922222263914,0.0208365384254586,0.00328514125544553,0.000784231321973861,0.00343710952597156,0.00075421289816625,0.00790610237032979,0.00642394269482895,0.00663031935850628,0.00171855476298578,0.00285362641321111,0.00215757421117211,0.00604308394276988,0.00076734595858208,0.00126264995140768,0.0174331996262706,0.00925693144167233,0.0141724483401688,0.00265850665846163,0.0146883899993621,0.0700892672877979,0.0235475773255836,0.0145720686071076,0.0174594657471023,0.0477180369451751,0.0025684513870388,0.0174876080194219,0.0504590942691077,0.0185870327913757,0.0156152088344221,0.0407593910762731,0.0445342078700803,0.0188478178482043,0.0428888230151255,0.00251216684239952,0.0037204084006559,0.00843705324142693,0.00212943193885247,0.0187727717886853,0.0215907513236249
"",-0.0144362118821308,-0.0194140853472326,-0.0193480953568186,-0.0194043809259505,-0.0188725843992581,-0.0186319210760641,-0.0191054865953264,-0.0172326261982985,-0.01916371248337,-0.0182301737547542,-0.0152861645471668,-0.0187056724934235,-0.0187891283070428,-0.0187347849549057,-0.0191326586595367,-0.0189269280509385,-0.0194334942010922,-0.0184611291553919,-0.0188182408657095,-0.0187153766434813,-0.0180710292581488,-0.0179080042388938,-0.0179545827073469,-0.0168522488968747,-0.0182301737547542,-0.0181408974489773,-0.0192355245987156,-0.0189346914393936,-0.0188764660847478,-0.0133553777424923,-0.0174965648698506,-0.00604108583988562,-0.0179526419360932,-0.0177915584474329,-0.0189114012812635,-0.0181331343070223,-0.0179817535206852,-0.0193345092039455,-0.0177216912329008,-0.0187833057993766,-0.011838019793126,-0.00682867600275475,-0.0188842294575327,-0.0177158689738356,-0.00573459194129375,-0.014304258351958,-0.0186785008932927,-0.0193325683255667,-0.018775542457932,-0.0192995734161709,-0.0174111726417731,-0.0179351750016119,-0.0179526419360932,-0.019086077996115,-0.0187153766434813,-0.0190103846031648,-0.0181797131949262,-0.0192335837280243,-0.019181180276224,-0.015323035293896,-0.0168949440199101,-0.0162176527097688,-0.0188628801881746,-0.0156723398028486,-0.00195416293638177,-0.0138928782870697,-0.0157887757237384,-0.0151930176397534,-0.00726515906928372,-0.018874525241929,-0.0151542065307593,-0.00648143491714004,-0.014494426896265,-0.0156432309073557,-0.00900534731555662,-0.00897430610739834,-0.0147893850513084,-0.00872209771987137,-0.0189133421269423,-0.0186163944896054,-0.0175373203542604,-0.0190026211912043,-0.0146341434832808,-0.0140248296459354
"",-0.0453430792075553,-0.0532014743099589,-0.05339137679091,-0.0529345170276556,-0.052078510355164,-0.0516472113451462,-0.0535140544922797,-0.0496675815158509,-0.0529219642574127,-0.0519959114384112,-0.0465345278125734,-0.0518904123334609,-0.0519647370432185,-0.0516784951147038,-0.0527617456559204,-0.0532154462769814,-0.0535266381644216,-0.0506499117165296,-0.05244110601945,-0.0516871873863065,-0.0504013792369024,-0.0498233367411953,-0.0511913926478714,-0.0490482673887871,-0.0502487101539677,-0.051136972904279,-0.0528348487192229,-0.0521894559422456,-0.0520060362978158,-0.0426932282756986,-0.0502226690448389,-0.0300688866021117,-0.0502689633522754,-0.0506106823886866,-0.0527839029251987,-0.0520149627232732,-0.0506362967807954,-0.0526257305668976,-0.0492859511112536,-0.052583468440119,-0.040403693392234,-0.0293991677598574,-0.05293603916497,-0.0513894320731108,-0.0310550452857605,-0.0451766096095826,-0.0523757731091721,-0.0535319509594464,-0.0522414767819251,-0.0529762655518193,-0.0504080285772811,-0.0504002135766893,-0.0511600873219499,-0.0534492161199937,-0.0528899708377042,-0.0516566086657954,-0.0513553766532451,-0.0527683165592366,-0.0525610154622557,-0.0465571481923269,-0.0487656006401331,-0.0477758028394269,-0.0516270178391163,-0.0476912044307738,-0.024295345361722,-0.0450602943263455,-0.0448018295505651,-0.0452218742148816,-0.0395789070136135,-0.0525322045170013,-0.0479970651272981,-0.0351123674864794,-0.0476041903922616,-0.0481565544801378,-0.038887154293245,-0.0377287822526629,-0.0471946255385102,-0.0374960986966327,-0.0514461020216845,-0.0515923125509753,-0.0495377074937762,-0.0522865829155417,-0.0454432647173527,-0.0450205361912484
"",-0.0931222973589202,-0.102896569803049,-0.103310895867555,-0.102326173341915,-0.101205738392728,-0.100774966671525,-0.103863198384065,-0.0988265186954445,-0.102662111940923,-0.101856762372406,-0.0938683304545319,-0.101408289275448,-0.100965055169631,-0.100773457483579,-0.10237199764747,-0.103143052742872,-0.103590938328886,-0.0991390918752828,-0.101983180859065,-0.100840275719262,-0.0990279712891385,-0.0981363212082591,-0.10064487988308,-0.0973009945285115,-0.0986648966261587,-0.100336444945062,-0.10224275221646,-0.102003193697808,-0.100650241173758,-0.0890960993449698,-0.0989865472979766,-0.0726417829607269,-0.0988441280795737,-0.0994532240339694,-0.102530283867638,-0.102230928098615,-0.0994739513498495,-0.101900551412533,-0.0970378846705828,-0.102548049746257,-0.0865325802244801,-0.0699733649971335,-0.103055376402436,-0.100738798718075,-0.074300644109626,-0.0936660857653118,-0.102356403206661,-0.103460711782757,-0.101653526398883,-0.102509793362593,-0.0996589220812264,-0.0990735708392307,-0.100513914332556,-0.103720639287519,-0.10302352572013,-0.100285144757753,-0.101117377709844,-0.102162672970889,-0.101771948135275,-0.0945290542790404,-0.0974686179679314,-0.0960680667087098,-0.100848021977287,-0.096192615848559,-0.0653298680755806,-0.0930268630288796,-0.0898028282518709,-0.0927389580992761,-0.0898550222900101,-0.102098792343798,-0.0963934628669234,-0.0819872281136362,-0.0978591582518832,-0.0974200468201352,-0.0868194928182357,-0.0837358996485801,-0.0954853485220347,-0.083168477552555,-0.0998833521075908,-0.10065686218601,-0.0978172055428532,-0.101503980986457,-0.0926459049618006,-0.0932651738805879
"",-0.128146161580074,-0.139089136310111,-0.139666534961641,-0.138280982964351,-0.136960794163316,-0.136691679989719,-0.140551357388072,-0.13487074745614,-0.138899959490507,-0.138251672774123,-0.128321981042118,-0.137600968752149,-0.136409350020703,-0.13664080183317,-0.138466525149364,-0.139275058471711,-0.140107730276416,-0.13439329222893,-0.138049802012666,-0.136775440952506,-0.134589648513965,-0.13336545987722,-0.13664729429136,-0.132298803365965,-0.134004196360864,-0.136306081320503,-0.138155751559059,-0.138568042727664,-0.136047575072081,-0.123097930569832,-0.134388479084451,-0.103825206353765,-0.134207834923128,-0.134955058569113,-0.138743745969583,-0.138932034707273,-0.134859841196227,-0.137784988318311,-0.131658427155568,-0.138985901116655,-0.120291075941626,-0.0993893766956176,-0.139603197227641,-0.136482827116684,-0.105570975286188,-0.128978416331615,-0.138825915454644,-0.139761628668805,-0.137645581617717,-0.13850095031252,-0.13553577192545,-0.134326199657501,-0.136539557062327,-0.140340481472226,-0.139617044075989,-0.135569717745285,-0.137596793710998,-0.138122339602288,-0.13756525211106,-0.129462257392755,-0.13316456121341,-0.131257229960056,-0.13687711816168,-0.131569304399281,-0.0954338313741972,-0.128142676533991,-0.12230450329119,-0.127564693085693,-0.127114652391455,-0.138204797065849,-0.131437961311936,-0.116873512588594,-0.13482564375564,-0.133584369895997,-0.12238754852586,-0.117204011158156,-0.13036003403403,-0.116121524599054,-0.135047728076073,-0.136386228140709,-0.132879839862506,-0.137223167299951,-0.126779165537867,-0.128475496777553
"",-0.146762085046255,-0.158555471323853,-0.159240160270547,-0.15759212737716,-0.156132892998153,-0.156098889849983,-0.160362197986327,-0.154374611505678,-0.158387207165399,-0.157871945019177,-0.146588258633558,-0.157144370663827,-0.155216714247587,-0.15593365412432,-0.157792737369651,-0.158558145752839,-0.159819152814947,-0.153168442061215,-0.157404258432866,-0.156193683531275,-0.153734787402405,-0.152169950543068,-0.155965573053108,-0.150883123635755,-0.152886751700678,-0.155717261499056,-0.157400032719862,-0.158453589973156,-0.155063424448818,-0.141257815195756,-0.153234200881486,-0.119991302284208,-0.153078364551147,-0.153943008426673,-0.158184642774715,-0.158775407149686,-0.153665980622566,-0.157033589927312,-0.15006308416932,-0.158568342070021,-0.13803583564687,-0.114329383515467,-0.159314290982506,-0.155490694924202,-0.121418707637535,-0.147678264980754,-0.158511123855082,-0.159261796432112,-0.156979543818776,-0.157812585358043,-0.154713908383996,-0.153020378489239,-0.155953678973001,-0.160065330500608,-0.159386344483896,-0.154368409314131,-0.157255850680733,-0.157429910278194,-0.156744582973074,-0.148025897634809,-0.152384709712718,-0.150002273167724,-0.156318805081012,-0.150542581290807,-0.110836935022446,-0.146935882867196,-0.139160695841457,-0.146102990370526,-0.147663881164582,-0.157629239454568,-0.149903461301666,-0.135841061628234,-0.155005817437995,-0.153164146289637,-0.141704938561704,-0.134883390401023,-0.148797319671606,-0.133188671116201,-0.153791478408015,-0.155525661164745,-0.151476906563888,-0.156311552436836,-0.144721870249615,-0.147325520683606
"",-0.159242951595694,-0.171777156901039,-0.172505014939217,-0.170705262728119,-0.169165571736873,-0.169343847045144,-0.173809005686452,-0.167667050797269,-0.171588480264125,-0.171186084863607,-0.159024766560249,-0.170461908953471,-0.167914571775073,-0.169031085288083,-0.170842876708794,-0.17158618448451,-0.173212185528901,-0.165893400421766,-0.170527553406355,-0.169435333314101,-0.166795025717842,-0.164915988064172,-0.169059769376642,-0.163494919171846,-0.165676106471803,-0.168946239245355,-0.170451817878583,-0.17202348064895,-0.168073074109904,-0.153731248893332,-0.165993104465582,-0.131112943192942,-0.165879535528071,-0.166831328481682,-0.171360141864565,-0.172231396761222,-0.166377451834437,-0.170100709713544,-0.162628823946152,-0.171804014671623,-0.149963374102363,-0.124645227097531,-0.172688026843382,-0.16832451635065,-0.132133885600688,-0.160300492219685,-0.171866992930302,-0.172479848686253,-0.170124079680207,-0.170925361937355,-0.167686182185315,-0.165661545810588,-0.169157716798856,-0.173413905030285,-0.172801018004335,-0.167114589113042,-0.170520345249992,-0.170531680109004,-0.169757058924939,-0.160602022687271,-0.165483829009578,-0.162717077021316,-0.169537395348096,-0.163460379337044,-0.121336433731831,-0.159720485932734,-0.150635690833084,-0.158672990961787,-0.161854132250867,-0.170841514809552,-0.162365676043274,-0.148895829041581,-0.168764221557429,-0.166488375796093,-0.154888045954169,-0.147026017636855,-0.161312601480512,-0.144699302576069,-0.166542835329336,-0.168521975567938,-0.16405251854204,-0.169244649425348,-0.156848125721493,-0.160187980830777
"",-0.167404262494621,-0.180586074801967,-0.181321661879737,-0.179440218960048,-0.177852770610274,-0.178186823467249,-0.182762374334973,-0.176538349161169,-0.180357222087635,-0.180047744202927,-0.167344595072876,-0.179354238799176,-0.176347456547271,-0.17773802945234,-0.179479102833346,-0.180242826811752,-0.182135208903066,-0.174351583413281,-0.179257644526138,-0.178276562808283,-0.175515627826816,-0.173375261768034,-0.177761855573523,-0.171890259925971,-0.174158188671868,-0.177783251967504,-0.179137837246992,-0.181084268296007,-0.176792175966391,-0.162115676588709,-0.174467485813654,-0.138606319463711,-0.174403887191425,-0.175406662581355,-0.180117000578441,-0.181173526045784,-0.174818591430248,-0.178802923282808,-0.171046830640326,-0.180573579275849,-0.157796744269873,-0.131622230129718,-0.181590821301986,-0.176842746985188,-0.139289726228736,-0.168681478281712,-0.18074691593472,-0.181272721745282,-0.178895207301602,-0.179666389792706,-0.176297595084312,-0.174059125725231,-0.177952836358004,-0.182273708585061,-0.181720813112483,-0.175591552777917,-0.179279475474086,-0.179249942162399,-0.178416880480844,-0.168959601214603,-0.174235567942761,-0.171179139818173,-0.178335488094831,-0.172074722984564,-0.128320975711043,-0.168235930766359,-0.158318524526509,-0.167018946251024,-0.171438463526658,-0.179654421012447,-0.170636715060339,-0.157662083407772,-0.177961728220321,-0.175350030538929,-0.163675426595347,-0.155213651794098,-0.169676350202862,-0.152338027737332,-0.175060073478768,-0.177182420934473,-0.172415625518912,-0.177851738433471,-0.164900090947942,-0.168791423079654
"",-0.172600406656413,-0.186295295444417,-0.187020771341659,-0.185096335123623,-0.183480478954038,-0.183915717681485,-0.188560635880908,-0.182286236522643,-0.186021497070497,-0.185785243219798,-0.172759971967804,-0.185122861872178,-0.181804625206244,-0.183363412246788,-0.185043552580045,-0.185849441401536,-0.187916810753638,-0.179819343283775,-0.184904506816248,-0.184005085339912,-0.181164967954874,-0.178826815287961,-0.183388613028843,-0.177320634610005,-0.179621367135999,-0.183517979597296,-0.184761262780494,-0.186955397719808,-0.182457253486001,-0.167581701010217,-0.179948901012013,-0.143496232507477,-0.179924150167024,-0.1809504342098,-0.185778781354439,-0.186956568023248,-0.180276377108994,-0.184440428264763,-0.176523506335544,-0.186235983299725,-0.162805047922949,-0.136185333083886,-0.187357837372046,-0.182349150792708,-0.143960629127849,-0.17411503512834,-0.186486175797116,-0.186962469322271,-0.184590670365907,-0.185331442403676,-0.181861224406027,-0.179495859831491,-0.183643889679764,-0.187995869800287,-0.187487633431394,-0.181070331907145,-0.184914719309573,-0.184891673910074,-0.184017814618082,-0.174360735833453,-0.17991650385716,-0.176659162781185,-0.184026061759242,-0.177650985171021,-0.132809621799948,-0.173739790655899,-0.163308729574768,-0.1724053646887,-0.177717901151222,-0.185371366804568,-0.176000078087032,-0.163365542138337,-0.183942932152911,-0.181069336897453,-0.169349931102494,-0.160568888886325,-0.175114324105202,-0.157275969613196,-0.180589791333443,-0.182797035134658,-0.17783288030267,-0.18342387965614,-0.170104877706255,-0.174375666160288
"",-0.175789831925302,-0.189854502821754,-0.190566280444796,-0.188618270508378,-0.186983338513651,-0.187480639330283,-0.192173734056484,-0.185867051888281,-0.189542970565721,-0.189358879987708,-0.176151850331126,-0.188718076585711,-0.185202876619783,-0.186859245805845,-0.188497439399989,-0.189347578330739,-0.191519306556716,-0.183215482715945,-0.18841935334662,-0.187570529856592,-0.184679770534078,-0.182198116170134,-0.186888934238885,-0.180692965776911,-0.183002723491027,-0.187096215595871,-0.188262260436781,-0.190616773675969,-0.185985528480782,-0.170995643284404,-0.183362290024299,-0.146554330825241,-0.183365116916096,-0.184391694940295,-0.18929863705276,-0.190556337806216,-0.183672287750914,-0.187953494630296,-0.179936548768762,-0.189756990734863,-0.165892138840651,-0.139029757489918,-0.190955061416155,-0.185777080668208,-0.146898028609556,-0.177508262918636,-0.190056625727737,-0.19050413863673,-0.188149009766626,-0.188860228461455,-0.185324350719317,-0.18288393909151,-0.187183722316962,-0.191554941908681,-0.191076587124137,-0.184476329830196,-0.188409014097192,-0.18840207472488,-0.18750239709469,-0.177724506792079,-0.183463035698607,-0.180066873009505,-0.187566555388481,-0.181118701093035,-0.135568568662219,-0.177160851154472,-0.166417120927651,-0.175755402400984,-0.181667148701484,-0.188935256709744,-0.179351748374541,-0.166929604471065,-0.187684930024746,-0.184615700405459,-0.172876429928617,-0.163928512245157,-0.178511949622738,-0.160345174477458,-0.184041233563543,-0.186296599075111,-0.181210019147163,-0.186891771730982,-0.173340592921704,-0.177852721997184
"",-0.177767190451541,-0.192077423985518,-0.192779166570092,-0.190816617661852,-0.189166967941816,-0.189702745133514,-0.194430639979968,-0.188101629391942,-0.191741079827961,-0.191589729134431,-0.178282051908609,-0.190960317098868,-0.187321921403239,-0.189039789999773,-0.190651714057163,-0.191536481128073,-0.193768728733549,-0.185327826060181,-0.190614307477081,-0.189794148810092,-0.186869456116398,-0.184287106046857,-0.189070926529349,-0.182792182585277,-0.185105479808415,-0.189332069129785,-0.190446571367441,-0.192907676592471,-0.1881837404879,-0.173125456293267,-0.185493894900598,-0.148463297485861,-0.185516357605939,-0.18653138968113,-0.191492796268465,-0.192803202641485,-0.18579017900804,-0.190147178200619,-0.18206031393577,-0.19195176404543,-0.167802063959889,-0.140791892255403,-0.193203738934483,-0.187917845258855,-0.148740480157656,-0.179627485211571,-0.192284387126054,-0.192714273481097,-0.19037324041649,-0.191061569199215,-0.187484679667869,-0.184999696994343,-0.189391979202064,-0.193774635770244,-0.193317127473715,-0.186601698810081,-0.190586971148167,-0.190591531468896,-0.189676488544181,-0.179825597346609,-0.185678500241116,-0.182185641404084,-0.189776545647096,-0.183281116633409,-0.137269445087913,-0.179289209594775,-0.168351091595815,-0.177848298248979,-0.184146098115596,-0.19115930513884,-0.181446250249679,-0.169164174324328,-0.190029810412189,-0.186822966589578,-0.175074196932158,-0.166034860142198,-0.180633850242182,-0.162258370320949,-0.186197610910492,-0.188480010630761,-0.183319216714184,-0.189054680114155,-0.175357652611068,-0.180020178300398
"",-0.179023812179362,-0.193488499865574,-0.194184401733415,-0.192211838660135,-0.190550913139933,-0.191111386692615,-0.195863899027294,-0.189519522389632,-0.193138068282406,-0.193005583910205,-0.179640088460411,-0.192381017511989,-0.188664552999899,-0.190424304428162,-0.192021124706475,-0.192928350505636,-0.195196747092284,-0.186663449333544,-0.192009097244523,-0.191204009826294,-0.188256589392511,-0.185605666475135,-0.190454470041701,-0.184122776054514,-0.186438852549477,-0.190750736798457,-0.19183228284231,-0.194365857396378,-0.189575981627678,-0.174474028584857,-0.186847933991155,-0.149673007426099,-0.186883893535136,-0.187884720196399,-0.192884165361673,-0.194229552785988,-0.18713317411138,-0.191539615814024,-0.1834020644972,-0.193343225553744,-0.169005362596053,-0.14189626013009,-0.194632386262952,-0.189278162110038,-0.149908682394266,-0.180970216879464,-0.193698183924805,-0.194117284585827,-0.191784496259062,-0.192457351695704,-0.188854567826355,-0.186341888511619,-0.190793819946737,-0.195183162275494,-0.194740111120311,-0.187952530331839,-0.191970854330348,-0.19198039414331,-0.191056667807228,-0.181159934246628,-0.187083686235851,-0.183525239770767,-0.191180587208462,-0.184653479368012,-0.138340250918107,-0.180636676325882,-0.169573352239723,-0.179180012270246,-0.185721466948656,-0.192569506251737,-0.182774946510033,-0.170585459746092,-0.191520295709367,-0.188223111852544,-0.176468810549935,-0.167373469973756,-0.18197859278294,-0.163471031503398,-0.187566680563093,-0.189863849571748,-0.184657695027704,-0.190426415588771,-0.176636932005319,-0.181393132975294
"",-0.17983377435646,-0.194393275638105,-0.195086640439874,-0.193106965809279,-0.191437708591337,-0.192014311841995,-0.196783642370582,-0.190429007920466,-0.194035992267489,-0.193913559928517,-0.1805132359304,-0.193290666917337,-0.189523842019739,-0.191313411127045,-0.192901536843249,-0.193821690305101,-0.196112799731458,-0.187517497695691,-0.192905091898555,-0.192107985532427,-0.189145110907657,-0.186449225393248,-0.191341028899112,-0.184976635520697,-0.187295769140089,-0.191659673992374,-0.192720757605377,-0.195303619725405,-0.190468120837524,-0.175337137642173,-0.187716470103643,-0.1504470624151,-0.187762164502666,-0.188751070034271,-0.193776599098477,-0.195144139502853,-0.187993893493384,-0.192432521791659,-0.184258982308691,-0.194234128335519,-0.169771980022043,-0.142595578994047,-0.195548940360076,-0.190151609985092,-0.150653510630956,-0.181828398884558,-0.194605059007368,-0.195017724888029,-0.192687997228004,-0.193351995241619,-0.189731960925489,-0.187201693874234,-0.191693734067629,-0.196086268653835,-0.195653366190903,-0.188820987975972,-0.192859904237341,-0.192871113990642,-0.191942719242638,-0.182016077537847,-0.187983495594582,-0.184381735157625,-0.192082406286913,-0.18553473926116,-0.139025664225592,-0.181499828954237,-0.170354836284714,-0.180036327007604,-0.186730124575849,-0.193472838313329,-0.183623507333207,-0.171498155915319,-0.192475799125413,-0.189122477531235,-0.177363963739287,-0.168231362875923,-0.182839639019374,-0.164248574980421,-0.188444704286509,-0.190749921907371,-0.185515474135672,-0.191305919229972,-0.177457030140302,-0.182272891492376
"",-0.18035222578851,-0.194969236134958,-0.195661846924953,-0.193677384642664,-0.192002460736371,-0.192589328759049,-0.197369574217335,-0.191008500878348,-0.194608984866128,-0.194491793567282,-0.181069107833346,-0.1938692771564,-0.190070051143318,-0.191880359929532,-0.193463098744679,-0.194390301290931,-0.196696445210392,-0.188060260270593,-0.193476561762383,-0.192683905874712,-0.189710660548123,-0.186986825634279,-0.191905049861895,-0.185521863859558,-0.187843325298294,-0.192237720089893,-0.193286595359411,-0.195901430196966,-0.191036808149853,-0.175886681644531,-0.188269132673,-0.150939058927447,-0.188321764572817,-0.189302834581065,-0.194345531933236,-0.195726361389298,-0.188541686258931,-0.193000956426975,-0.184803967017569,-0.194800100583302,-0.170255507016595,-0.143036772108182,-0.196132345065223,-0.19070807305416,-0.151123610274685,-0.18237281661925,-0.195182335236618,-0.195591778388354,-0.193262047277834,-0.193921946125036,-0.190289242018389,-0.187747880351394,-0.192267540702243,-0.196661026532934,-0.196234890275702,-0.189375395086814,-0.193426812747913,-0.193438546178098,-0.192507660813513,-0.18256055972542,-0.188555326494392,-0.184926923554231,-0.192657586017242,-0.186097004682049,-0.13946326259736,-0.182049575312165,-0.170851818636034,-0.180581986318716,-0.187369972130427,-0.194047578532629,-0.184159924736233,-0.17207859773044,-0.193083394478615,-0.189696862393259,-0.177934777802222,-0.168776529449418,-0.183387743349631,-0.164743593153671,-0.189003768035339,-0.1913135458333,-0.186061373002349,-0.191866373814745,-0.177979130341153,-0.182833395206114
"",-0.180691730755453,-0.195345471451501,-0.196037881232999,-0.194050225254255,-0.192371670648256,-0.192965109655025,-0.19775237836807,-0.191387033609618,-0.194983592267783,-0.194869606875834,-0.181431281008801,-0.194247336070271,-0.190426972147595,-0.192250936084523,-0.193829999252256,-0.194761279714508,-0.197077914879956,-0.188414793354032,-0.193850130055569,-0.193060252828788,-0.190080197329703,-0.187339052229909,-0.19227337213331,-0.185878905359187,-0.188201616281048,-0.192615140144371,-0.193656482427324,-0.196291388687473,-0.191408754950065,-0.176245569194433,-0.188630055935449,-0.151259749825474,-0.188687077550445,-0.189663832998905,-0.194717552133832,-0.196106631552627,-0.18889962847461,-0.19337221475589,-0.185160511234095,-0.195169370951236,-0.170569299598399,-0.143324604063619,-0.196513304295197,-0.191071395134541,-0.151429484849423,-0.182728113846299,-0.195559120983448,-0.195967156166766,-0.193636759886013,-0.194294790530049,-0.190652776466816,-0.188103830740708,-0.192642490436479,-0.197036637679276,-0.196614746357578,-0.189737928335907,-0.193797355146686,-0.193809420111726,-0.192877076008283,-0.182915713816542,-0.188928529757733,-0.185283828492003,-0.193033420238887,-0.186464868619398,-0.13974962417343,-0.182408959588546,-0.17117712870115,-0.180938192947604,-0.187786418396643,-0.194422985983243,-0.184508833166461,-0.172456229569361,-0.193479420384937,-0.190072771635223,-0.178308118231646,-0.16913170219517,-0.183746634758271,-0.165067358068005,-0.189369034106747,-0.191681819571795,-0.18641831490037,-0.192232894161705,-0.178320077624715,-0.183199975973074
"",-0.180917352203007,-0.195595640536129,-0.196287913897269,-0.194298157713108,-0.192617350695229,-0.193215012323825,-0.198006833264032,-0.191638618106926,-0.195232525220346,-0.195120832261926,-0.181671199233603,-0.194498895551085,-0.190664616234285,-0.192497250447497,-0.194073703442224,-0.195007615754195,-0.197331599943932,-0.188650767999668,-0.194098424768022,-0.193310475582329,-0.190325915170801,-0.187573948648228,-0.192518275770111,-0.186116571336491,-0.188439785228946,-0.192866064610636,-0.193902570873924,-0.196549904970546,-0.1916561986025,-0.176484221349317,-0.188869982456775,-0.151472520098653,-0.188929615202432,-0.189904284085258,-0.19496502224441,-0.196359452347795,-0.189137780975749,-0.193619015874743,-0.185398204767915,-0.195414882853787,-0.17077744766758,-0.143516729842543,-0.196766498189895,-0.191312635337317,-0.151632965838629,-0.182964684679549,-0.195809389774704,-0.196216849673267,-0.193885997947212,-0.194543030539486,-0.190894378756957,-0.188340191405566,-0.192891629095001,-0.197286517392706,-0.196867197933976,-0.189978805014461,-0.194043661841066,-0.19405608395662,-0.1931227452191,-0.183151540076584,-0.189176573378291,-0.18552189009333,-0.193283130576799,-0.186709522427424,-0.139940183850518,-0.182648095358384,-0.171394029667683,-0.18117453864244,-0.188062529505939,-0.194672674516681,-0.184740500609031,-0.172706190750466,-0.193742215872429,-0.190322700637277,-0.178556410184854,-0.169367206021482,-0.183985950344426,-0.165282872660554,-0.189611887775159,-0.19192691826886,-0.18665594925932,-0.192476812019886,-0.178546739969199,-0.183443914374037
"",-0.181067420666461,-0.195762272047357,-0.196454356382126,-0.194463219809086,-0.192781041419258,-0.193381416503512,-0.198176210266867,-0.191806040425531,-0.195398084170997,-0.195288142963245,-0.181830425455544,-0.194666558682156,-0.19082320584121,-0.192661132736538,-0.194235821909988,-0.195171534646491,-0.197500528576032,-0.188808158022036,-0.194263623087424,-0.193477019462492,-0.190489554574882,-0.187730714128104,-0.192681459153579,-0.186274800693263,-0.188598110236966,-0.193033221306366,-0.19406653020647,-0.196721526895788,-0.191820890668465,-0.176643040851147,-0.189029835370293,-0.151613956198607,-0.189090883717168,-0.190064598447906,-0.195129785747507,-0.19652785421129,-0.189296524252647,-0.193783360206349,-0.185556851361675,-0.195578602780215,-0.170916442093885,-0.143645389771771,-0.196935112301022,-0.191473081272157,-0.151769108942505,-0.183122708769818,-0.195975930801467,-0.196383123603271,-0.194052209886887,-0.194708490936777,-0.191055428587569,-0.188497553867806,-0.193057341530769,-0.197453119025469,-0.197035276135431,-0.190138980904795,-0.194207678730096,-0.194220358459676,-0.193286297765427,-0.183308514174473,-0.189341803556922,-0.185680902013743,-0.193449225286982,-0.18687231080333,-0.140066975786671,-0.182807493703469,-0.171538890827864,-0.181331689036523,-0.188246047739981,-0.194839022232281,-0.184895219396184,-0.172871913161885,-0.193916928946068,-0.190488913020203,-0.178721720775927,-0.169523685299165,-0.184145666266893,-0.165426524435481,-0.189773606951533,-0.192090345575419,-0.18681445304174,-0.192639317644276,-0.17869769269903,-0.18360633068175
"",-0.181165843932285,-0.195871618076858,-0.196563497312272,-0.194571442998656,-0.192888428371434,-0.193490538891815,-0.198287289107696,-0.191915829505671,-0.195506549809144,-0.195397907465174,-0.181934639920811,-0.194776612329578,-0.19092745910435,-0.192768525267628,-0.194342176047695,-0.195279069264063,-0.197611319709897,-0.188911578732963,-0.194371877308545,-0.193586184875539,-0.190596897728783,-0.187833649008801,-0.192788650575032,-0.186378434988157,-0.188701746110942,-0.19314292397323,-0.194174111379732,-0.196833903757235,-0.191928752501383,-0.176747092778744,-0.189134799607226,-0.151706618750608,-0.189196561671196,-0.190169791989112,-0.19523778414747,-0.196638378654241,-0.189400785850791,-0.193891186072912,-0.18566096700957,-0.195686305617083,-0.17100843565827,-0.14373013454171,-0.197045790696066,-0.191578259386336,-0.151859025368977,-0.183226762402194,-0.196085196645397,-0.196492168239107,-0.194161456153317,-0.194817047800857,-0.191161345632088,-0.188600916530877,-0.193165918994592,-0.197562598138921,-0.197145563733216,-0.190243902641866,-0.194315356616019,-0.194328122565871,-0.193393541297506,-0.183411610232876,-0.18945027418566,-0.185785427701602,-0.193558076697273,-0.186978928688768,-0.140150047592634,-0.182912228478118,-0.171634123736493,-0.181434783127331,-0.188366339639592,-0.194948185561053,-0.184997335051986,-0.17298030001878,-0.194031383634013,-0.190597724785121,-0.178830133427831,-0.169626144502595,-0.184250460190692,-0.165520822405908,-0.189879696136778,-0.192197684985054,-0.186918551916839,-0.192745890322436,-0.178796772028964,-0.183712729696756
"",-0.181231247080863,-0.195944129120521,-0.196635845074876,-0.194643172354154,-0.192959614816812,-0.193562882389801,-0.198360929258748,-0.191988604518523,-0.195578444185122,-0.195470696808693,-0.182003753194005,-0.194849577583941,-0.190996633191894,-0.192839706571451,-0.194412781661517,-0.195350407745742,-0.197684766389144,-0.188980226190564,-0.194443610183882,-0.193658537409529,-0.190668109899284,-0.187901902331195,-0.192859809622215,-0.186447077760937,-0.188770444986549,-0.193215676860122,-0.194245437556694,-0.196908443219841,-0.192000204167464,-0.176816007106357,-0.189204460379168,-0.151768112755911,-0.189266643188834,-0.190239517599351,-0.195309356919728,-0.196711684811755,-0.18946995857755,-0.193962691382216,-0.185729957616234,-0.195757892412125,-0.171069979563128,-0.143786373215662,-0.197119197172442,-0.19164802609271,-0.151918855552652,-0.18329585704134,-0.196157705995691,-0.196564442843786,-0.194233942362618,-0.194888971878995,-0.191231714130674,-0.188669577921904,-0.193237907701915,-0.19763525576296,-0.197218713296109,-0.190313457900246,-0.194386854599409,-0.194399583544048,-0.193464627155944,-0.183480052821047,-0.189522229867813,-0.18585472578976,-0.193630248602726,-0.187049549435766,-0.140205168830024,-0.182981716649776,-0.171697296887953,-0.181503240902669,-0.188446100467691,-0.19502056710607,-0.185065439907759,-0.173052173316922,-0.194107252233515,-0.190669848605896,-0.178901976403632,-0.169694120327078,-0.184319814190151,-0.165583390603179,-0.189950030768488,-0.192268867580714,-0.186987572536803,-0.192816523694251,-0.178862526559491,-0.183783168673464
"",-0.181274956458485,-0.19599244155514,-0.196684050905917,-0.194690957845384,-0.193007030774746,-0.193611086496712,-0.19840999806756,-0.192037103463522,-0.195626368493323,-0.195519200630889,-0.18204986686568,-0.194898171914475,-0.191042706418988,-0.192887144587043,-0.19445990646501,-0.195397971210446,-0.197733698690194,-0.189025981882835,-0.19449140411855,-0.193706745376579,-0.190715589787342,-0.187947359868513,-0.192907262934442,-0.18649279723128,-0.188816272567988,-0.19326414302189,-0.194292949773375,-0.196958197948803,-0.192047804582523,-0.176861905053169,-0.189250897464191,-0.151809171203532,-0.189313382458839,-0.190285946102095,-0.19535703822994,-0.196760532883906,-0.189516053930467,-0.194010342769857,-0.185775866395268,-0.195805658235373,-0.171111248435315,-0.143823773961947,-0.197168112190911,-0.191694562715355,-0.15195872764983,-0.183341876145062,-0.196206071730952,-0.196612589182101,-0.194282225661215,-0.194936844394652,-0.191278656193317,-0.188715400223398,-0.193285906928163,-0.197683677903062,-0.197267467562294,-0.190359839321934,-0.19443455928544,-0.194447204431237,-0.193511990797911,-0.183525705662909,-0.189570182876934,-0.185900844845741,-0.193678368785065,-0.187096587647782,-0.140241978310902,-0.183028043466947,-0.171739360924456,-0.181548943460166,-0.188499261256312,-0.195068784336331,-0.185110980942312,-0.173100133661997,-0.194157817262095,-0.190717941755161,-0.178949829649975,-0.169739480922958,-0.184365898060205,-0.165625086469881,-0.189996893485993,-0.192316272769325,-0.187033522672256,-0.192863568394525,-0.178906376133524,-0.18383004581482
"",-0.181303949114233,-0.196024394730427,-0.196715944279913,-0.194722572491871,-0.193038392153745,-0.193642981331067,-0.198442461674474,-0.192069200602831,-0.195658098398653,-0.195551288447466,-0.182080426259879,-0.19493029886386,-0.191073148290108,-0.192918544572243,-0.194491122714484,-0.19542944854955,-0.197766069090003,-0.18905624532633,-0.194523030720708,-0.193738649946952,-0.190747020629606,-0.18797742157397,-0.19293866127734,-0.186523060475556,-0.1888466540418,-0.193296189356643,-0.19432437025939,-0.196991179068583,-0.192079319363429,-0.176892291812573,-0.189281610395584,-0.151836405272861,-0.189344337535107,-0.190316648348411,-0.195388592344011,-0.196792841620813,-0.189546535838146,-0.194041866958203,-0.185806211804071,-0.195837258075591,-0.171138602531272,-0.14384845275413,-0.197200459443557,-0.191725383367138,-0.151985024275876,-0.183372262471213,-0.196238093798205,-0.196644437484016,-0.194314129199486,-0.19496848448481,-0.19130970248152,-0.188745739362318,-0.193317696596652,-0.197715687254617,-0.197299716925641,-0.190390558663318,-0.194466143800114,-0.194478713442615,-0.19354332606336,-0.183555912323068,-0.189601896914711,-0.185931309287415,-0.193710233943388,-0.187127714723961,-0.140266412298982,-0.183058692747579,-0.171767150201454,-0.18157921465246,-0.188534439886588,-0.19510067276506,-0.185141114057826,-0.173131936405436,-0.194191295125576,-0.190749809976378,-0.17898147632323,-0.169769545825232,-0.184396307804853,-0.165652665275339,-0.190027891130857,-0.19234760534698,-0.187063879358416,-0.192894686690978,-0.178935403648695,-0.183861044903519
"",-0.181322740738341,-0.19604507650187,-0.196736596555417,-0.194743049148936,-0.193058700417488,-0.193663637546623,-0.198463481782178,-0.19208999782818,-0.195678658201308,-0.195572064435441,-0.182100235356411,-0.194951088982894,-0.191092827661376,-0.192938888405934,-0.194511338775006,-0.19544982862818,-0.197787030173506,-0.189075829479861,-0.194543517558887,-0.193759323997193,-0.190767382622563,-0.187996888518842,-0.192958981353232,-0.186542683870711,-0.188866370168299,-0.193316926483025,-0.194344707582675,-0.197012560599915,-0.192099755953611,-0.176912011394457,-0.189301475156782,-0.151854089226577,-0.189364398429219,-0.190336529019759,-0.195409039897205,-0.196813752789385,-0.189566256631301,-0.194062276027808,-0.185825866374705,-0.195857688811549,-0.171156255526761,-0.143864408411119,-0.197221388251236,-0.191745351333522,-0.152001967246476,-0.183391888782663,-0.196258830831947,-0.196665060209187,-0.194334755340485,-0.194988962568127,-0.191329771406487,-0.188765375027396,-0.193338304705061,-0.1977363819151,-0.197320583054999,-0.190410469396313,-0.194486593092263,-0.194499118899981,-0.193563617336036,-0.18357545189574,-0.189622420080648,-0.185951018220808,-0.193730887138699,-0.187147882266091,-0.140282296343106,-0.18307854268222,-0.171785119272523,-0.181598812046502,-0.188557212170144,-0.195121314546467,-0.185160555738226,-0.173152571508496,-0.194212996798884,-0.190770482785056,-0.179001967218074,-0.169789039205951,-0.184415969234512,-0.165670506993955,-0.190047957490199,-0.192367876272421,-0.187083507102652,-0.192914840969227,-0.178954204469537,-0.183881126901503
"",-0.181334981014613,-0.196058565694822,-0.196750067918805,-0.194756410695598,-0.193071952173803,-0.193677114761267,-0.198477193182037,-0.192103565514856,-0.195692070983405,-0.195585616315352,-0.182113164068088,-0.194964651869506,-0.19110565700495,-0.192952164102728,-0.194524511303722,-0.195463119596291,-0.197800704350728,-0.189088601040185,-0.194556884555737,-0.193772817180272,-0.19078066573632,-0.188009589663621,-0.192972226496292,-0.186555496500668,-0.188879237113247,-0.193330454866498,-0.194357973915522,-0.197026503348021,-0.192113100427749,-0.17692489586151,-0.189314423796527,-0.151865633798033,-0.189377484691502,-0.190349503907254,-0.195422385793444,-0.196827390339108,-0.189579113062024,-0.194075587996174,-0.185838702574881,-0.195870992488976,-0.17116770856916,-0.14387483900292,-0.197235033283913,-0.191758373395519,-0.152012995125723,-0.183404675446485,-0.196272350434485,-0.196678513094384,-0.194348202266272,-0.195002326067578,-0.191342842852785,-0.188778171381461,-0.193351752001754,-0.197749866591604,-0.197334188125913,-0.190423457300378,-0.194499919140979,-0.194512430568404,-0.193576854009117,-0.183588183993719,-0.189635806369936,-0.185963873027443,-0.193744360648696,-0.187161046807173,-0.140292669032037,-0.183091480852431,-0.171796837490184,-0.181611583394546,-0.188572073991541,-0.195134781537933,-0.18517318616378,-0.173166054439792,-0.194227167334534,-0.190783974686268,-0.17901533512891,-0.169801761188008,-0.184428809196405,-0.165682142380413,-0.190061045212459,-0.192381097911778,-0.187096306308262,-0.192927992578801,-0.178966465950141,-0.183894245252942
"",-0.181343007109436,-0.196067434436018,-0.196758923266225,-0.194765196727715,-0.193080667619503,-0.193685976012388,-0.198486206907371,-0.192112484630247,-0.19570088547614,-0.195594525266226,-0.182121660824812,-0.194973572577929,-0.19111409306029,-0.192960892461159,-0.194533157319255,-0.195471855205802,-0.197809694434076,-0.189096997283377,-0.194565672788632,-0.193781689715421,-0.190789394950794,-0.188017941515358,-0.19298092874813,-0.186563922721213,-0.188887689141773,-0.193339351929228,-0.194366697184258,-0.197035657768528,-0.192121876518633,-0.176933376452412,-0.189322933330059,-0.151873219156453,-0.189386083105287,-0.190358039043771,-0.195431161950848,-0.196836356299816,-0.189587563088237,-0.194084339541784,-0.185847153794363,-0.195879726941748,-0.171175200642104,-0.143881721262331,-0.197244002027649,-0.191766928101323,-0.152020245679549,-0.183413082496539,-0.196281231279997,-0.196687357682459,-0.194357044672003,-0.195011118386668,-0.19135142781124,-0.188786576076998,-0.193360589737302,-0.197758727074064,-0.197343130039834,-0.190431989902748,-0.194508668900168,-0.194521181507663,-0.193585555539915,-0.18359654691224,-0.189644607825301,-0.185972330369813,-0.193753214640885,-0.187169704352931,-0.140299483755835,-0.183099980656166,-0.171804543620321,-0.181619966954879,-0.188581849252807,-0.19514363871321,-0.185181462922314,-0.173174922110009,-0.194236488731547,-0.190792838731696,-0.179024124969759,-0.169810120294519,-0.184437268329659,-0.165689789222718,-0.190069649215378,-0.192389794001668,-0.187104723949304,-0.19293664172469,-0.17897452432468,-0.183902881579544
"",-0.181348254784362,-0.196073250438658,-0.19676472832888,-0.194770957178498,-0.193086383078107,-0.193691785334148,-0.198492116499172,-0.192118330951725,-0.195706660625517,-0.195600365995243,-0.182127227746792,-0.194979424972581,-0.191119628872698,-0.192966613588849,-0.194538818018939,-0.195477582048367,-0.197815588396784,-0.1891025032914,-0.19457143374235,-0.193787505627733,-0.190795114299862,-0.188023416895893,-0.19298663280392,-0.186569444273495,-0.18889322027016,-0.193345188419814,-0.194372417952433,-0.197041650486088,-0.192127627202211,-0.176938936916906,-0.189328513286013,-0.151878183462877,-0.18939171567432,-0.190363636979966,-0.195436914561315,-0.196842236028173,-0.189593104135801,-0.194090077771049,-0.185852699213741,-0.195885451199033,-0.171180101996121,-0.143886249750109,-0.19724988393276,-0.191772532104399,-0.152025011755901,-0.183418601712877,-0.196287049829806,-0.196693156430137,-0.194362847743303,-0.195016887501431,-0.191357056791334,-0.188792083792497,-0.193366379151505,-0.197764537897629,-0.197348993573014,-0.190437578012215,-0.194514399572534,-0.194526918083211,-0.193591259922016,-0.183602029596501,-0.189650380720464,-0.185977880510768,-0.193759014908824,-0.187175379964385,-0.140303940804796,-0.183105550790727,-0.1718095999595,-0.1816254577072,-0.188588262691885,-0.195149448529325,-0.18518688364361,-0.173180733767715,-0.19424260003558,-0.190798640942349,-0.179029889182711,-0.169815594008828,-0.184442827011429,-0.165694802543391,-0.190075290879765,-0.192395499947757,-0.187110247778264,-0.192942312563013,-0.178979805461311,-0.183908548663761
"",-0.181351636357893,-0.196077005826094,-0.196768475158171,-0.194774674738701,-0.19309007221273,-0.193695534015195,-0.198495931334717,-0.19212210465496,-0.195710385848297,-0.195604136027936,-0.182130818196224,-0.194983204550198,-0.191123206355161,-0.192970304552213,-0.194542470150703,-0.195481279248831,-0.197819392549233,-0.189106058381992,-0.194575151376888,-0.193791257715478,-0.19079880330304,-0.188026949935421,-0.192990316086479,-0.186573003917164,-0.188896782744466,-0.193348957545491,-0.194376111345076,-0.197045514620891,-0.192131334141625,-0.176942523132105,-0.18933211688945,-0.151881380869501,-0.189395348391355,-0.190367249877741,-0.195440625302005,-0.19684603272425,-0.189596682850404,-0.19409378232754,-0.185856277222561,-0.195889149002878,-0.171183271672471,-0.143889178120344,-0.197253683613294,-0.191776147259805,-0.152028100995548,-0.183422171934665,-0.196290804692992,-0.19669689944937,-0.194366598997345,-0.195020613259314,-0.191360694663375,-0.188795639566492,-0.193370112356898,-0.197768292623347,-0.197352780395751,-0.190441181353142,-0.194518097736913,-0.194530620362927,-0.193594941795347,-0.183605572009118,-0.189654109264202,-0.185981466608277,-0.193762756072133,-0.187179041341083,-0.140306809212389,-0.183109148316796,-0.171812866790921,-0.181629001893357,-0.188592405114137,-0.195153200022212,-0.185190387634217,-0.173184480807738,-0.194246542177265,-0.190802378497488,-0.179033611473195,-0.169819120842339,-0.184446419452662,-0.165698038480977,-0.190078933424957,-0.192399186450458,-0.187113816819368,-0.192945971546636,-0.178983213415182,-0.183912206217966
"",-0.181353852740377,-0.196079465749153,-0.196770929270133,-0.19477710897138,-0.193092487679343,-0.193697988645309,-0.19849843001053,-0.192124575734046,-0.195712825501817,-0.195606605246582,-0.182133169976419,-0.194985679986988,-0.191125550699268,-0.19297272126849,-0.194544863805048,-0.19548370111263,-0.197821883940356,-0.189108386909002,-0.194577585903378,-0.193793714009139,-0.190801219207922,-0.188029262985196,-0.192992729660525,-0.186575333266631,-0.188899114250583,-0.193351426488568,-0.194378530420849,-0.197048046107415,-0.192133759677667,-0.176944868074663,-0.189334478654778,-0.151883473092864,-0.189397727503984,-0.190369614869952,-0.195443054207539,-0.196848519613812,-0.189599027674313,-0.194096208798924,-0.185858617809204,-0.195891573570076,-0.171185354874333,-0.143891093629582,-0.197256173607404,-0.191778515389076,-0.152030129328401,-0.183424512518324,-0.196293264548013,-0.196699350835323,-0.194369057420056,-0.195023053008378,-0.191363080243717,-0.188797969477007,-0.193372556472594,-0.197770754136409,-0.197355262007724,-0.190443541312401,-0.19452052138201,-0.194533044988383,-0.193597353419586,-0.183607894520373,-0.189656552262009,-0.185983814945371,-0.193765205770123,-0.187181438583805,-0.140308684357776,-0.183111505375877,-0.171815007604936,-0.181631326108618,-0.188595118783884,-0.195155656754376,-0.185192689347129,-0.173186932963204,-0.19424912203736,-0.190804824991082,-0.179036049749622,-0.169821430050975,-0.184448771694782,-0.165700159244851,-0.190081319636261,-0.192401601307808,-0.187116155565741,-0.192948366899941,-0.178985445109583,-0.183914599828935
"",-0.181355322752524,-0.196081094127532,-0.196772554064971,-0.194778720079009,-0.193094086062187,-0.193699613340929,-0.198500084191,-0.192126211604247,-0.195714441062385,-0.195608239813406,-0.182134727428482,-0.1949873181346,-0.191127102478596,-0.192974321007641,-0.194546450397483,-0.195485304560237,-0.197823533132208,-0.18910992809945,-0.194579197592596,-0.193795339615938,-0.190802818817976,-0.188030793677244,-0.19299432816727,-0.186576874657054,-0.188900658382863,-0.193353060427495,-0.194380131612113,-0.197049723756208,-0.19213536469093,-0.176946418473981,-0.189336042727762,-0.151884858509231,-0.189399303165654,-0.19037117940515,-0.195444661525528,-0.196850165749966,-0.189600580241181,-0.19409781511805,-0.185860164997665,-0.195893180152351,-0.17118673876048,-0.143892357585596,-0.197257822404416,-0.191780084016165,-0.152031472531372,-0.183426061913012,-0.196294893812509,-0.196700973615325,-0.194370684685765,-0.195024667158849,-0.191364660837398,-0.188799512738989,-0.193374174660294,-0.197772384509505,-0.197356905393627,-0.190445104547716,-0.194522127299868,-0.194534650014813,-0.193598950105909,-0.183609433278894,-0.189658169586194,-0.185985368577506,-0.193766827862489,-0.187183025283596,-0.140309925544397,-0.183113066694442,-0.171816424731037,-0.181632866936509,-0.188596914776889,-0.195157282477812,-0.185194217069491,-0.173188555283165,-0.194250828719178,-0.190806445112022,-0.179037663861566,-0.169822959331089,-0.184450326667006,-0.165701563730804,-0.190082899550502,-0.192403199371229,-0.187117703634395,-0.192949952008406,-0.178986922540516,-0.18391618270068
"",-0.181356295633927,-0.196082169203431,-0.196773627139504,-0.194779783908557,-0.19309514125099,-0.193700686188307,-0.198501176524583,-0.19212729200475,-0.195715508504937,-0.195609319178058,-0.1821357564001,-0.194988399285137,-0.191128126510066,-0.192975377547122,-0.19454749935809,-0.195486363366413,-0.197824622189878,-0.189110945464557,-0.194580262041517,-0.193796413148472,-0.190803875626073,-0.188031804431417,-0.192995383898792,-0.186577892898569,-0.188901679489955,-0.193354138814309,-0.194381188723953,-0.197050833024881,-0.192136424935081,-0.176947441875241,-0.189337075504284,-0.151885774555709,-0.189400344417533,-0.190372212058187,-0.195445722978401,-0.19685125246712,-0.189601605358229,-0.194098875757233,-0.185861185742441,-0.19589424139835,-0.171187654022835,-0.143893189163924,-0.197258911021891,-0.191781120617425,-0.152032357883405,-0.183427084036152,-0.196295970217647,-0.196702045253379,-0.194371758408085,-0.195025732352096,-0.191365704569381,-0.188800532055555,-0.193375243842854,-0.197773461016911,-0.197357990530365,-0.190446137852807,-0.194523188664923,-0.194535709958152,-0.193600004625294,-0.183610449530417,-0.189659237255764,-0.185986393721291,-0.193767899656049,-0.187184073181337,-0.140310746339603,-0.183114098258895,-0.171817360124026,-0.181633885471839,-0.188598099900658,-0.195158355479942,-0.185195227056825,-0.173189626308121,-0.194251955395525,-0.190807516308563,-0.179038729601735,-0.169823970201105,-0.184451351713045,-0.165702491354008,-0.190083942878051,-0.192404253934494,-0.187118725355349,-0.192950998648624,-0.178987898293552,-0.183917227077029
"",-0.181356927848476,-0.196082866521097,-0.19677432343199,-0.194780474224837,-0.193095825856988,-0.193701382304737,-0.198501885199984,-0.192127993304728,-0.195716201440339,-0.195610019489365,-0.1821364240843,-0.194989100354361,-0.191128790265916,-0.192976063198847,-0.194548180346091,-0.195487050185227,-0.197825328845048,-0.189111605273207,-0.194580952821762,-0.193797109965286,-0.190804561676757,-0.188032460506145,-0.192996068759472,-0.186578554251681,-0.188902343192107,-0.193354838044035,-0.194381874419011,-0.197051553357344,-0.192137113491308,-0.176948106536326,-0.189337745136554,-0.151886370072294,-0.189401020455984,-0.190372882011364,-0.195446412005146,-0.196851957289591,-0.189602270223992,-0.194099563807856,-0.185861848037058,-0.195894929627822,-0.171188247207896,-0.14389372726823,-0.197259616987171,-0.191781793475839,-0.152032930438598,-0.183427746280293,-0.196296668734648,-0.196702740620059,-0.194372454325713,-0.195026423170034,-0.191366381137581,-0.188801193144325,-0.193375938094839,-0.197774158986431,-0.197358694161864,-0.190446808905113,-0.194523877625685,-0.194536397768573,-0.193600688888775,-0.18361110845476,-0.189659929593022,-0.185987058660854,-0.19376859560221,-0.187184753222769,-0.14031128039968,-0.18311476813523,-0.171817966698757,-0.181634546387062,-0.188598867843532,-0.195159051331972,-0.185195881600803,-0.173190321125931,-0.194252686504662,-0.190808212427266,-0.179039421070593,-0.169824626602219,-0.184452015779281,-0.165703092977891,-0.190084619729565,-0.192404937712624,-0.187119387740069,-0.192951677897735,-0.178988531518866,-0.183917904446501
"",-0.181357342266954,-0.19608332352646,-0.1967747798051,-0.194780926790598,-0.193096274705226,-0.193701838661122,-0.198502349655818,-0.192128452961714,-0.195716655677327,-0.195610478540958,-0.182136861746513,-0.194989559838122,-0.191129225164296,-0.192976512714423,-0.194548626528139,-0.195487500270791,-0.197825792071362,-0.189112037754434,-0.194581405626341,-0.193797566873854,-0.190805011517529,-0.188032890783152,-0.19299651750407,-0.186578988131727,-0.188902778552814,-0.193355296347803,-0.194382323869059,-0.197052025383244,-0.192137565180815,-0.176948542632481,-0.189338183878242,-0.151886760803317,-0.189401463623377,-0.190373321332866,-0.195446863859501,-0.196852419204993,-0.189602705878478,-0.19410001475288,-0.185862282618791,-0.195895380388835,-0.17118863501335,-0.143894080349375,-0.197260079483491,-0.191782234450705,-0.152033305096691,-0.183428180010854,-0.196297126463979,-0.196703196411754,-0.194372910238869,-0.195026876030421,-0.191366824165066,-0.188801626219702,-0.193376393324858,-0.197774616180509,-0.197359155136826,-0.19044724884103,-0.194524329136326,-0.19453684866731,-0.193601137392854,-0.183611539946665,-0.189660383275992,-0.18598749454633,-0.193769051873837,-0.187185199102362,-0.140311631018044,-0.183115207081491,-0.171818364290923,-0.18163497934071,-0.188599370915335,-0.195159507420707,-0.185196309875908,-0.17319077677995,-0.19425316594691,-0.190808669087785,-0.179039874270022,-0.169825057091581,-0.184452451135852,-0.165703487323727,-0.190085063297255,-0.192405385826585,-0.187119821803824,-0.192952123308411,-0.178988946638438,-0.183918348664412
"",-0.181357615747391,-0.196083625419478,-0.196775081240212,-0.194781225795016,-0.193096571307517,-0.193702140167449,-0.198502656432088,-0.192128756578953,-0.195716955667795,-0.195610781790752,-0.182137150761765,-0.194989863430889,-0.191129512472633,-0.192976809684354,-0.194548921001969,-0.195487797546825,-0.197826098081822,-0.189112323502938,-0.194581704732313,-0.193797868765536,-0.190805308666566,-0.188033175149331,-0.192996813843633,-0.186579274883757,-0.188903066107105,-0.193355599151823,-0.194382620803115,-0.197052336918741,-0.192137863689526,-0.176948831009152,-0.189338473631501,-0.151887018958843,-0.189401756287416,-0.190373611704989,-0.195447162442184,-0.196852724355647,-0.189602993618553,-0.194100312633405,-0.185862570085015,-0.195895677944239,-0.171188890514114,-0.143894314224242,-0.197260384898073,-0.191782525617372,-0.15203355250575,-0.183428466507076,-0.196297428695035,-0.196703497497903,-0.1943732114072,-0.195027175304644,-0.191367116609195,-0.188801912165279,-0.193376694038025,-0.197774918060524,-0.197359459538757,-0.190447539354672,-0.194524627228334,-0.19453714653857,-0.193601433638942,-0.183611824751552,-0.189660682943457,-0.185987782656559,-0.193769353243493,-0.187185493682735,-0.140311862793983,-0.183115496922566,-0.171818626986137,-0.181635265034669,-0.188599703169023,-0.195159808780374,-0.185196592275016,-0.173191077864151,-0.194253482799021,-0.190808970727186,-0.17904017363924,-0.169825341427657,-0.184452738996961,-0.165703747760135,-0.190085356271221,-0.192405681907685,-0.187120108561624,-0.192952417655734,-0.178989220895685,-0.183918642332279
"",-0.181357795473598,-0.196083824135397,-0.196775279596486,-0.194781422591706,-0.193096766567618,-0.193702338609685,-0.198502858320841,-0.19212895637019,-0.19571715301187,-0.195610981373653,-0.182137340891681,-0.194990063318812,-0.191129701659985,-0.192977005115676,-0.194549114623378,-0.195487993197849,-0.197826299475203,-0.189112511635837,-0.194581901555169,-0.193798067445657,-0.190805504170613,-0.188033362338466,-0.192997008853417,-0.186579463583552,-0.188903255176663,-0.193355798514156,-0.194382816262673,-0.197052541720051,-0.192138060119957,-0.176949020898857,-0.18933866434095,-0.151887188731295,-0.189401948789892,-0.190373802901498,-0.195447358953589,-0.19685292523286,-0.189603183007275,-0.194100508691928,-0.185862759469002,-0.195895873727172,-0.171189058465734,-0.143894468659127,-0.197260585903253,-0.191782717135633,-0.152033715552546,-0.183428655197143,-0.196297627520914,-0.196703695645966,-0.19437340972395,-0.195027372369635,-0.19136730905906,-0.188802100329342,-0.193376891872489,-0.197775116737313,-0.197359659867406,-0.190447730411629,-0.194524823295828,-0.194537342576762,-0.193601628581816,-0.183612012143154,-0.189660880195753,-0.185987972412945,-0.193769551501443,-0.187185687540554,-0.140312015251286,-0.183115687591925,-0.171818799948587,-0.181635452886668,-0.188599921907645,-0.195160007199394,-0.185196777969224,-0.173191276053977,-0.1942536913789,-0.190809169074564,-0.179040370669591,-0.169825528431562,-0.184452928692929,-0.165703919142205,-0.190085549077834,-0.192405876871833,-0.187120297361573,-0.192952611408571,-0.178989401407443,-0.183918835735623
"",-0.181357911595669,-0.196083952712033,-0.196775407898078,-0.194781549888866,-0.193096892895294,-0.193702466961242,-0.198502988924542,-0.192129085626566,-0.195717280604715,-0.195611110483695,-0.182137463818242,-0.194990192676756,-0.191129824136057,-0.192977131502025,-0.194549239809873,-0.195488119785073,-0.197826429747094,-0.189112633385634,-0.194582028851029,-0.193798195938754,-0.190805630578817,-0.188033483421851,-0.1929971350379,-0.186579585568996,-0.188903377313541,-0.193355927525011,-0.194382942720937,-0.197052674083569,-0.192138187093347,-0.176949143747319,-0.18933878773529,-0.151887298425818,-0.189402073236692,-0.190373926602914,-0.195447486035878,-0.19685305522108,-0.189603305563626,-0.194100635537551,-0.185862881999097,-0.195896000426559,-0.171189167231688,-0.143894568808824,-0.197260715984421,-0.19178284096687,-0.152033821297817,-0.183428777427164,-0.196297756113889,-0.196703823823637,-0.194373538137355,-0.195027499903207,-0.191367433636154,-0.188802222075683,-0.193377019775419,-0.197775245322945,-0.197359789486932,-0.190447853903069,-0.194524950097689,-0.194537469386164,-0.193601754675768,-0.183612133423568,-0.189661007843071,-0.18598809527171,-0.193769679693259,-0.187185812894185,-0.140312113762538,-0.183115810979281,-0.171818911897801,-0.181635574368063,-0.188600063478487,-0.195160135605808,-0.185196898132168,-0.173191404230317,-0.19425382628555,-0.19080929720305,-0.179040498161156,-0.169825649241868,-0.184453051506744,-0.165704029981007,-0.190085673812204,-0.192406003083008,-0.187120419552483,-0.19295273672245,-0.178989518186769,-0.183918960867592
"",-0.181357987659013,-0.196084036934104,-0.196775491929604,-0.194781633251907,-0.19309697562366,-0.193702551014734,-0.198503074468658,-0.192129170271737,-0.195717364161374,-0.19561119504555,-0.182137544348513,-0.19499027741061,-0.191129904387288,-0.192977214267325,-0.194549321821337,-0.195488202707495,-0.197826515064106,-0.189112713140587,-0.194582112213671,-0.193798280072546,-0.190805713360821,-0.188033562703574,-0.192997217711393,-0.186579665412009,-0.188903457252006,-0.193356012040545,-0.194383025549772,-0.197052760777049,-0.19213827020104,-0.176949224138066,-0.18933886858837,-0.151887370221957,-0.18940215473112,-0.190374007602405,-0.195447569236789,-0.196853140366974,-0.189603385853576,-0.194100718622549,-0.185862962198975,-0.195896083459951,-0.171189238626917,-0.143894634425575,-0.197260801213551,-0.191782922073211,-0.152033890693845,-0.183428857538526,-0.196297840345955,-0.196703907768622,-0.194373622286301,-0.1950275834313,-0.191367515298117,-0.188802301845277,-0.193377103521049,-0.197775329588409,-0.197359874418441,-0.190447934767429,-0.194525033166469,-0.194537552437741,-0.193601837263319,-0.183612212915748,-0.189661091480146,-0.185988175731785,-0.193769763631049,-0.187185894980867,-0.140312178206446,-0.183115891794106,-0.171818985249931,-0.1816356539933,-0.188600156256309,-0.195160219712466,-0.185196976956529,-0.173191488186895,-0.194253914615413,-0.190809381069561,-0.179040581671932,-0.169825728344279,-0.184453131955217,-0.165704102609399,-0.190085755517314,-0.192406085764909,-0.187120499607693,-0.192952818769236,-0.178989594667921,-0.183919042805434
"",-0.181358037995476,-0.196084092622855,-0.19677554749524,-0.194781688364111,-0.193097030310282,-0.193702606585008,-0.198503131034177,-0.192129226241089,-0.195717419417665,-0.195611250956379,-0.182137597614863,-0.19499033343029,-0.191129957452098,-0.192977268989782,-0.194549376085103,-0.195488257542898,-0.197826571472542,-0.189112765871689,-0.194582167334288,-0.1937983356904,-0.190805768097458,-0.18803361510715,-0.192997272393699,-0.186579718181509,-0.188903510108664,-0.193356067916887,-0.194383080312986,-0.197052818135931,-0.192138325130943,-0.176949277250164,-0.189338922064518,-0.151887417694002,-0.189402208626966,-0.19037406113533,-0.195447624232075,-0.196853196664049,-0.189603438950284,-0.194100773561297,-0.185863015173838,-0.195896138394274,-0.171189285944542,-0.143894677747516,-0.197260857582086,-0.191782975720595,-0.152033936611301,-0.183428910515105,-0.196297896058093,-0.196703963272046,-0.194373677929952,-0.195027638643607,-0.191367569331015,-0.188802354613006,-0.193377158893031,-0.197775385326839,-0.197359930594786,-0.190447988248668,-0.19452508811656,-0.19453760734926,-0.193601891875159,-0.183612265513269,-0.189661146792168,-0.18598822891187,-0.193769819133674,-0.187185949252088,-0.140312220800897,-0.183115945246373,-0.171819033751512,-0.181635706692553,-0.188600217617392,-0.195160275316424,-0.185197029159793,-0.173191543692819,-0.194253972997537,-0.190809436518493,-0.179040636892041,-0.169825780653591,-0.184453185113833,-0.165704150645105,-0.190085809549182,-0.192406140428405,-0.187120552539929,-0.192952873000916,-0.178989645236881,-0.183919096955072
"",-0.181358071221498,-0.196084129334328,-0.196775584133149,-0.19478172469692,-0.193097066356329,-0.193702643220372,-0.198503168328972,-0.19212926314571,-0.195717455860667,-0.195611287816682,-0.182137632748426,-0.194990370352614,-0.191129992425117,-0.192977305070668,-0.194549411888505,-0.195488293695992,-0.197826608661694,-0.189112800628193,-0.194582203679198,-0.193798372358258,-0.190805804193071,-0.18803364964973,-0.192997308450359,-0.186579752973379,-0.188903544980983,-0.19335610474452,-0.194383116412981,-0.19705285598675,-0.192138361348577,-0.176949312251738,-0.189338957321921,-0.151887449012617,-0.189402244176927,-0.19037409641479,-0.195447660487537,-0.196853233773473,-0.189603473955538,-0.19410080978121,-0.185863050070016,-0.195896174621082,-0.171189317180736,-0.143894706241384,-0.197260894746788,-0.191783011108113,-0.15203396686225,-0.183428945424891,-0.196297932801138,-0.196703999865799,-0.194373714601368,-0.195027675029457,-0.191367604961244,-0.188802389409974,-0.193377195409468,-0.19777542207626,-0.197359967635148,-0.190448023528958,-0.194525124362117,-0.194537643552412,-0.193601927884543,-0.183612300202062,-0.189661183257413,-0.185988263952796,-0.193769855737344,-0.187185985035711,-0.140312248896056,-0.183115980500254,-0.171819065720911,-0.181635741465996,-0.188600258066819,-0.195160311964777,-0.185197063607829,-0.173191580284921,-0.19425401148006,-0.190809473097136,-0.179040673297406,-0.169825815160752,-0.184453220126992,-0.165704182321109,-0.190085845175409,-0.19240617645389,-0.187120587428471,-0.192952908749382,-0.178989678576024,-0.18391913263719
"",-0.181358092771218,-0.196084153116488,-0.196775607874394,-0.194781748239349,-0.193097089709537,-0.193702666956752,-0.198503192493412,-0.192129287067463,-0.195717479481902,-0.195611311699309,-0.182137655514867,-0.194990394266429,-0.191130015071025,-0.192977328450932,-0.194549435098669,-0.19548831711769,-0.197826632758779,-0.189112823139816,-0.194582227232205,-0.193798396122035,-0.190805827587879,-0.188033672034121,-0.192997331811758,-0.186579775528312,-0.1889035676004,-0.193356128595486,-0.194383139798661,-0.197052880529618,-0.192138384826211,-0.176949334942079,-0.189338980156314,-0.151887469330314,-0.189402267222384,-0.190374119268506,-0.195447683983881,-0.196853257811542,-0.189603496632076,-0.194100833247278,-0.18586307267253,-0.195896198088663,-0.171189337413488,-0.143894724660967,-0.197260918822701,-0.19178303404511,-0.152033986426345,-0.18342896802634,-0.196297956612424,-0.196704023578181,-0.194373738347709,-0.195027698597369,-0.191367628037577,-0.188802411950705,-0.193377219080802,-0.197775445879516,-0.197359991627523,-0.19044804640308,-0.19452514785563,-0.194537667011402,-0.193601951218872,-0.183612322673901,-0.189661206878276,-0.185988286651878,-0.193769879466526,-0.187186008223435,-0.140312267128419,-0.183116003362779,-0.171819086428297,-0.181635764004145,-0.188600284255853,-0.195160335701862,-0.185197085916104,-0.173191603988882,-0.194254036413721,-0.190809496819616,-0.17904069688843,-0.169825837528466,-0.18445324278854,-0.165704202839465,-0.190085868259022,-0.192406199786595,-0.187120610022914,-0.192952931912936,-0.178989700178541,-0.183919155748192
"",-0.181358106890216,-0.196084168693183,-0.196775623425882,-0.194781763662437,-0.193097105008533,-0.193702682506477,-0.198503208320982,-0.192129302736554,-0.195717494956799,-0.195611327343936,-0.18213767042982,-0.194990409929112,-0.191130029900512,-0.192977343768133,-0.194549450300145,-0.195488332457164,-0.197826648544424,-0.189112837884344,-0.194582242661396,-0.193798411692005,-0.190805842917128,-0.188033686701586,-0.19299734711092,-0.186579790311506,-0.188903582425591,-0.193356144218186,-0.194383155117024,-0.19705289660605,-0.192138400213094,-0.176949349811982,-0.18933899511024,-0.151887482649491,-0.18940228232082,-0.190374134241163,-0.195447699379474,-0.196853273555023,-0.189603511482675,-0.194100848617275,-0.185863087485892,-0.195896213453403,-0.171189350644618,-0.143894736728156,-0.197260934588598,-0.191783049069664,-0.152033999227408,-0.183428982822451,-0.196297972207371,-0.196704039110973,-0.194373753896654,-0.195027714035558,-0.191367643144104,-0.188802426709127,-0.193377234590829,-0.197775461465749,-0.19736000733893,-0.190448061390491,-0.19452516324467,-0.194537682379426,-0.19360196650437,-0.183612337385494,-0.189661222348901,-0.185988301519654,-0.193769895013126,-0.187186023416002,-0.140312279082002,-0.183116018337004,-0.17181909999331,-0.181635778765717,-0.188600301403367,-0.195160351248753,-0.185197100515331,-0.17319161951934,-0.19425405275015,-0.190809512369482,-0.179040712341532,-0.169825852188098,-0.184453257633429,-0.165704216281632,-0.190085883378527,-0.192406215067619,-0.187120624821405,-0.192952947089688,-0.178989714329244,-0.183919170890316
"",-0.181358116212839,-0.196084178982802,-0.196775633698393,-0.194781773851864,-0.193097115116894,-0.193702692779548,-0.198503218775611,-0.192129313086922,-0.195717505178494,-0.195611337678802,-0.182137680280626,-0.194990420276504,-0.191130039696363,-0.192977353887382,-0.194549460337089,-0.195488342588924,-0.197826658972649,-0.189112847624905,-0.194582252853965,-0.193798421979057,-0.190805853043994,-0.188033696393894,-0.192997357215055,-0.186579800081177,-0.18890359221984,-0.193356154539044,-0.194383165236784,-0.197052907221117,-0.192138410381222,-0.176949359641292,-0.189339004986901,-0.151887491450814,-0.189402292293829,-0.190374144135043,-0.195447709552006,-0.196853283954921,-0.18960352129142,-0.194100858770239,-0.185863097279744,-0.195896223598229,-0.171189359368384,-0.143894744710051,-0.197260945000741,-0.191783058992357,-0.152034007679535,-0.183428992594832,-0.196297982506253,-0.196704049371873,-0.194373764167072,-0.195027724235996,-0.191367653117801,-0.188802436454531,-0.193377244837213,-0.197775471758576,-0.197360017714922,-0.1904480712902,-0.194525173407554,-0.194537692531763,-0.193601976601479,-0.183612347098024,-0.189661232567596,-0.185988311344415,-0.1937699052831,-0.18718603345335,-0.140312286983093,-0.183116028226949,-0.171819108955264,-0.181635788511091,-0.188600312727381,-0.195160361519738,-0.185197110148453,-0.173191629779155,-0.194254063544541,-0.190809522643003,-0.179040722549661,-0.169825861872837,-0.184453267444534,-0.165704225160147,-0.190085893365638,-0.192406225162661,-0.18712063459744,-0.192952957118191,-0.178989723677707,-0.183919180897303
"",-0.181358122345364,-0.196084185757408,-0.196775640460611,-0.194781780560403,-0.193097121773031,-0.193702699543163,-0.198503225657942,-0.192129319900344,-0.195717511906157,-0.195611344482815,-0.182137686763879,-0.19499042709017,-0.191130046147103,-0.192977360549176,-0.194549466940848,-0.195488349258913,-0.197826665838091,-0.189112854038832,-0.194582259563709,-0.193798428751651,-0.190805859710051,-0.188033702776111,-0.192997363866184,-0.186579806513545,-0.188903598664907,-0.193356161335105,-0.194383171899854,-0.197052914204445,-0.192138417075583,-0.176949366115199,-0.189339011489144,-0.151887497243339,-0.189402298857423,-0.190374150650842,-0.195447716249557,-0.196853290802485,-0.189603527748997,-0.19410086545454,-0.185863103732554,-0.195896230275369,-0.171189365104859,-0.143894749975348,-0.197260951855031,-0.191783065522583,-0.152034013246893,-0.183428999030542,-0.196297989284411,-0.196704056127014,-0.194373770930212,-0.195027730953564,-0.191367659682463,-0.188802442869059,-0.193377251581671,-0.197775478534248,-0.197360024545139,-0.190448077805138,-0.19452518009581,-0.194537699215567,-0.193601983248307,-0.183612353490114,-0.189661239295148,-0.185988317815721,-0.193769912042898,-0.187186040061301,-0.140312292184118,-0.183116034736172,-0.171819114856873,-0.181635794922704,-0.188600320182476,-0.195160368283141,-0.185197116485884,-0.173191636533716,-0.194254070652083,-0.190809529403956,-0.179040729270155,-0.169825868246705,-0.184453273908622,-0.165704231004652,-0.190085899940326,-0.192406231810546,-0.187120641034938,-0.192952963721631,-0.178989729832612,-0.183919187488186
