-0.96794,-1.0968,-1.2262,-0.43935,0.84625,0.84946,3.9391,-0.68959,-0.11186,2.7914,0.268,-2.5917,-3.9469,-0.025532,-2.6441,-0.2081,-2.2646,-0.10704,-0.88582,-3.0015,-1.8749,-2.1747,-3.4357,-1.0898,-0.43412,-0.86625,0.3103,-2.016,3.9163,0.41668,3.0423,1.1758,-1.6987,0.20469,1.0001,0.8109,-1.1006,-3.2467,1.213,-1.0776,0.83688,0.48056,7.2566,1.8975,2.2046,1.3478,-0.97113,-2.4646,-2.1876,-1.8176,-0.73974,1.6152,4.9006,-1.2742,2.2214,2.6135,-0.95499,-2.6419,-1.5463,-0.98513,-0.60507,2.0504,-1.5743,3.0167,2.1611,4.907,1.7834,1.7784,1.8706,-1.097,2.3234,1.5353,1.9128,5.2843,1.1839,3.9658,2.1482,4.4097,0.1479,2.4198,3.6836,1.9012,0.60998,1.89,0.19738
0.11291,0.17431,-0.004974,0.054456,-0.069871,-0.076036,-0.075214,-0.067366,0.00031461,-0.073063,0.035517,-0.20276,0.05358,-0.0013757,0.036262,0.057749,-0.0015148,-0.010518,-0.042875,-0.032338,-0.0061548,0.0031556,-0.039284,0.086538,-0.033445,0.027593,-0.15305,-0.051107,-0.12039,0.017804,0.098313,-0.026111,-0.0048015,-0.043507,-0.077084,0.050052,-0.046331,-0.019635,0.0049299,0.045259,0.0019286,-0.015812,0.00026856,0.038935,-0.00054378,0.010513,-0.075262,-0.22526,0.0089221,-0.1472,0.074344,-0.0080867,0.013601,-0.015047,0.044252,-0.012736,0.078028,0.059649,0.024497,-0.047198,0.048369,0.044985,0.088551,-0.0081503,0.010925,0.068498,-0.015165,0.025917,-0.041349,-0.10172,-0.0060411,-0.0037641,0.0087207,-0.044048,0.033512,-0.0080294,0.0051578,0.012662,0.017799,0.030142,0.055573,0.043222,0.042567,-0.025466,-0.0013928
0.0012754,0.073326,0.0025583,0.0080573,-0.00076484,0.015608,-0.024513,-0.010165,-0.0046754,-0.007431,0.00055449,0.014287,-0.00084231,-0.0020351,-0.006928,0.0017517,0.0050179,0.0025052,-0.0039514,-0.0033118,0.00065247,0.0015409,2.4012e-05,0.0064662,0.0030702,0.010667,-0.00090725,-0.012952,0.0068081,0.0088949,0.0084548,0.0021278,-0.0049884,-0.0062637,-0.0037523,-0.0043369,-0.0042427,0.00012687,0.0047577,0.0055091,0.00082298,-0.00041462,-0.0027928,-0.0033436,-7.9641e-05,0.00099786,-0.0085607,0.016091,0.0082014,-0.0026604,0.0020801,-0.015154,-0.009281,0.0013293,-0.00051937,-0.0047886,0.005635,-0.0070522,-0.0063232,0.0038718,0.0033877,-0.0076285,0.0014699,-0.0039035,-0.0049962,0.0064395,-0.0053222,-0.0012893,0.0016899,0.0019938,-0.0010622,-0.0031769,0.0041471,0.0056136,-0.0042602,-0.0005312,-6.5604e-05,0.0011402,-0.0018945,0.0014489,-0.0037553,0.0090447,0.0032519,0.0049226,-0.0002526
0.00028251,-0.033169,0.046192,0.013144,0.0063951,-0.017525,-0.01377,0.0071974,0.043994,0.014066,0.0027022,0.010449,-0.0055951,0.0027445,0.0068653,0.0047172,-0.026002,0.00046984,0.0025975,-0.011193,-0.006795,-0.0011846,-0.010489,0.0072694,0.020513,-0.0038102,-0.029748,0.0064893,-0.014923,-0.0014508,-0.011417,-0.0023093,0.0088161,0.0020346,-0.021445,-0.0020982,-0.0054853,0.013348,-0.00017371,-0.0065399,0.0038756,-0.0063769,0.011375,-0.0018512,0.00059424,0.0031029,0.0024781,0.018615,-0.0054359,0.0022205,-0.0010675,0.0039046,-0.014848,-0.012809,0.0031829,-0.0070256,0.00087506,-0.008499,0.02632,-0.00075308,-0.0012385,-0.0031036,0.00033968,0.0098728,-0.00019853,-0.0011131,-0.0056252,-0.0024258,-0.0046308,0.0022374,-0.0025334,0.002797,0.0022771,-0.0042798,-0.002935,-0.005513,0.00096755,0.009798,0.0082211,-0.0042147,0.0041289,-0.01137,-0.0088664,-0.0070456,-0.00051063
-0.0043625,-0.037178,-0.011035,0.10836,0.0061993,-0.013545,-0.027272,0.021719,0.0011516,-0.0012544,0.0011364,-0.007344,-0.0074506,-0.0038298,0.0024487,0.013697,0.019823,0.0051539,0.0026835,0.016044,0.00359,-0.0074388,0.0020933,-0.0070399,0.0041255,0.0069474,-0.035895,0.012055,0.012829,0.0042919,-0.019937,0.00038443,0.010843,-0.0017024,0.0047154,-0.0084444,0.0056021,0.0070584,-0.0021185,-0.00065937,-0.00055738,-0.0012428,0.0044834,0.0017364,0.0022309,0.00039277,0.017469,-0.0087888,-0.0034677,-0.0088001,-0.0081117,0.0063282,0.0095456,-0.00043481,-0.0097398,0.015259,-0.0058979,0.03291,-0.018351,-0.0062125,-0.010469,0.00099617,0.0040548,0.0068772,0.0053129,0.0025752,0.0083697,-2.0669e-05,0.0023258,-0.0073545,-0.010046,0.0065955,0.0065879,-0.00075061,0.0011979,-0.00055431,-0.0034201,-0.00030035,-0.0013165,0.00070453,-0.0053885,0.030163,-0.0030904,-0.0035209,0.00022954
0.0070396,-0.053933,0.051484,0.0071346,0.034147,0.014957,0.0088124,0.0026898,0.014282,0.010309,-0.01027,-0.0069969,-0.015305,0.022504,-0.014551,0.008219,0.026727,0.0077624,-0.013324,-0.0016356,0.0024753,0.01761,0.023157,-0.01398,0.0089565,-0.0145,-0.01168,0.0073366,-0.0016741,0.019557,0.015321,0.007364,-0.0040547,-0.0045432,0.029479,-0.0028393,0.017919,-0.043041,0.011222,-0.0076913,-0.0007792,0.0082802,-0.02014,-0.014693,0.0014437,-0.0029936,0.0011123,0.045193,0.019445,0.026359,-0.0031863,-0.0096077,0.04123,0.012336,-0.01136,0.0090463,-0.0079294,0.0022647,0.0079229,-0.0054154,-0.00080911,0.0087105,0.0074101,0.0041205,-0.002019,0.0040368,0.0040894,0.00062599,-0.013746,0.0038158,0.0017691,0.0089436,-0.0029168,0.013462,0.0021679,-0.00046638,-0.001295,-0.0082488,-0.018353,0.0011488,-0.0055675,-0.0035904,0.011177,0.004204,-5.6922e-05
0.0093995,0.0095683,0.043229,-0.058518,-0.01184,0.11737,-0.024486,0.015255,0.036136,0.035672,-0.0017644,0.037251,-0.019131,0.024544,-0.012877,-0.035265,-0.074811,0.0027192,-0.00068132,0.003143,0.016225,0.0065682,-0.0053764,0.019741,0.012927,0.033137,0.043315,0.018135,0.0036464,-0.0053761,0.033603,-0.0020185,0.016384,0.017134,-0.015953,0.0090628,0.0059798,0.054018,0.016377,0.00036333,0.0056324,-0.0075663,0.0037664,-0.019589,-0.0053587,-0.00092424,0.010247,-0.038079,-0.016707,-0.071986,-0.0073742,-0.012794,-0.022619,-0.0053847,0.0051595,-0.037113,0.0039592,-0.037328,0.021279,0.015793,0.022893,-0.00019328,0.039294,-0.010144,-6.9443e-05,-0.010068,-0.016693,-0.0057844,-0.0017629,0.013744,-0.00042585,0.0062009,-0.0077562,0.03163,0.010409,0.0027726,0.020421,-0.0038271,-0.014658,-0.030515,-0.0039632,0.006237,-0.0049676,-0.0050252,-9.5348e-05
0.0057194,0.0071571,0.012526,-0.021548,-0.0090033,-0.0033094,0.081901,-0.015142,-0.0055625,0.0021311,-0.0031102,-0.0013751,0.0025891,6.2711e-05,0.0084911,-0.0083318,-0.0085575,-0.0043979,-0.0017344,0.0013368,-0.0095431,-0.0037272,-0.0088468,0.0044423,0.00094982,0.008966,-0.028757,0.001843,0.0026117,-0.00080204,0.0085472,-0.001676,-0.0053948,0.0069736,-0.015528,0.0081897,-0.0046694,0.018855,-0.0034539,-0.0011516,0.0017185,-0.0050997,0.0083232,-0.0040686,-0.0037872,0.0025853,0.0097176,0.027766,-0.006493,-0.0012193,-0.00063471,0.016175,-0.0093502,0.0014396,0.011092,-0.012389,-0.016358,-0.023036,-7.2165e-05,-0.00098007,-0.0024181,-0.011702,0.0068635,-0.00023467,-0.00077266,-0.0048961,-0.0026385,0.0022653,0.0028317,0.013022,0.00040586,0.00026926,-8.1135e-05,-0.0097316,0.0033393,-0.0044312,0.0035128,-0.0050321,-0.013411,-0.0034388,-0.014405,-0.0067883,0.00017941,-0.0061639,-0.001163
-0.0090537,-0.21928,-0.032543,-0.077216,0.029377,-0.0036003,-0.012447,0.13775,0.061352,0.064935,-0.018667,-0.018519,-0.018393,0.0021272,0.0027012,-0.0098772,0.046562,-0.012094,0.021768,0.034626,0.031099,0.0043427,0.033453,-0.031238,-0.0033732,-0.021818,0.082739,0.050294,-0.0015847,0.0026123,0.0031861,0.00043179,0.0095141,0.022104,0.017117,0.021279,0.032508,-0.037891,-0.0088904,0.0062033,-0.00027221,0.0010644,0.06006,-0.02774,-0.0051695,-0.011671,0.049677,0.018996,0.034725,0.041215,-0.012145,0.016247,0.033599,-0.0039562,-0.0094622,-0.015296,-0.0039295,-0.027795,-0.0076602,-0.013562,0.0029368,0.036032,0.0055388,0.013997,0.0015325,-0.013576,0.00011977,-0.0008457,0.016931,0.0068027,0.0037563,0.014297,-0.0055869,0.0050378,0.011505,-0.0030355,0.011685,-0.0062828,-0.034992,-0.014842,0.0045809,-0.032585,0.0091848,0.003604,-0.0010873
0.0038436,-0.029008,0.013987,0.0095937,-0.033877,-0.023559,-0.015141,0.0049457,0.090731,0.0087588,0.015461,-0.0016554,0.0072313,0.011848,0.012732,0.0093437,0.011273,0.0010847,0.021715,-0.015531,0.0006653,-0.02632,0.0028584,0.00017585,-0.007979,0.0030822,0.0072058,0.03152,-0.016033,-0.0098295,-0.0057574,-0.0002505,-0.003208,-0.0024286,-0.011186,-0.0023197,-0.0030642,0.0044792,-0.0058593,-0.00074416,0.0023825,0.0019973,0.020603,0.0068181,-0.00014708,-0.0051137,0.011149,-0.0087685,0.0029534,-0.023721,-0.0015585,0.015776,0.016082,-0.001434,0.0092736,0.022647,0.018485,-0.011374,0.0092668,0.0025655,0.0010671,-0.013475,0.00041582,0.0059663,0.0032031,-0.0010556,-0.0011947,0.0049403,-0.0046258,0.0094416,-0.00091999,-0.0015601,0.009494,-0.0012738,-0.0035158,-0.0048132,-0.0043439,0.0043721,0.022032,0.0016097,0.0066665,-0.018434,-0.0051602,-0.0038393,0.00077049
-0.0067813,-0.011507,0.015072,-0.058576,0.018832,-0.0063306,0.044165,0.0015245,0.027669,0.074617,0.0018809,-0.009747,0.016195,-0.015966,-0.0020392,0.0091194,0.01615,0.00026466,-0.00064022,0.0016881,0.0091054,0.0097762,-0.0041983,0.011635,0.010972,0.01219,0.020434,0.006115,-0.019277,0.010153,-0.012935,-0.001054,0.00023194,-0.013114,-0.006694,0.0069244,-0.014516,-0.040635,0.008324,0.0056737,0.0069652,-0.0071218,0.022779,0.0050126,-0.00515,0.0024449,0.018525,0.044413,0.0053082,0.037095,-0.0074355,0.0016341,0.029008,0.0166,-0.025071,0.0022796,0.01663,-0.01927,0.0010511,0.013189,5.9136e-05,-0.0032306,0.0092127,-0.0010577,-0.0087731,0.0091984,-0.0156,-0.0040515,-0.0067431,0.0024001,0.0084289,-0.0039713,0.00059911,0.010129,-0.0040575,0.0039497,-0.0093655,-0.0028618,-0.017534,-0.0031073,0.010238,0.0047976,0.0020688,0.00028925,-0.00031792
-0.0095826,0.13582,-0.10123,0.092698,-0.061256,-0.069376,-0.041241,0.012808,0.026966,0.11703,0.077936,0.077946,0.01712,-0.027669,-0.01191,0.018432,0.013415,0.066843,0.045642,0.018551,0.049142,-0.090623,-0.035656,0.015379,0.060865,0.02052,-0.091213,0.10391,-0.02925,0.050733,0.023914,-0.018383,0.012528,-0.015276,-0.056722,0.036986,-0.06845,0.11582,0.039635,0.0015416,0.010882,0.0090217,0.10822,0.046852,0.0044248,-0.0018653,-0.048064,-0.15532,0.031066,-0.073733,0.025597,-0.034739,0.039682,0.0077382,0.022485,0.093242,-0.0042796,-0.042168,0.012725,0.019509,0.020534,-0.050326,0.060131,-0.0447,-0.0049492,0.0096118,-0.020292,0.0086566,0.025274,0.027748,-0.020846,0.011357,-0.01046,-0.059442,-0.029503,0.0029304,-0.049386,-0.0047327,0.079933,0.055439,-0.019393,-0.031344,0.0076809,0.00075166,0.00054653
0.0061482,0.029417,0.077144,-0.047276,-0.0052995,0.019486,0.0034059,0.020316,0.067595,0.040858,-0.0032551,0.11618,-0.012848,0.047796,-0.020203,-0.045583,0.0063033,-0.013989,-0.032087,0.0036766,0.001338,0.013329,0.0047391,-0.015128,0.0099172,-0.0032766,0.067152,-0.0036365,0.0040522,0.010898,0.0036867,0.00073382,-0.026471,0.018513,0.011668,-0.016571,-0.018652,-0.045206,0.011985,0.014326,0.0067541,0.0056479,-0.024714,-0.018461,-0.0071051,1.6194e-05,0.002471,0.028784,0.0052379,0.052299,0.005839,-0.023776,0.014774,0.010165,0.021398,-0.0044679,-0.019999,-0.026742,-0.037691,0.001529,0.0117,0.0146,-0.0021378,0.015471,-0.0031955,-0.001605,-0.0062448,-0.0052274,0.017828,0.0039139,-0.0080032,-0.0017422,0.0045416,0.014448,0.0016103,-0.017618,0.002469,0.0078453,-0.020508,-0.0032581,-0.014966,0.011934,0.0070008,0.013926,0.00062283
0.0015229,-0.061286,-0.040778,0.01071,0.0098629,0.0014355,-0.043242,-0.0091185,0.02837,-0.02537,-0.00075988,-0.024907,0.051913,0.011383,-0.041734,-0.011044,-0.0043128,0.015424,0.021134,0.036078,-0.019066,0.024855,-0.0059722,0.012578,0.014308,0.012056,0.00034818,-0.024508,0.015191,0.004988,-0.0059034,-0.004193,0.0053499,0.0061136,-0.056918,0.011086,0.015573,0.028372,-0.019892,-0.0087815,0.0059918,0.014121,-0.00025654,0.012555,-0.0028252,0.01611,-0.0003158,-0.03843,-0.0031561,0.018761,-0.0028625,0.0071557,-0.028801,-0.012482,0.019382,-0.013942,0.0038646,-0.023433,0.037741,-0.0021248,-0.00908,0.022239,0.0075624,-0.014372,0.0012447,0.013059,-0.0017707,0.010634,-0.0032693,0.0083326,0.00088551,0.001237,-0.0010943,-0.024821,0.0090638,-0.0033986,0.015756,0.0041257,-0.047641,0.036954,0.018603,0.0035516,-0.0027916,-0.0010596,0.00019465
0.012951,0.022194,0.04471,0.034655,-0.024446,-0.0044953,0.077316,-0.043539,0.075185,0.013063,0.008141,-0.0061444,0.037455,0.084898,0.0058973,-0.023666,-0.039294,0.0089729,0.0022898,0.0059467,-0.0030651,0.02449,0.0029052,0.0062767,0.02155,0.0070575,0.006589,0.025306,-0.032518,0.0095769,0.019834,0.014687,0.0044126,-0.020864,-0.010744,-0.021654,-0.0048927,0.001346,-0.020003,-0.0038985,-9.6595e-07,0.010743,-0.024157,0.016903,-0.0088743,0.007729,-0.0090771,-0.053994,-0.012013,-0.035041,0.011305,0.00136,0.01751,-0.0013196,-0.022099,-0.019077,0.017877,0.033229,-0.012653,-0.01682,0.027113,-0.006058,0.04353,0.033907,-0.0051801,0.0014811,-0.0050995,0.0041897,-0.0050788,-0.023064,0.0010688,0.012634,0.018394,-0.010064,0.0042849,-0.014451,-0.0051751,-0.0010152,-0.046509,-0.0012465,0.014684,0.0043754,0.011341,-0.011558,0.0012815
9.6491e-05,0.071204,-0.00080257,-0.051071,0.0052772,-0.011087,-0.015078,-0.004315,-0.036159,-0.021052,0.0097664,-0.012519,-0.0012112,-0.02861,0.011938,0.0015752,-0.0080468,0.0053075,-0.0022377,0.00016973,-0.018517,-0.028695,0.0096903,-0.0058476,0.0010872,-0.0016823,-0.0090371,0.02431,-0.03395,0.0033784,0.0054427,0.0027169,0.016613,-0.02179,-0.016463,0.024737,-0.011214,0.0082553,0.011289,0.0077356,0.0068133,-0.0081065,0.02004,0.00088419,0.0040541,0.0063877,0.013427,-0.005683,0.012556,-0.02168,-0.013798,0.012942,-0.016279,0.019608,0.028754,0.034353,0.029206,-0.017932,-0.0016616,0.0063832,-0.013927,-0.0089917,0.010013,-0.0010833,0.0015222,0.00047358,0.0059451,0.0035402,-0.0087954,-0.0023377,0.0064821,0.0039561,-0.012061,-0.0014333,0.0027207,0.0052542,-0.010394,0.0046573,0.014132,0.020214,-0.0054607,-0.013881,0.00086049,-0.011889,0.00041773
-0.037532,0.07825,-0.11127,0.072522,0.075345,-0.011938,-0.0051903,-0.039057,-0.14344,-0.0054478,0.0054069,-0.028588,-0.0015179,0.0007979,0.00082176,0.090879,0.0057273,0.018852,-0.028011,-0.022138,0.00021296,-0.0074511,0.032305,0.0037516,-0.001191,-0.0090349,-0.10428,-0.0082025,-0.013381,0.0038622,-0.0097182,0.014047,-0.0020088,-0.022202,0.060844,0.0074805,-0.0048588,-0.039682,0.0097542,-0.012067,-0.0067405,-0.0033685,-0.0468,0.01795,0.006503,-0.0077225,0.020471,0.0525,0.040956,-0.0046022,0.0049303,0.00078843,0.015051,0.0056029,-0.0081561,-7.5953e-05,-0.014998,-0.02163,0.0028226,-0.0082858,-0.030798,-0.046101,-0.0072564,-0.010532,-0.0030019,0.0077805,0.0081402,0.0087505,-0.010168,-0.010544,0.030259,0.0053406,0.00074608,-0.010482,0.0023253,7.444e-06,-0.0071321,-0.01906,-0.0076647,-0.033746,-0.0097735,0.060015,0.010931,-0.00096452,-0.00065644
0.0040388,-0.061071,0.0056868,-0.035688,-0.014562,0.0074017,0.014613,0.0024494,0.036432,-0.010319,0.00045851,-0.0037404,0.0067599,0.0065907,-0.010176,-0.0083922,0.090654,0.001875,0.0073446,-0.005536,-0.0043647,-0.019677,0.0089589,0.0029197,-0.018426,0.0018674,-0.0091814,0.017115,0.010329,0.0038196,0.0064619,-0.0013519,-0.014984,-0.0068664,0.006771,0.0010947,0.013271,-0.026227,0.0020761,0.0076495,-0.0023107,0.0033444,0.010793,-0.0080575,0.0018061,0.0029469,0.0088388,0.017576,0.0017574,-0.011578,-0.011751,-0.01123,0.012877,0.014245,0.017727,0.010782,0.0014801,0.020356,0.012334,-0.0028435,0.0019031,0.0072085,-0.0092362,-0.00083102,-0.0056953,0.0050882,-0.0065989,-0.003071,-0.0077252,0.0022548,0.0025538,-0.0025163,-0.00062348,0.0070779,0.011055,0.0026617,0.0017552,0.0018814,0.034666,0.015443,0.0049557,-0.0046622,0.0034237,-0.0096969,0.00012987
0.0016411,-0.039249,-0.10665,0.08977,0.0058792,0.0015034,0.012913,-0.0052127,-0.0081417,0.073181,0.0031902,0.011669,0.054925,0.023643,0.023977,0.017809,-0.033,0.047852,0.0069128,0.014047,0.0084011,0.054019,-0.0073666,0.017868,0.036538,0.01219,0.085416,-0.036939,-0.0057395,0.021511,0.024458,-0.0036713,-0.011505,0.025065,0.016238,0.0022542,0.012001,-0.046601,0.0041933,-0.0075247,0.0041517,-0.0023665,-0.021336,0.012271,-0.0029814,-0.0092938,0.0093946,0.026753,-0.017684,0.022052,0.016198,0.020936,0.021472,0.026174,-0.028825,-0.00030733,0.013833,-0.050253,0.024699,0.016949,-0.00535,0.016948,0.015301,-0.001865,-0.0081491,0.027438,-0.0010791,-0.009459,0.025238,0.029571,-0.0063237,0.0085099,-0.028682,0.017921,-0.0083499,-0.0013387,-0.00089099,-0.012665,-0.062126,0.0099222,-0.0093193,0.041112,0.00836,0.0060457,0.00060109
-0.0043811,-0.15819,0.024387,0.057005,-0.012636,-0.015824,-0.040204,0.0085274,0.0053186,0.0092945,0.000331,-0.038181,0.016568,-0.0025391,0.016004,0.014643,-0.052521,0.012597,0.063245,0.017504,0.0036908,-0.004109,-0.012245,-0.010617,0.0070238,-0.019269,-0.013787,-0.010185,-0.01582,-0.019868,-0.00080704,0.0021482,-0.00041108,0.019356,0.033333,0.017332,-0.0060429,0.03352,6.8234e-05,-0.0095328,-0.00061019,-0.00035895,0.048651,0.015525,0.0068632,-0.0058406,-0.0080595,0.016129,-0.014802,0.043258,-0.0042887,-0.018239,0.041796,-0.0048381,0.0076519,0.027531,0.0015575,-0.0034029,0.0087671,0.026625,0.0028298,-0.011045,0.031802,-0.00027079,0.00038009,-0.011061,0.0047266,0.00010644,0.018659,0.024739,-0.011716,0.0024401,-0.00033933,-0.01863,-0.0092344,0.0080646,-0.00815,-0.015786,-0.0034415,-0.014454,-0.0070277,-0.016518,-0.0094512,0.0089842,0.0011371
0.0036559,-0.071684,0.027965,-0.05313,0.0021576,0.0013757,-0.012231,0.044983,0.083931,0.022503,-0.0069654,0.018343,-0.010666,0.043556,-0.035532,-0.019565,-0.090793,-0.014914,0.01835,0.05985,0.0061018,0.038175,-0.0046199,-0.0034907,0.01713,0.0096206,0.041339,0.010709,0.02197,0.02041,-0.027133,0.0064863,0.019767,0.021483,-0.010527,0.02767,0.02207,0.042968,-0.016453,0.015667,0.012153,-0.00063382,0.042785,-0.020461,-0.0084565,0.0053946,0.028564,-0.044713,-0.033344,0.0042669,-0.010419,-0.0030232,-0.0027445,-0.03467,-0.021393,-0.019831,-0.0039794,0.034802,-0.025046,0.011138,-0.01894,0.0054886,0.011877,-0.0025761,-0.003629,0.0091025,0.0072072,0.0016899,0.010716,0.0052811,-0.0035703,0.0086038,-0.0017009,0.019965,0.00031296,0.012998,-0.0061579,0.0032321,-0.012001,-0.02335,-0.0090501,-0.041194,0.0069333,0.0047578,-0.0016918
-0.020772,-0.081775,-0.00086786,0.069791,0.012004,-0.0087871,0.10306,0.053501,0.02617,0.0093859,-0.010615,0.053666,-0.019578,0.0012885,0.020356,-0.0078364,0.020437,-7.9663e-05,-0.0062043,-0.017566,0.10148,-0.00869,0.039016,-0.012103,-0.016868,0.020638,0.027634,0.033479,0.012599,-0.0016211,-0.040701,0.0078456,-0.0096848,0.0023135,0.016489,-0.0048181,-0.026902,-0.015187,0.025094,-0.012763,0.0084517,-0.013043,0.047251,-0.0048627,-0.0023469,-0.020074,0.061255,0.036434,0.030445,0.0013745,0.012902,-0.0104,0.047035,0.061685,-0.040321,-0.014729,0.033295,0.029948,0.021847,0.0069008,0.020185,0.0031098,0.014813,0.01606,0.011109,0.035973,0.027804,0.0023777,0.0051636,-0.012394,0.0081912,-0.014724,0.0073439,0.018074,0.012829,-0.0034272,-0.00010922,-0.018637,-0.012304,-0.010394,-0.012183,-0.0041271,-0.014676,-0.018712,0.0004228
0.0059464,0.011281,0.062266,-0.033704,0.057041,0.0012269,0.050268,0.00027478,0.014026,0.035853,0.0013697,-0.023416,0.012668,0.023316,0.061735,0.018536,-0.043448,0.028818,-0.0021297,0.026179,-0.0014529,0.091184,0.016191,0.02752,0.058787,-0.015857,0.018506,0.00051905,0.018007,0.016981,0.0080789,0.0046442,0.014035,0.015807,0.010502,-0.0043876,0.011414,0.022581,0.00055163,0.0046468,0.0060842,-0.0024822,0.0086309,0.0019145,-0.0093493,0.0090048,-0.0046053,0.070926,-0.0074152,0.047107,-0.0099637,-0.030697,0.0054726,-0.019784,-0.010049,-0.0030443,0.0027463,-0.018443,0.072435,-0.0064832,-0.014052,0.022753,0.027563,0.0020132,-0.0012244,0.035573,-0.0034605,0.00075797,-0.014845,-0.019799,-0.00072192,0.009976,-0.014459,0.026026,0.012382,-0.018033,0.013272,0.0048636,-0.026811,0.010665,-0.0045367,-0.021899,0.0012159,0.018446,-0.00033306
-0.005684,-0.079077,-0.037939,0.039347,0.019175,-0.014845,-0.011525,-0.025387,-0.018439,0.0033215,-0.0068553,-0.028715,0.0006133,0.0010673,0.071789,0.0311,0.14002,-0.03943,-0.025908,-0.059037,0.035455,0.025213,0.07319,0.0094554,-0.031616,-0.021365,-0.060137,-0.015518,-0.01286,-0.028324,-0.018602,0.022553,-0.024842,-0.0132,0.041809,-0.017931,0.0062537,-0.066118,-0.014962,-0.0085106,0.0077523,0.022156,-0.024271,-0.00026715,0.00057499,0.004462,-0.012787,0.070535,0.053419,0.10864,-0.023873,-0.0090547,-0.0015134,0.099649,-0.034646,-0.025505,0.010763,0.078432,-0.017029,0.0033069,0.015737,0.022882,-0.0016884,0.040271,0.0063788,0.0004001,0.0024811,-0.0086947,-0.011388,-0.013472,0.021976,0.0070465,0.0030316,-0.013797,0.0083663,-0.017884,-0.0080158,0.0033483,0.0026897,-0.0086889,-0.013318,-0.026161,0.020784,-0.0010607,-0.00036288
0.012757,-0.0072103,0.055579,0.04094,-0.031537,0.049162,-0.067505,0.013224,-0.045942,0.050714,0.030782,-0.0043454,-0.0057971,0.0076345,0.067827,0.037875,-0.15376,0.023441,0.01176,0.0012402,0.027783,0.04033,-0.020394,0.066229,0.02897,-0.018448,-0.028137,-0.030478,0.016878,0.015315,0.051866,-0.0055955,-0.00049397,0.016379,0.025697,-0.025522,-0.049883,0.11019,-0.0046054,0.018522,-0.0032484,-0.016153,0.037429,0.03911,-0.0060864,-0.029695,-0.0059911,0.083188,-0.0070541,-0.0025043,0.027332,-0.049268,-0.0018358,-0.029857,-0.015391,0.05934,0.011549,-0.070676,0.062152,0.0084074,-0.0030958,-0.00039064,0.079955,0.011726,0.0038778,0.036736,-0.019299,0.012954,0.014785,-0.0023072,-0.014089,-0.012491,-0.01787,-5.8529e-05,-0.019912,-0.0044232,0.016789,-0.0084408,0.00058352,0.0028343,-0.030456,0.0015583,0.0010466,0.0056265,-0.00034899
0.014359,0.049729,0.09006,0.032082,0.073615,-0.040176,0.011292,0.00062331,0.075823,-0.014382,-0.0025231,-0.0013424,-0.018388,0.0068267,0.071466,0.03464,0.024572,0.0014467,-0.052222,-0.020308,-0.014527,0.039272,0.012608,-0.032303,0.085528,-0.0062118,-0.10336,0.04329,0.0051338,0.011405,0.004839,0.016436,0.025486,0.0066981,0.029644,0.0018207,0.0096381,-0.078166,0.0044701,-0.0054338,0.012577,-0.00061434,-0.0047436,-0.0017199,0.0093579,0.016952,-0.0077894,-0.0088854,-0.0028553,-0.042562,-0.014217,0.0057432,-0.0038973,0.032893,0.0022218,0.059831,-0.0072599,-0.077496,0.05949,0.0036363,-0.020637,-0.0042937,0.040507,0.0043757,-0.0058917,0.016908,-0.014419,0.0021592,-0.013393,0.010962,0.013472,0.0017467,-0.0090411,0.042122,-0.016708,0.012059,-0.013832,0.025791,-0.027111,0.014727,-0.016828,-0.053651,0.012517,0.023013,0.0028594
-0.0076831,0.019984,-0.010412,0.080094,-0.041157,0.029332,0.068084,0.033605,-0.048803,-0.013542,-0.013015,-0.028558,0.011874,-0.016374,0.0074256,-0.014906,0.0043385,-0.017249,-0.018332,0.02319,0.0094184,0.0027515,-0.025271,0.0040582,-0.0061252,0.11635,-0.015235,-0.026847,-0.0069162,0.016463,-0.015147,-0.0012434,-0.014226,0.036548,0.02258,0.011374,-0.011942,0.046316,0.0064174,0.0094013,0.001072,-0.0067367,0.020758,-0.03196,0.0011147,0.0081626,0.056657,0.0065617,0.029312,-0.0052036,-0.010811,0.018667,-0.062902,-0.020332,0.0037004,-0.0088357,0.0004273,-0.080165,0.0031517,-0.0042031,-0.0059773,-0.020596,0.0012526,-0.0081538,0.0023265,0.012387,-0.0070292,0.0062895,-0.0039052,-0.0057022,-0.015005,-0.0020445,0.013051,0.027393,0.0030441,-0.00010071,0.021815,0.002238,-0.08044,0.017775,-0.00024876,0.00666,0.0023446,-0.0049924,-0.0007348
0.00049583,0.013597,-0.013069,-0.014545,-0.015448,0.0024659,-0.023261,-0.0021511,0.037128,0.02976,0.0064104,-0.0022157,0.016127,0.019244,-0.012108,-0.0031983,-0.0013682,0.0041087,0.010028,0.0048421,0.0043682,0.015159,0.0039311,0.015158,0.0019847,0.0028362,0.0672,-0.0067755,0.0065472,0.0060749,0.0026998,-0.0001566,-0.003609,0.0059263,0.00029918,-0.0071283,0.00098345,0.014718,-0.0056056,-0.0061583,-0.00027565,0.0037288,0.018026,-0.00022801,-0.0031394,-0.0020039,-0.0032643,0.014853,0.0013028,0.033231,-0.0051047,0.0007465,-0.0018597,-0.00012783,-0.0084738,-0.0048152,0.0048071,-0.0037605,0.0091543,0.0016859,0.0050255,0.0040123,0.0067613,0.006331,0.00032973,-0.0036631,-0.0040752,-0.0060707,-0.0014181,0.0035193,-0.00076133,-0.0032399,0.00088146,0.011566,-0.0038731,-0.00030849,-0.0043272,0.0021705,0.0011096,0.0080029,0.0082522,-0.0050595,0.00075446,0.0056845,0.00020241
-0.0024907,0.029669,0.00053331,-0.15317,-0.033314,0.040644,0.083036,0.016255,0.056729,-0.0027901,0.013938,0.0021892,-0.01024,-0.029682,0.051331,-0.010476,0.038809,-0.03773,-0.026773,-0.016185,0.0078876,-0.022348,0.005022,-0.037692,-0.016083,0.044548,-0.010622,0.12186,-0.027656,-0.023066,0.031222,0.010448,-0.0011703,-0.0055409,-0.017669,0.0011863,-0.0069403,0.023236,-0.0017227,0.0019391,0.016843,0.003599,0.041857,-0.038522,0.0012165,0.011326,0.017457,-0.14842,0.013293,-0.066158,0.01146,0.021958,-0.0046284,0.05061,0.039134,0.005499,0.0014225,-0.048075,-0.016513,0.0077198,0.0061932,-0.018466,-0.014749,-0.00027127,-0.0032117,-0.00083896,-0.004662,0.006833,-0.0068798,0.034736,0.018938,0.0055923,-0.0029373,0.0018784,0.016323,0.0007794,-0.0054516,0.016713,0.060559,-0.021981,0.0046264,-0.020305,0.0058365,-0.0020961,0.00061383
0.0084714,-0.073445,0.037546,-0.036499,0.014495,0.066857,-0.013803,0.046341,0.032408,-0.02739,0.0018386,0.068928,-0.050627,0.032368,0.031292,-0.034042,0.023978,0.0205,-0.042872,0.0025957,0.052042,0.032365,0.026199,0.0039421,0.0080814,-0.027015,0.046838,0.068151,0.10169,0.0088812,0.025457,0.012047,-0.027697,-0.0040643,-0.052649,-0.038466,-0.0012214,0.036931,0.0074569,-0.009394,-0.0047777,0.0071457,-0.031313,-0.02514,-0.010054,-0.032187,0.027368,-0.013359,-0.01741,0.060759,0.01182,0.00096858,0.034209,-0.0031961,0.042015,0.022036,-0.021481,-0.049757,-0.00024928,0.00018697,0.0046461,0.0052535,0.020813,0.014939,0.0013238,-0.0059989,0.007818,0.0050528,0.0074622,0.014831,0.02152,-0.01096,-0.017345,0.041095,0.012692,0.0019492,-0.0041302,-0.0061996,0.045327,-0.036153,-0.025191,-0.013589,-0.0021588,0.007306,0.00026711
0.021695,0.17263,-0.045995,0.074407,0.018334,0.051746,-0.0031132,0.023784,0.12147,0.044083,0.0074314,0.084506,-0.033361,0.043074,0.042133,-0.025101,0.043589,0.020374,-0.014948,0.045688,0.029922,0.035259,-0.0081584,0.01649,0.041708,-0.055071,0.058537,0.046773,0.059407,0.12005,0.024951,0.0021337,-0.010071,-0.0069825,-2.5253e-05,0.011892,-0.0094364,0.03915,0.029754,0.054187,-3.023e-05,0.00082044,-0.051614,-0.0060282,-0.012321,0.0014494,-0.0021406,0.078366,0.010173,0.011858,0.0078651,0.012095,0.047149,-0.071476,-0.032022,-0.025181,0.0092947,0.021107,-0.043535,-0.009099,-0.0035313,0.016903,0.10115,0.0021112,-0.00011645,0.02222,-0.015915,-0.016892,0.028815,0.0061155,-0.0090684,0.013212,0.0087425,0.053799,0.0058877,-0.0055212,-0.010391,0.001638,0.075746,0.0081604,0.024011,-0.0052891,0.017306,0.0023874,0.0010273
0.029616,0.028269,-0.0059067,-0.038309,0.029455,0.025907,-0.006037,0.0014813,0.007404,-0.0059248,0.0061565,-0.0028238,0.038905,0.039232,-0.060044,-0.026788,-0.087848,0.013903,-0.011921,0.0092148,0.0042066,-0.0032923,-0.019978,0.0074479,-0.012458,-0.005009,0.043261,-0.0045995,-0.01734,0.011576,0.10854,0.0063202,0.036257,-0.015913,-0.025712,0.016762,0.0085766,0.032733,0.011648,-0.011056,-0.0060216,0.0069487,0.067137,0.011245,-0.00097313,0.010505,-0.027573,-0.041285,-8.8152e-05,-0.011764,0.019285,-0.015608,0.00093992,0.0014557,-0.0058051,-0.0033053,0.0076984,-0.017557,-0.0077072,-0.008436,0.040001,-0.0082851,0.013223,0.0058328,-0.0034131,-0.0060401,-0.013651,-0.0085688,-0.010827,-0.019624,0.013541,0.0085614,-0.0093329,-0.0094364,0.008548,-0.0018539,-0.00070382,-0.0026676,0.0043638,-0.0071562,0.03056,0.019421,0.0076014,-0.024553,0.0013977
-0.0068519,0.10519,0.10241,-0.055655,0.071952,-0.011965,0.11792,0.031106,0.091075,0.17708,-0.0063609,0.1508,-0.0076796,0.061132,-0.018632,0.040539,0.13461,-0.010601,-0.10937,-0.033214,0.093315,0.036183,0.057674,-0.037479,-0.036085,-0.045944,-0.045381,0.076846,0.052674,0.061215,0.0082419,0.13555,0.062744,-0.039504,-0.024819,-0.050553,0.14493,0.14637,0.014967,0.015707,0.00218,0.037457,0.070524,0.035245,0.014651,0.00095401,0.076208,0.050817,0.077034,-0.013188,0.037135,0.028303,0.14067,0.097556,-0.044878,0.016054,0.063546,0.08923,0.19203,0.05361,0.054703,-0.036593,-0.014036,0.086649,-0.021394,0.0010368,0.016464,0.022266,-0.035589,0.043666,0.049415,-0.03048,0.023419,0.07243,0.020283,-0.0061872,0.0088611,0.0074852,0.16192,-0.088237,0.023296,-0.10993,-0.015612,-0.080461,0.00045558
-0.0017646,0.021447,-0.043597,-0.023193,-0.0080374,-0.071283,0.056364,0.030204,-0.016367,0.01211,-0.0010361,0.043266,0.028884,0.021394,-0.02829,0.013035,-0.00055705,-0.0161,-0.058365,-0.016263,0.0083628,0.048092,0.032253,-0.025017,0.0069521,-0.030979,0.019571,0.031159,0.019535,0.0013987,0.0052692,0.025832,0.029698,-0.036014,0.0032846,-0.031267,0.039859,0.041945,-0.035034,-0.026402,0.0028418,0.0066368,0.03392,-0.015552,0.0085083,-0.0063967,-0.026655,0.021899,-0.021401,-0.053491,0.018065,0.01935,0.0097942,0.013962,-0.0010594,0.010189,-0.0054118,0.011664,-0.0069206,0.0013895,0.05044,-0.018034,-0.0062186,-0.0042357,-0.00030478,0.0033741,-0.0030122,0.010469,-0.0057782,-0.018147,0.021177,-0.0021997,-0.0036544,-0.0009234,-0.0080666,0.0098373,0.0077141,0.018998,-0.0060329,-0.060426,0.010081,0.043838,0.018221,0.0071649,-0.0023645
-0.0041409,-0.036938,-0.007965,0.016984,0.033369,0.0146,0.014976,0.057975,-0.041079,-0.018324,-0.0081441,0.029746,-0.06,-0.0024052,-0.015289,-0.018912,-0.10874,0.013671,0.03087,0.012685,0.010139,0.0027722,-0.023412,-0.011926,-0.0025239,-0.0025872,0.028189,-0.036531,0.015938,-0.013327,0.024301,0.0083855,0.010036,0.10344,0.068459,0.020965,-0.0031065,0.086691,0.018799,0.026438,-0.0042983,-0.01247,-0.00053069,-0.0058841,-0.0069305,-0.012606,-0.0075459,0.061398,-0.02533,0.0049421,0.00231,0.00912,0.03868,-0.02802,0.0034189,-0.0044561,-0.0087524,-0.03652,-0.051469,0.00097466,-0.032175,0.015082,0.0055895,0.0028403,0.023507,-0.028675,0.02032,0.0051803,0.0056664,-0.0044641,-0.01049,-0.0034751,-0.004395,0.026043,-0.0047589,-0.015754,0.0039832,-0.0091527,-0.0055516,-0.035602,-0.017071,0.026487,0.00028191,0.0099291,-0.00093785
0.0015431,-0.013639,-0.034865,-0.029024,0.0087279,-0.026186,0.078365,-0.010727,0.0077877,-0.04659,-0.0072964,-0.00084408,-0.0067868,0.020836,-0.024933,-0.0040047,0.055221,0.00034709,-0.0084772,-0.01367,0.0014566,-0.015783,0.0058298,-0.012479,0.0019313,-0.012087,-0.0061034,-0.001084,0.021423,-0.0066115,0.00038675,0.0081067,0.022786,-0.0094938,0.083942,-0.016209,0.012566,-0.014403,0.016852,-0.0013526,-0.0079351,-0.0015044,-0.012203,-0.0046752,0.0040247,0.0045542,0.017724,0.080857,-0.0032659,-0.0094327,-0.0017894,0.012952,0.054478,0.00010298,0.0035319,-0.010373,0.0024143,0.04203,0.021371,-0.0027361,0.013259,-0.003094,-0.044662,-0.012785,-0.00034282,0.0051294,0.0026813,-0.010326,-0.016632,-0.0032492,-0.00089184,-0.0015593,0.0036383,0.016382,0.0035321,-5.8608e-06,-0.0018983,0.0051731,0.037301,-0.01593,-0.0068023,0.02005,0.003618,-0.0025215,-5.2363e-05
0.0021754,0.0012569,-0.091407,0.036922,0.00089107,0.033868,-0.06898,-0.016561,-0.053408,-0.027066,-0.026944,-0.06772,0.0025776,-0.0489,-0.014053,-0.0019685,-0.022511,-0.01215,0.043327,0.029773,0.0034175,3.4181e-06,-0.0038739,-0.0062811,-0.031534,0.0083343,-0.015591,-0.038324,-0.041296,-0.026791,-0.0042444,0.008398,0.017985,0.024803,0.032965,0.069477,-0.0043496,0.041792,-0.011565,0.0024185,-0.0091259,0.00038552,-0.022947,0.0031741,0.00047995,0.0067512,0.0093035,-0.07322,-0.007786,-0.055546,-0.011766,-0.003094,0.024112,0.016973,-0.0065435,-0.021178,0.023318,-0.020465,-0.068832,-0.016211,0.0095862,0.036492,-0.0093301,-0.012491,0.0030304,-0.01225,-0.016828,0.0090046,0.0062463,-0.014866,-0.015101,-0.00040532,0.0023003,0.0063764,0.011577,0.0032481,0.0055541,-0.022127,-0.066033,-0.043398,0.013402,0.015761,-0.0047728,5.8132e-05,-0.0010407
0.012197,0.014323,-0.091746,-0.057409,-0.038721,0.049312,0.06301,-0.0087681,0.062589,0.016558,0.0053965,-0.0033526,0.071863,0.0452,-0.0024825,-0.0089203,0.0062426,0.022592,-0.014455,0.01413,-0.043434,0.06455,-0.020127,0.042344,-0.038466,0.0084361,0.11388,0.005617,0.040377,0.020404,0.035753,-0.0025663,-0.01056,0.021832,-0.058617,-0.02256,0.082797,0.027245,-0.035349,0.010576,0.0061435,0.00099247,0.057848,0.004629,-0.00027607,0.0048043,-0.00093301,0.13582,-0.038228,0.066641,-0.013066,0.043442,-0.068041,-0.012757,-0.0042707,-0.022138,-0.022106,-0.0011311,0.034137,0.0035951,0.0091471,-0.023494,0.035997,0.0022534,-0.0017863,-0.0051417,-0.0028093,-0.0015408,0.00097907,-0.016921,0.017256,0.0053606,-0.0058715,0.015267,0.014236,-0.019163,0.012286,0.0020597,0.032276,-0.0066473,0.052046,0.043019,0.0050306,-0.011614,-0.0015761
-0.0037753,-0.020471,-0.003948,-0.0018056,-0.0055064,-0.0073668,0.0045002,0.022655,-0.011353,0.022867,0.0048743,0.024516,-0.0022919,-0.0085921,0.0093533,0.0012613,-0.061425,0.019638,0.0085079,0.0049514,0.011449,0.0069202,-0.006713,0.0076095,0.0030608,-0.0085187,0.018961,-0.00018772,0.0051958,0.0010861,0.011125,0.0052367,0.0096225,0.0098703,-0.030888,0.006383,-0.011649,0.055445,-0.0027578,-0.0013156,0.0020538,0.00024309,0.012823,0.0024676,-0.0014505,-0.0032571,0.0011139,-0.019686,-0.013921,-0.0034581,0.0024955,0.0051937,0.005632,-0.0041791,-0.0027132,0.0056821,0.0051469,-0.023288,-0.019999,0.0086536,0.012211,-0.001812,0.010113,0.0030476,-0.00031945,2.5461e-06,-0.0015992,0.0027352,0.006268,-0.0025076,0.0021855,0.0010679,0.00078814,0.0033138,-0.0047294,-0.00039291,-0.00049855,-0.00064041,-0.014562,-0.010547,-0.0020207,0.0011992,-0.0041197,-0.004765,4.8086e-05
0.0067096,-0.02755,-0.065463,0.076641,0.1189,-0.0204,0.00088257,0.0048768,0.0069609,-0.0020778,-0.040866,0.10585,-0.0093407,0.019675,-0.048423,-0.066457,0.10823,0.0084709,0.019639,0.014219,0.030396,0.017475,0.015074,-0.016839,0.070164,-0.028418,-0.051896,0.012234,0.048551,0.031263,0.025106,0.010567,0.0018559,0.014934,0.070104,0.032102,-0.012523,-0.13322,0.044485,-0.019813,-0.004537,0.0061263,-0.072558,-0.035037,0.0097532,-0.015866,-0.046625,0.076016,0.035715,-0.034059,-0.013218,-0.057421,0.10313,0.059739,0.021029,-0.026047,-0.017643,-0.09252,0.048829,0.006725,0.036069,0.031413,0.031795,0.009372,-0.0085553,0.0089712,-0.0041748,-0.022816,0.013769,-0.0056734,0.0015775,-0.025926,-0.0055125,0.063882,-0.00021361,0.012731,-0.004783,-0.0037715,-0.015751,-0.058917,-0.021782,0.048183,0.024716,-0.016334,-0.00085892
0.0019517,0.011018,0.035775,-0.27097,0.0023824,-0.029361,-0.02372,0.049169,-0.0052155,0.027423,-0.014323,0.022546,0.012085,-0.0073698,-0.0025804,-0.017799,-0.015587,0.031738,0.063384,0.023729,0.0053837,0.018565,-0.0084289,0.015735,0.015014,-0.0057082,0.007679,-0.0015628,0.012391,0.0060273,0.020074,-0.0021652,0.0042616,0.0106,-0.038589,0.012916,0.0067554,0.017074,0.054428,0.059538,0.016277,-0.011259,0.031105,-0.0025712,-0.0074266,0.0067209,0.031545,0.01498,0.028214,-0.02588,-0.014146,-0.018015,-0.02699,-0.013249,0.045512,-0.023015,0.0081517,-0.036912,-0.035427,-0.00029258,-0.00041245,-0.0067439,-0.025692,-0.0063176,-0.024458,-0.00084985,0.0058423,-0.007262,0.0057305,0.0027146,0.023871,-0.019506,0.015072,0.015975,-0.0029641,0.011189,0.0029156,0.0057572,0.032699,-0.023081,0.00094029,-0.0058597,0.0083817,-0.028017,-0.002797
0.0066863,0.24039,0.056717,-0.23791,0.0081911,-0.025845,-0.089681,0.036558,-0.32717,0.018351,-0.036862,-0.096495,0.038174,-0.047182,0.046608,0.014707,-0.16057,0.099111,-0.018321,0.026245,-0.11041,0.12474,0.0302,-0.01104,0.056881,0.13281,0.1014,-0.070608,-0.034635,-0.00032265,-0.0089235,-0.012823,-0.046153,0.031077,-0.14658,-0.011364,0.012349,0.075572,0.024115,0.17137,0.093868,-0.00082647,0.024435,-0.029268,0.022617,0.091239,0.079887,0.011054,0.10251,-0.0072677,0.059808,0.084891,-0.23007,0.011016,0.03651,-0.056453,-0.020858,-0.16862,0.060818,0.044452,-0.076633,0.033692,0.11403,-0.013038,-0.015338,-0.0040169,-0.036847,0.0033275,-0.016114,-0.0061659,0.057696,-0.02087,0.020096,0.070092,-0.0087271,-0.020428,-0.027555,0.043091,-0.16272,0.045176,0.060029,-0.01979,0.02528,0.030904,-0.0084599
0.021066,-0.04732,0.078951,0.26799,0.067047,0.077578,0.016752,-0.0046285,-0.03622,0.051117,0.01326,-0.065205,0.016933,0.22278,-0.11925,-0.069571,-0.074389,0.033347,0.049709,0.14821,0.051586,0.059235,0.057832,0.023648,-0.026066,0.031323,0.31294,-0.13082,-0.029562,0.057005,0.067275,0.089696,-0.0049487,0.001607,-0.011806,0.013198,0.15119,0.10779,-0.027213,0.013331,0.03111,0.10639,-0.11509,0.02601,-0.0088556,0.021658,-0.093421,-0.1509,-0.032999,0.079786,-0.017484,-0.040709,0.19598,-0.0424,-0.188,-0.0049859,0.063991,0.33124,-0.033445,-0.0029415,0.023794,0.11394,0.013919,0.1132,0.02989,0.0039082,0.0095901,0.030931,-0.023983,0.022693,-0.038617,0.071042,-0.0066042,-0.073599,0.025953,-0.036104,-0.011482,-0.052978,0.018567,0.098575,0.01429,-0.15331,0.051295,0.01119,0.0016474
-0.0069646,-0.019747,-0.055545,0.0018532,-0.0065073,-0.0043089,0.0050421,0.017426,-0.0045419,-0.011382,0.00075735,0.012245,-0.015651,-0.0047855,-0.014478,0.00073961,-0.022668,0.0021807,0.0086817,-0.00564,-0.0015345,-0.015435,-0.0085692,-0.0074482,-0.01198,-0.0042992,0.015966,-0.0087754,-0.010577,0.00047943,0.0081821,-0.0046235,-0.0072614,0.028106,0.01992,0.0087992,-0.0011865,-0.011341,-0.015076,-0.0053646,0.00082038,-0.0037166,0.026161,-0.0030355,0.0022436,0.0050959,-0.023943,-0.0032204,-0.00062516,0.0046326,0.014467,-0.010278,-0.0049631,-0.0013619,-0.0024177,-0.009833,0.0017451,-0.030072,0.0029385,0.0070101,-0.00011625,0.0029172,0.0082569,-0.0066311,0.0045176,0.0058826,0.0052535,-0.0029012,0.0098751,-0.01579,0.00060091,0.0040152,-0.004168,-0.016496,0.0027089,-0.0096986,0.0014279,-0.0047593,0.0019783,0.012681,0.012873,-0.001449,0.0010071,0.0041861,-0.00077083
-0.008747,-0.010085,-0.17493,0.1062,0.00093126,-0.1014,0.030162,-0.046792,-0.10191,-0.026911,0.0087145,0.044975,0.023387,-0.012796,-0.058062,0.064302,-0.030125,0.070933,0.058026,-0.018664,0.025304,-0.030461,0.0034998,0.015621,0.044394,-0.037675,-0.15216,0.002321,0.051535,-0.02484,-0.046438,-0.010541,0.044145,-0.0019791,-0.052502,0.0066739,-0.016626,0.0055206,-0.002676,-0.054045,0.0080298,-0.0084386,0.049758,0.086303,0.0041143,-0.015,-0.026337,0.010465,-0.046606,-0.13974,0.03051,-0.015015,0.026771,0.018365,0.044189,0.044356,0.0007379,0.016116,0.026705,0.018071,0.023722,-0.040823,0.058369,-0.0040293,0.010696,-0.0089382,0.029862,0.0012859,0.020905,-0.0029558,0.01402,-0.015052,0.0063037,-0.042905,-0.015188,0.0041458,-0.0081111,-0.032402,-0.016361,-0.0034724,-0.016401,0.046936,-0.015832,-0.010019,-0.001167
-0.019075,-0.028657,-0.095775,0.11089,0.0069885,-0.11175,0.11705,0.009919,-0.23828,-0.24798,0.029491,-0.019861,0.069971,-0.023301,-0.0052141,0.011403,0.19598,0.029141,-0.042358,0.0041161,-0.097999,-0.013804,-0.1189,-0.056127,-0.023447,0.025304,-0.19159,-0.12031,-0.03277,0.0556,-0.044258,-0.013324,0.012353,-0.044329,0.012563,-0.069167,0.043184,-0.15506,-0.00055078,0.06391,-0.0079924,0.03197,-0.12031,0.021809,0.082285,0.030082,-0.013583,0.11082,0.12635,0.10897,0.014711,0.048428,-0.081486,-0.11867,0.010541,0.032851,-0.024713,0.12968,0.076844,0.024377,0.018705,0.055201,0.0037838,-0.056229,0.020987,0.11329,0.10731,0.03435,-0.01917,0.049088,0.024012,0.045532,0.0053743,-0.0073297,0.017566,-0.0083837,0.0050286,0.044919,0.13794,0.19115,0.12344,0.086272,0.0043286,0.028636,-0.0020565
0.0017596,0.19412,0.039408,-0.0092666,-0.055861,-0.046575,0.11024,-0.055731,-0.076201,-0.081016,-0.012779,0.026533,0.027011,-0.076365,0.0111,-0.046379,-0.097641,-0.0096447,0.010344,-0.018883,-0.086741,0.080657,-0.036115,0.049622,-0.00062865,-0.03133,-0.13161,-0.083612,0.021194,0.027299,0.02449,-0.0077715,-0.002611,0.070962,0.02576,0.0019,0.02176,0.086706,-0.0067454,0.012325,-0.0034092,-0.0041709,0.070797,0.017576,0.0011103,0.071406,-0.10849,0.11667,-0.056427,0.0063238,0.019496,-0.0013197,-0.16574,-0.032718,0.032347,-0.0078633,-0.017135,0.012675,-0.096833,-0.0032385,0.0045996,0.044994,-0.070419,-0.0024357,0.0075939,0.0057711,-0.0018499,-0.040838,0.011292,-0.031769,-0.0065401,-0.008693,0.012121,0.034968,-0.014049,0.002817,0.0054127,0.03497,0.011026,0.0099641,0.0096785,0.054621,-0.011059,0.012765,-0.0034646
-0.0010217,-0.0025642,-0.024549,-0.10178,-0.034589,0.067569,-0.002658,0.0016639,-0.023186,-0.016847,-0.023415,-0.011407,0.030934,0.0073026,-0.0044,-0.011375,-0.052622,-0.019096,-0.034682,-0.0082622,-0.0088523,0.018248,-0.00522,0.0052248,0.0031531,0.033353,0.0085846,0.032017,0.008759,-0.010237,0.0042819,-0.0046496,-0.016976,0.011023,-0.017349,0.015495,0.012243,-0.033405,-0.015058,-0.0094918,0.0049039,-0.0075953,-0.0032026,-0.016285,-0.0027103,0.0016673,0.093615,-0.006134,0.011606,0.0090873,0.020848,0.060422,-0.044939,-0.008631,-0.0089972,-0.021114,0.0080904,-0.065683,-0.026288,-0.0058216,-0.0148,-0.016439,-0.014956,-0.0021461,0.0014332,-0.0079791,-0.011087,-0.0010611,0.010368,-0.0073632,0.0092158,-0.0094023,-0.0010295,0.025167,0.0089364,-0.0014202,0.0094176,0.0030977,-0.028493,0.013336,0.017334,0.033689,0.00047812,-0.0080566,-0.00094335
0.0013417,-0.010526,-0.0075227,-0.030946,0.011002,0.003596,0.005465,0.010201,0.015207,-0.016872,-0.0024953,-0.012361,0.0020712,0.0054677,0.010516,-0.0019319,0.011045,0.0039934,0.010195,0.0047655,-0.011654,0.0050299,-0.001714,0.013259,0.011518,-0.0064448,-0.0055932,0.0059973,0.010989,-0.00096803,0.015067,-0.00061118,-0.00044302,-0.0093734,-0.0097626,-0.016195,-0.00014595,-0.011856,-0.0047869,-5.7468e-05,-0.0017378,0.00017259,-0.00083629,-0.0018187,-0.0017508,-0.0050835,0.0010848,0.056545,-0.00073304,0.044235,-0.0036815,-0.0035335,0.013413,-0.0053894,0.017395,0.012268,0.0049116,-0.0048489,0.016517,0.00059408,-0.0051738,-0.011457,0.010031,0.0016241,-0.0023199,0.0038839,-0.003504,-0.0043862,0.0013813,0.007784,-0.0015205,0.00010834,-0.0025086,-0.0037692,0.00013885,-0.0023932,0.0013944,-6.789e-05,0.003134,0.0051668,-0.0054916,0.011553,0.0013826,0.00086741,-0.00030086
-0.0051167,0.059559,0.013643,0.053242,0.075118,0.01682,-0.013437,0.011482,-0.10356,-0.036137,-0.01781,0.0050539,-0.0030385,-0.0090519,-0.031868,0.015551,0.12411,-0.00079713,-0.032681,-0.013924,-0.022579,0.0068283,0.017811,-0.011552,-0.026538,-0.018697,-0.0023988,-0.020001,-0.016048,0.0087914,-0.028644,-0.0016118,-0.0074681,-0.030962,0.039022,0.02118,0.018399,-0.053339,0.0052609,-0.0065431,0.0030027,0.0059803,-0.035864,-0.021167,0.018913,0.0092298,-0.0067698,0.021346,0.070753,0.054024,-0.010994,-0.018124,-0.034368,0.0070558,-0.016596,-0.041893,-0.0066662,0.018524,0.0065617,0.0035397,-0.00013874,-0.0001185,0.0062249,0.00058734,0.0002451,0.028193,0.0055546,0.011798,-0.016357,0.0075071,0.0028242,0.0062369,0.0058246,-0.0066267,0.011931,0.0036774,0.0064351,0.0029949,0.016614,0.053969,0.019838,-0.0046696,0.0048721,-0.0020611,-0.0015516
0.00016351,-0.024653,0.028812,0.0079887,0.036584,0.0048382,-0.0075524,0.010119,0.0095874,-0.0010906,0.0022728,-0.0042006,-0.013459,0.010134,-0.019991,0.00073846,0.017585,0.00063422,0.015729,0.021468,-0.010066,0.0022479,0.0070753,0.001742,0.013583,-0.0078241,0.037271,-0.0007125,0.002363,0.0067716,-0.010194,-0.00057488,-0.0033449,-0.0041461,-0.0089275,0.006093,0.0034884,-0.037899,-0.0026911,-0.019196,-0.005062,0.0082152,-0.0097393,-0.0035821,-0.0041719,-0.0056551,0.008322,-0.0040139,0.0040723,0.089379,-0.010001,-0.010676,0.010411,-0.0072424,-0.010497,0.007237,0.0090719,-0.018415,0.0021569,-0.0010058,-0.017253,0.0099194,-0.0032727,0.0052873,0.0058054,0.001273,0.0015269,-0.0066836,-0.0037912,-0.0032657,-0.016035,0.0062154,0.0021228,-0.0013747,0.010456,-0.0030079,-0.012386,-0.0014136,0.0090134,0.027076,-0.0014232,-0.0192,0.0055529,0.010463,0.00035729
0.013212,0.058747,0.058377,-0.076102,0.012829,-0.013843,0.01138,-0.023276,-0.09907,0.0086563,0.00074349,0.034146,-0.025919,-0.054913,0.046284,0.043221,-0.12236,0.019552,-0.016714,-0.0041833,0.06029,-0.002857,0.02475,0.0074554,-0.028777,0.051275,0.0035959,-0.048226,0.024159,-0.0038335,-0.044598,-0.022173,-0.025312,-0.0019284,0.01285,-0.039281,-0.041692,0.02328,0.042471,-0.0068398,0.018098,-0.022671,0.044162,-0.0091253,0.0074763,0.007759,0.077899,-0.024604,0.019793,0.13429,0.097756,0.035032,-0.049727,-0.053221,0.0016827,-0.055066,-0.022142,-0.023087,0.010466,0.013368,0.013373,-0.025156,-0.016442,-0.020895,0.0093208,0.030739,0.041738,-0.0037777,0.0038633,-0.057538,0.0076484,-0.0019818,0.011424,-0.043105,-0.0043949,0.001464,-0.0013523,0.016317,-0.011999,0.01654,-0.033973,0.034975,-0.015319,0.0087568,-0.0015148
0.027908,0.17559,-0.1308,-0.20959,-0.038551,0.061536,-0.027337,-0.014411,-0.073561,-0.0019594,-0.01468,-0.018064,0.01979,-0.024012,-0.029124,-0.020894,-0.11883,0.029464,-0.074809,-0.0015585,-0.068041,0.013193,-0.017127,0.016819,-0.0099342,0.037711,0.14597,0.04549,0.046449,0.033036,0.047982,-0.0010142,-0.0010313,0.042185,-0.048727,-0.010667,0.03481,0.024563,-0.014461,0.019271,0.018384,9.2429e-05,-0.0096158,-0.027341,-0.0010386,0.013514,0.040294,-0.11979,0.025902,-0.092257,0.028807,0.12182,-0.059639,-0.067008,0.0083354,-0.012485,-0.029568,-0.084705,-0.044711,-0.0072768,-0.011188,-0.0075726,0.0052973,-0.010852,0.002654,-0.061153,-0.008844,-0.0023275,0.0076069,-0.026766,0.022766,-0.0063255,-0.0023459,0.036573,-0.015261,0.010784,0.015053,0.010423,-0.013471,0.0053147,0.015579,0.035986,0.027853,-0.010066,0.00038791
0.0094793,-0.04607,0.0017531,-0.039839,0.037227,-0.0097034,0.075243,0.0050954,0.0041736,0.025759,-0.0081254,-0.03495,-0.0076201,0.017578,-0.0029129,9.9666e-05,0.043021,-0.01204,0.0082756,0.012023,0.030394,-0.01942,0.014027,-0.022909,0.0036574,0.0035102,-0.020827,0.03259,0.0078781,-0.006101,0.010948,0.011073,0.01618,-0.031751,-0.00052806,-0.0099351,0.0031144,-0.02354,0.0028943,0.0076184,0.0066761,0.0018894,-0.00048782,-0.00023404,0.0034734,-0.005829,0.015043,0.0036305,0.02443,-0.05249,0.0089873,-0.0086348,0.083481,0.018209,-0.019012,0.0030227,0.016314,0.042745,0.034406,0.002984,0.0097527,-0.012308,0.01569,0.0063831,-0.00055295,-0.0019502,0.0044248,0.0010936,-0.009044,0.015015,0.007795,-0.0043834,0.010691,0.0071572,-0.00083753,0.004741,-0.010212,-0.0095713,0.0060876,-0.021954,-0.019868,-0.0098872,0.0040664,-0.016487,0.00011858
0.0032011,0.0065184,0.0080848,0.04967,0.012655,-0.022737,-0.014644,-0.025459,-0.0047108,-0.016047,-0.0099593,-0.014412,0.04083,-0.0067555,-0.023789,0.00043331,0.098314,-0.016513,-0.0065835,-0.018468,-0.027956,-0.0094102,0.0089604,-0.0015291,-0.022146,0.016247,-0.028228,-0.011404,-0.038109,-0.015091,0.00072439,0.006002,-0.0020523,-0.018487,0.01684,0.0089454,0.011704,-0.062669,-0.013368,-0.020723,0.0052177,0.0125,0.050413,-0.0029288,0.0066351,0.01887,0.0004711,0.0077397,0.026406,0.010449,-0.01107,-0.015265,-0.0085006,0.076146,-0.008821,0.004911,0.0061377,0.046044,0.0013056,0.0073078,-0.012626,0.0085997,-0.017148,0.0089111,-0.0030893,0.01718,-0.0091411,-0.0040658,-0.013448,-0.01167,-0.0013958,-0.0020571,-0.0064545,-0.0054906,0.021313,-0.0080109,-0.0079309,0.0014737,-0.0046071,0.017945,0.020808,0.015736,0.00075091,-0.0062797,-0.00042012
0.0042445,-0.08807,-0.0022571,-0.045709,0.018665,0.017978,0.027148,0.0045439,0.013218,-0.0075082,0.0050432,0.0013742,0.021366,0.0064477,-0.0046983,-0.00092071,0.011989,-0.0080439,0.020175,0.0032204,-0.015191,-0.017429,0.01684,-0.0054406,-0.023592,0.018733,0.027041,-0.0039354,-0.037128,-0.025117,0.0027131,-0.0037299,-0.00082208,-0.022785,-0.022832,0.025143,-0.027482,0.029483,-0.0033903,-0.0025923,0.00061793,0.010625,-0.05112,-0.014622,0.00054558,-0.010473,-0.00015447,-0.11742,-0.0056027,-0.0041426,-0.011171,0.0054793,-0.013232,0.018627,0.079663,-0.0040519,-0.0020947,-0.037289,0.018325,0.00074446,0.028126,0.0064058,-0.018375,-0.00050607,0.0017776,-0.0046625,-0.013886,0.012715,-0.01146,0.0060747,-0.0018282,0.0098967,-0.00015851,-0.030585,0.016388,-0.0012206,0.0062173,0.0036939,-0.038329,0.0050938,-0.0080564,-0.0032687,-0.0066456,0.0023156,0.00043214
-0.0026077,0.0094139,-0.042784,-0.0037521,-0.0068487,0.015051,-0.01155,0.019902,0.024092,-0.028787,0.014059,-0.035289,0.026633,-0.016335,0.023494,0.014271,0.039402,-0.023944,0.033073,0.028356,0.013725,-0.011688,-0.029227,0.011699,0.024947,0.018352,-0.054474,0.03359,-0.017351,-0.0042677,0.021953,0.0051898,0.021526,-0.014282,-0.010166,-0.0038687,-0.0046326,-0.018019,-0.0047887,0.0083085,0.0068156,0.003364,0.045782,0.013317,0.013208,-0.02152,-0.01695,-0.019479,0.040487,-0.046295,0.0027209,-0.0062031,0.070773,0.013415,0.0066177,0.052344,0.020002,0.032106,0.063442,0.0049133,-0.0072284,-0.029616,0.0048948,0.014789,0.0043478,0.035127,0.011461,0.012008,-0.0025616,0.0015886,0.0086492,-0.00135,-0.015239,-0.0031236,-0.0057465,0.0023465,-0.013495,-0.00019428,0.046561,0.03528,0.015483,-0.014308,9.9299e-05,0.0032434,0.0017333
0.0011145,-0.050006,-0.062085,0.088436,-0.048442,-0.064712,-0.14946,-0.0070473,0.0075754,0.043145,-0.014702,-0.035401,0.026459,-0.034763,0.036969,0.021625,0.099739,-0.020336,0.013251,-0.047037,0.046486,-0.015461,0.039644,0.0076858,-0.02113,-0.0019179,-0.0043766,-0.063024,-0.073163,-0.0030454,-0.035451,0.0020434,-0.014942,-0.056073,0.047362,0.025172,0.0028465,-0.083166,-0.029402,-0.019087,-0.0042991,-0.010559,0.020945,0.036994,0.014591,0.014363,0.0089357,0.082646,0.060231,-0.073217,0.018722,-0.01464,0.031153,0.073613,-0.098037,0.039585,0.11296,0.030242,0.026618,0.0044548,0.025037,0.0077785,0.028396,-0.020059,0.019057,0.032447,-0.00056661,0.0089901,0.02386,-0.042459,-0.010847,-0.018589,0.010938,-0.0096897,-0.009657,0.0078739,-0.0062611,-0.025002,-0.10921,0.059511,0.016511,-0.031216,-0.020738,-0.015679,-0.001911
-0.0069552,0.00022223,0.015811,0.005424,-0.011674,-0.02129,0.014279,-0.011695,0.001223,0.013224,0.0022451,0.0033125,-0.006627,0.014815,0.031459,-0.011843,-0.017087,-0.0027997,0.019837,0.002891,0.0081496,0.0040706,0.015518,-0.0014151,-0.0069065,-0.020354,0.021902,-0.0067186,0.0041814,0.0053737,-0.01296,0.0043821,-0.010629,-0.021662,-0.014837,-0.013963,-0.0012049,0.049461,-0.0073846,0.018755,0.00464,-0.00033259,-0.04768,0.0002989,-0.0034228,0.0037163,-0.024209,0.043604,0.00024576,-0.005412,0.0096275,-0.016498,0.021654,-0.0138,0.0047732,-0.0076463,0.009503,0.065589,-0.0063037,0.0010314,0.0041313,0.0054239,0.014737,0.0069089,0.0048023,0.0086264,0.014024,0.0035557,-0.0023014,-0.0032175,0.0010589,0.0016146,0.0072414,-0.025973,0.0012069,-0.0023511,-0.0021125,-0.00095843,0.0098904,-0.0048305,-0.0070362,0.016505,0.0038629,-0.0042233,-0.00058499
0.0013274,-0.061333,0.013951,0.057355,0.011119,0.0079844,0.037249,0.0022812,0.028725,-0.013857,0.015375,-0.018115,0.013134,0.016899,0.029822,0.018333,-0.00053274,0.012196,0.0067402,7.1586e-05,0.0035437,-0.0011299,-0.0057692,0.0066221,-0.0048779,0.021753,-0.027591,0.016328,-0.017905,0.007127,-0.0038582,-0.0035374,-0.0096211,-0.0014647,0.00060347,-0.01468,6.849e-05,0.00078696,-0.010453,-0.0005503,-0.00037874,0.00089253,0.0065777,-0.00084743,0.0053636,-0.0092134,0.012007,0.053173,0.0022638,0.0158,-0.0031666,0.011083,-0.0031893,0.0039799,0.004652,0.014773,0.0079344,0.0070768,0.060873,0.012465,-0.0059149,-0.020294,0.034561,-0.0087517,0.002609,0.024749,0.011523,0.010985,-0.0069835,0.030124,-0.0028356,0.0063107,-0.010378,-0.0093461,0.0036591,-0.0017373,0.0068018,0.0027765,-0.0025345,0.031483,0.0086915,-0.0084693,-0.0036136,0.0021867,0.00044428
-0.018222,-0.041019,0.061001,0.069688,-0.00247,0.0046772,0.013054,0.016898,-0.084648,0.039201,0.0055971,0.047502,-0.019141,0.029339,-0.043955,-0.012706,-0.11763,-0.013743,0.01712,0.045323,-0.04515,-0.047172,-0.0083369,-0.046021,0.026828,0.018913,0.040282,-0.016045,-0.043239,0.015528,-0.0095373,0.00064369,-0.013875,-0.010523,-0.019706,-0.027633,0.0049844,-0.0078729,0.018094,0.031271,0.027275,-0.0071893,-0.024158,0.034207,0.031558,0.023898,0.025193,-0.014257,0.029473,0.04891,0.012486,0.042054,0.034203,0.0091306,-0.023887,-0.021753,-0.0012591,-0.08126,0.03929,0.07526,-0.019782,-0.014857,0.10157,-0.020857,0.010489,-0.04685,0.0059355,-0.014168,0.027409,0.033667,-0.016308,-0.014244,0.0032641,0.0093837,0.014144,-0.00034578,-0.020212,-0.025346,-0.0070714,0.027303,0.027106,-0.024904,-0.015429,0.0032201,-0.0017243
0.0094906,-0.020343,0.022912,0.12158,0.0068446,-0.049068,0.066982,0.052832,0.0061832,0.06137,0.0070484,-0.014507,0.052716,-0.018791,-0.016756,-0.002406,0.079827,0.014865,-0.01561,0.014749,0.044406,0.042677,0.01953,0.027663,0.013272,0.045155,-0.021802,-0.012886,0.0046543,-0.0026063,-0.027116,-0.0085512,0.011835,-0.061121,-0.048133,-0.022973,-0.01184,-0.025592,0.0035409,-0.013227,0.011308,0.011505,0.022386,0.016968,-0.0054113,-0.0057343,-0.0038115,0.048796,-0.0049131,0.012229,0.021693,-0.0091983,0.035833,0.034303,-0.0007556,-0.026564,0.023529,0.015763,0.047307,-0.0081316,0.10606,0.041467,-0.0060945,-0.0121,-0.002684,0.021348,-0.021382,-0.0042789,0.019395,0.02113,-0.010434,0.003797,0.0090584,-0.059105,0.015441,-0.0081631,0.029555,-0.0078138,-0.030269,0.017607,-0.018424,-0.020295,-0.0019128,0.00059713,-0.0014861
0.022236,0.03701,0.086141,0.1069,0.0060505,-0.022244,-0.0028395,-0.0016691,-0.01201,0.0058124,-0.0037185,-0.017594,-0.038127,-0.0091628,0.016408,-0.0028214,0.062246,0.0042749,0.020547,-0.0061806,0.01264,0.055516,0.031124,0.044947,0.011528,-0.052019,0.0019837,-0.072737,0.010697,0.0087974,-0.0082234,-0.0064133,-0.0096923,0.031724,0.013727,0.034956,0.020943,-0.01264,-0.0013498,-0.010311,-0.0095843,0.0088593,-0.00015199,0.010875,-0.01057,0.020239,-0.039111,0.13827,-0.029353,0.016471,-0.02928,-0.068126,-0.054058,0.046727,-0.015705,0.032836,-0.010456,0.055543,0.0096521,-0.02631,0.020998,0.10405,-0.0004677,0.016996,0.010083,0.010742,0.013822,0.0086761,0.0022133,-0.019496,-0.00045441,0.0067905,-0.016917,-0.0096198,0.0037547,0.0063528,0.0033927,-0.0080395,-0.010431,0.020899,-0.014404,-0.057413,-0.0087751,0.02203,-0.00032236
0.0070492,-0.069148,0.0087427,0.018174,-0.0012113,-0.0053311,0.014038,0.019621,-0.022446,0.012729,0.0021846,-0.016408,-0.017929,-0.021264,0.01645,0.025756,-0.0079402,-0.042974,-0.009732,-0.013638,0.019596,-0.00014661,0.0037011,-0.0085942,0.01229,-0.0031715,-0.11464,0.045223,-0.014958,0.0027541,0.010333,0.00070317,0.019681,0.022581,0.012393,0.010441,-0.028407,-0.014444,0.014098,0.023796,0.0074044,-0.013197,0.036428,0.017374,0.0026446,0.014011,-0.04234,-0.054991,0.026002,-0.080491,0.0055979,-0.01973,0.031671,0.01965,-0.033477,-0.0021128,-0.00090038,0.0075533,-0.052342,-0.0025807,0.011368,-0.0017617,0.10934,-0.0059796,0.0088219,0.015449,0.0061472,0.0022725,0.010261,-0.034543,0.0049765,0.0064758,0.0103,0.0029586,-0.006098,0.000259,-0.0058902,0.011637,-0.0011202,0.006178,0.015725,0.010515,0.0098648,-0.009728,-0.00024078
0.0098821,-0.046433,-0.01269,-0.07602,0.018191,0.013209,-0.0076699,-0.01101,0.059508,0.10149,0.017479,-0.039401,-0.00021899,0.04157,0.01002,0.002603,0.01358,0.058091,0.080131,-0.012384,-0.012369,-0.0092896,0.0038499,0.0058383,0.0091939,-0.0092776,0.097259,0.014027,-0.043556,0.011403,-0.045738,0.024823,-0.00064934,0.0054124,0.014789,-0.0084859,-0.0072093,-0.036567,-0.0039293,-0.0020317,0.011835,-0.0050242,0.016914,0.015308,-0.0029841,-0.014213,-0.051507,-0.083312,-0.0051442,-0.060734,-0.019571,-0.02336,0.027814,-0.0011375,0.015428,0.0023052,-0.0066039,0.0013472,0.11788,0.033397,-0.0045449,0.00052878,0.056444,0.088074,-0.013222,-0.032775,-0.0051165,0.001169,0.0014489,-0.03001,-0.0060015,0.021521,-0.015896,-0.035969,0.010892,-0.022406,-0.00054336,-0.00024701,0.016803,-0.052192,0.02609,-0.039651,-0.011586,-0.016034,0.0022996
0.027634,-0.12517,-0.012123,-0.069089,-0.021036,0.01346,0.080046,0.11519,-0.064917,0.014991,0.0096698,-0.059913,-0.040305,-0.10689,0.086546,-0.008646,-0.032536,-0.006258,0.019603,0.055879,0.039213,-0.00017915,0.028467,0.018944,-0.0077582,0.0028772,0.14085,0.031709,-0.0069212,-0.0452,-0.019393,-0.0071695,0.055153,0.051373,0.052686,-0.016182,-0.046222,0.16174,0.0081004,0.012342,0.019784,0.0068486,0.088091,-0.036858,0.019505,-0.014318,-0.022404,-0.094174,0.032783,-0.013949,-0.0043614,0.052734,0.085536,0.02126,-0.05451,0.090197,0.039582,0.15794,-0.023813,0.028744,-0.019601,0.027331,0.067324,-0.018133,0.097654,-0.018089,0.043618,0.030477,-0.027306,-0.047351,-0.036103,0.0048084,0.033177,0.025663,-0.0055209,0.034794,-0.026994,0.012649,-0.023208,0.063341,-0.0048158,0.12287,-0.00026914,0.054426,-0.00063688
0.0058156,-0.033216,0.14213,0.10695,-0.024348,-0.050386,0.04694,0.0080869,0.07084,-0.0752,-0.0031175,0.06852,0.030416,0.011433,0.033148,-0.012569,0.052705,0.013425,-0.002518,0.026997,-0.0043326,-0.0036597,0.012996,-0.0032476,0.036596,0.0091888,-0.1437,-0.0081707,-0.025114,0.011005,-0.0787,-0.018523,-0.017975,-0.0409,0.0029303,-0.028207,-0.019647,-0.039553,-0.0088877,-0.034486,0.01287,-0.0054835,0.077362,0.0037505,0.0081981,0.018015,0.037301,0.076351,0.042675,-0.014703,0.016008,-0.044889,-0.081017,0.028398,-0.018856,-0.013192,0.016037,0.050253,0.10437,-0.0095984,-0.011971,0.0091555,-0.0044619,-0.030119,-0.0056341,0.17321,0.039314,0.05131,-0.01167,0.01441,-0.0061975,-0.0019299,-0.0028349,0.0002072,0.028298,-0.01041,0.021844,0.016544,-0.0042295,0.092637,-0.033582,-0.045631,-0.019524,0.0045887,-0.0019628
-0.01144,0.076542,0.10625,0.10732,-0.0011251,-0.049161,0.010007,-0.0034761,-0.063369,-0.053898,0.00020564,0.047708,-0.025438,-0.021862,0.099324,-0.034563,-0.072916,-0.020703,-0.0046847,0.044335,0.0063394,0.02985,0.011271,-0.043581,0.0045414,-0.032841,0.010559,0.04179,0.015768,0.019359,-0.089409,-0.0028824,-0.031138,-0.025122,-0.01153,-0.010814,-0.022579,0.081957,0.01478,0.001853,-0.0013418,0.0051285,-0.018419,-0.051823,0.018087,-0.018754,-0.037716,0.071435,0.053174,0.25253,0.022798,-0.029332,-0.007053,0.012943,0.026817,0.021511,-0.013672,0.15798,-0.0023623,0.0085629,-0.029716,0.041584,-0.022003,-0.0017715,0.038936,0.073891,0.10435,0.045826,0.0017314,0.012356,-0.017188,0.0037184,-0.0032985,-0.048404,0.020557,0.0098621,-0.019613,0.010628,0.093018,0.073802,-0.024522,0.02206,0.0076805,0.0375,-6.4016e-05
-0.017108,0.13925,0.026123,0.14821,-0.094597,-0.017245,0.10093,0.0022772,-0.037252,-0.12867,-0.008176,-0.084107,0.010482,-0.07761,0.11457,0.11156,-0.26756,-0.0012518,0.023694,0.03587,0.029057,-0.026353,-0.042914,0.014084,0.018326,-0.007556,-0.26839,-0.072145,-0.11196,-0.024515,-0.065969,-0.0035869,0.03168,0.042454,-0.11086,0.030623,-0.024139,0.033047,-0.014055,-0.014431,0.015481,0.0044495,0.056022,0.053003,0.031776,-0.020435,0.0036337,-0.12486,0.099174,-0.19496,-0.012424,-0.031223,0.025239,-0.0081412,-0.11653,0.016071,0.04919,0.092946,0.042871,0.029056,-0.02736,0.0033615,0.057427,-0.015509,0.00162,0.14285,0.065735,0.13372,0.016898,0.026873,0.018081,0.011265,0.00097759,-0.028527,-0.026611,-0.0028798,0.070752,-0.0066974,-0.040131,0.053394,-0.027031,-0.10898,-0.018812,-0.02366,-0.00045808
0.0019865,0.072656,-0.14961,0.071761,0.042937,0.075523,-0.19174,0.099816,-0.11434,-0.045155,-0.030729,-0.0058305,-0.081775,-0.074923,0.015224,0.044135,0.054987,-0.053232,-0.016712,0.050183,0.022965,-0.01252,0.028207,-0.026853,-0.031749,0.018367,-0.1149,0.010533,0.074043,-0.021,-0.062841,-0.016888,0.0069048,0.032881,0.01685,0.065295,-0.04219,-0.16062,0.0072317,0.016927,-0.0051565,0.00039037,0.013637,-0.011172,-0.025726,-0.013269,0.074715,0.069125,-0.03334,0.1392,0.0056718,-0.017472,0.022258,0.0030646,0.020346,-0.073508,-0.0091127,-0.015032,-0.12344,-0.00087522,0.0063845,0.016165,-0.014734,-0.047571,-0.009986,-0.096116,0.0033388,-0.044752,0.11203,0.030158,-0.015045,0.016163,0.0049098,-0.026201,0.0035992,-0.0017152,-0.0098745,-0.044932,-0.0392,-0.059527,-0.043455,-0.062915,0.0043231,0.053075,-0.0019747
0.0084382,0.00085624,-0.015246,-0.033157,0.034043,0.050367,0.0096454,0.017212,0.023818,0.016969,-0.0074976,0.0053081,0.0098214,0.013463,0.0046254,-0.027712,0.00030335,0.0085426,-0.011113,0.013588,0.008281,-0.0019256,-0.00041484,0.0024488,0.0038389,0.015663,0.02045,0.021283,0.0021257,0.0077957,0.045987,0.0032121,0.0012021,-0.0034331,-0.029808,0.025013,-0.0059125,0.013384,0.0084928,-0.005987,-0.00083545,0.013048,-0.0037422,-0.0080296,-0.013465,0.0005252,0.0004749,-0.0018099,-0.0066854,0.022071,-0.016479,0.011171,0.04041,0.021489,0.026318,-0.0035122,0.0076651,-0.031033,-0.018506,-0.004184,0.017478,0.013348,0.0025583,-0.0063717,-0.0013503,-0.016456,-0.020882,-0.0023113,0.002003,0.051288,-0.0031967,0.004741,-0.0050714,-0.017516,0.0045899,0.0046246,0.004307,-0.014582,-0.050601,-0.0015052,-0.026877,-0.005817,-0.00083801,-0.0011537,-0.00047251
-0.042693,0.2966,-0.097184,-0.35334,-0.017415,0.088013,-0.076729,-0.11536,-0.1544,0.0033315,-0.011435,0.10957,0.034662,0.012825,0.01406,-0.011525,0.054761,0.010486,-0.069391,-0.076111,0.006457,0.014145,0.043508,0.002449,0.0072168,-0.0163,0.045302,0.020023,0.045097,-0.049204,0.035215,0.034942,-0.042451,-0.071115,-0.070082,-0.019234,0.047434,0.046422,0.033923,0.034337,-0.0054191,0.018162,-0.036321,-0.0059058,0.0080901,-0.0013482,0.028318,-0.095077,0.11052,0.030797,0.054509,-0.014266,-0.152,0.044948,0.034527,0.02705,0.013224,-0.14296,-0.0082472,-0.014801,0.028513,0.032271,-0.028508,0.0044126,-0.037579,0.077411,0.026391,0.056486,-0.030136,-0.0054929,0.11861,-0.032002,-0.028246,0.029299,5.6861e-05,-0.0090114,0.011746,3.7062e-05,0.0034232,0.0642,0.018147,0.00054527,-0.030066,-0.022239,-0.0015961
0.0081287,0.35433,-0.28841,0.17386,-0.059018,0.013089,0.2429,-0.02896,-0.058257,0.066469,0.023609,-0.051037,0.024438,0.038431,0.021021,-0.039389,0.046847,-0.0046004,0.027607,0.092262,-0.056874,0.010665,0.016913,0.016008,0.027467,0.073266,0.012884,0.050692,-0.099435,0.057579,-0.022155,-0.011776,0.052035,-0.053943,-0.039626,0.10371,0.070645,0.035308,-0.012358,0.003348,0.00031958,0.01625,-0.065936,-0.04146,-0.020888,0.05308,-0.01345,-0.025743,-0.093968,-0.10477,-0.043505,0.039789,-0.039268,-0.048869,-0.054511,-0.077431,-0.0044972,0.066461,-0.13376,-0.027959,0.069303,-0.020637,0.15948,-0.0398,-0.014002,-0.048815,-0.06194,-0.023903,0.0234,-0.011769,-0.026171,0.098553,-0.013032,-0.056778,0.029476,-0.030593,-0.02116,-0.0035559,-0.17031,-0.074462,-0.007538,0.088309,0.061976,0.04085,-0.0019996
-0.051969,-0.078956,0.043657,0.099992,-0.038321,-0.091959,-0.06199,0.015374,0.06707,0.11223,-0.00065673,0.049578,0.012564,-0.083693,-0.035941,0.055335,0.14847,-0.008652,-0.032474,-0.065159,0.033617,-0.016293,0.034332,-0.0017092,-0.016713,-0.082727,-0.027453,-0.018047,0.027637,-0.040343,-0.15203,0.0087638,-0.0046266,-0.042551,0.045625,0.0088159,-0.029691,0.076754,0.0035989,0.0085517,0.0026135,-0.0066768,-0.10155,0.021016,-0.0092032,-0.02773,0.018632,-0.0024008,0.020384,0.016071,0.010286,0.014791,0.046239,0.016196,-0.010245,-5.5879e-05,0.035602,-0.045397,-0.14605,-0.018565,0.042772,-0.028299,-0.11347,0.03287,0.040042,-0.040989,-0.01576,-0.011134,0.023436,0.0091556,0.021773,-0.02966,0.11044,-0.013007,-0.022205,0.017827,-0.017218,0.0063634,-0.055636,-0.033945,-0.054471,0.11604,-0.011988,-0.022241,-0.0064461
0.020663,-0.086277,-0.0061014,-0.12584,-0.038822,0.0072966,0.028383,-0.0046775,0.096817,0.026426,-0.012149,0.007177,-0.022531,0.040097,0.018293,-0.023496,0.056577,-0.013147,-0.038668,-0.025788,-0.0023737,0.010543,-0.0098763,0.000994,0.016854,-0.0015266,-0.01689,0.046642,0.015942,-0.023545,0.024846,0.016504,0.003374,0.014563,0.029818,-0.013488,0.02477,-0.0005535,-0.012362,0.018711,-0.00084854,-0.020376,-0.025372,0.0016609,0.0041388,0.0017002,0.028836,-0.025267,0.0072966,-0.088122,-0.010236,-0.010981,0.023521,0.0084936,0.0094076,-0.0044532,0.011955,-0.070695,0.022548,-0.0035561,-0.015602,0.0021332,-0.0037236,0.00092311,-0.010826,0.034856,0.0013675,0.020519,-0.0095334,-0.031195,0.023298,-0.016845,-0.0037718,0.10135,0.01801,-0.011619,0.016304,-0.0045329,0.022784,-0.0056452,0.021313,-0.016847,-0.0048546,-0.016812,-0.001171
0.044873,-0.19729,0.16247,-0.0046797,-0.094674,-0.0018709,0.047706,-0.031252,0.21362,0.057011,0.0034346,-0.00851,0.087798,0.049102,-0.066733,-0.069417,0.047101,-0.0095679,0.075386,0.032644,-0.05104,-0.042646,0.0041489,0.0061763,-0.038797,0.066296,-0.042116,0.089844,-0.079115,-0.031181,0.0036221,-0.014172,-0.019713,0.02847,-0.0099034,0.065685,0.022271,0.030917,-0.026552,-0.049715,0.00032576,0.016403,0.12805,-0.025382,0.0086227,0.051977,0.072004,-0.13499,-0.075902,0.023588,-0.0082405,-0.01883,-0.063485,0.078989,-0.0076413,-0.025242,-0.010985,0.042763,0.032207,-0.015047,0.019841,0.049012,-0.025598,0.0080891,-0.0035096,0.0010521,-0.0040844,-0.0067467,-0.023978,0.0024062,-0.049202,0.011211,0.0077007,-0.013093,0.083699,-0.0095839,0.021346,0.0074161,0.016135,0.045887,-0.01815,0.028683,0.016191,-0.036674,-0.0012328
-0.032027,0.24125,-0.017812,0.002951,0.024169,0.10491,-0.17981,0.0021481,0.12315,0.06637,0.0048082,0.15776,-0.01349,-0.025548,0.0097411,0.022669,0.015119,-0.086974,-0.11933,0.013866,0.041476,0.016852,0.04153,0.036501,-0.030363,-0.0064498,0.10975,0.058677,0.061043,0.0086727,-0.063789,0.035271,0.031402,-0.039445,-0.070037,-0.03099,0.020385,0.031936,-0.020914,0.03728,0.0076772,-0.011578,-0.079024,-0.019455,-0.015641,-0.028142,-0.0027493,-0.20106,0.056207,-0.097868,-0.011334,0.028817,-0.09681,-0.014827,0.083562,-0.044447,-0.0068565,-0.017173,0.04708,0.024815,0.0054559,0.012952,-0.040268,-0.025192,0.00088449,0.037476,-0.0041208,0.0053632,-0.0051249,0.010228,0.035611,-0.02778,0.0037596,0.050692,-0.023777,0.098772,0.0043591,0.027623,0.097277,-0.079472,0.0040738,-0.011996,-0.034767,0.010301,-0.0014323
-0.026649,-0.081303,0.070985,0.18436,0.037428,0.034396,-0.015141,0.1484,0.069609,-0.074878,0.010777,0.030705,0.01371,0.075326,-0.019166,-0.03959,-0.18365,0.050125,-0.0032604,-0.0082347,0.0075588,-0.00084808,0.0076985,0.039321,-0.0090698,-0.0042926,-0.0035998,-0.045663,0.023942,-0.021361,0.0067593,-0.028294,0.020567,0.0088636,-0.11631,-0.025522,0.026854,0.06852,0.021724,-0.026875,-0.01871,-0.010061,-0.098949,0.044385,-0.011626,-0.041072,0.0032665,0.25202,-0.095195,0.03883,-0.038788,0.01649,0.021099,-0.055063,-0.024549,-0.060214,0.030099,-0.026703,0.10815,0.0060446,0.046148,0.023118,0.040267,-0.027741,0.0035447,-0.031564,-0.0046118,0.030109,0.02124,0.13251,-0.028766,0.018774,-0.033539,-0.071882,0.026034,-0.025231,0.11846,0.00032037,-0.063966,-0.043834,-0.043665,0.064117,-0.024218,-0.014363,-0.00087149
-0.021025,-0.17138,0.0095388,-0.20918,-0.020162,-0.09041,-0.10801,0.048809,0.12941,-0.026629,0.033048,0.036376,0.014962,-0.021771,0.01897,-0.08457,0.10829,-0.012823,-0.00051,-0.01417,-0.046755,-0.013282,0.0165,-0.0096572,0.0013812,-0.054878,0.1261,-0.0032384,-0.014236,0.033389,-0.03308,0.018199,-0.0095564,0.045389,-0.019103,-0.0019665,0.034499,0.18141,-0.028136,0.01549,0.015455,0.011893,0.01058,-0.019145,0.0077614,0.0051805,-0.14207,0.017793,0.015607,0.015788,-0.025291,0.045512,-0.050178,-0.079594,0.087327,-0.0042858,-0.0073735,-0.0413,0.019497,-0.012784,-0.022201,0.010917,-0.020671,-0.0079116,0.013017,-0.0047582,-0.0014602,0.016794,-0.025167,-0.021784,0.0051686,0.0042652,-0.017443,-0.013253,-0.020354,-0.022436,0.00026737,0.097064,0.11465,0.023618,0.051074,-0.052028,0.02589,0.018978,-0.0013104
-0.0058878,0.019518,0.011268,-0.038547,-0.013072,0.027241,0.0017555,-0.00047102,0.027805,-0.026502,0.019942,0.039839,-0.011371,0.012213,0.002344,-0.029822,0.013967,0.014128,0.017912,0.00056479,0.012795,-0.015443,-0.0087752,-0.00756,-0.016263,0.00012283,0.047098,0.032508,0.011899,0.0057509,0.017839,0.0023223,-0.021565,-0.0013258,-0.037027,-0.010198,-0.012268,0.065382,-0.00034357,0.0070893,0.00088516,0.0067449,0.010003,-0.0094515,0.0050195,-0.0069026,-0.013657,0.024537,-0.012351,0.02692,0.0109,-0.010561,0.0047671,-0.0042973,0.035085,0.018095,0.0057339,0.012523,0.042506,0.011864,0.011235,-0.0087998,-0.016077,-0.0070125,0.0065714,0.0063879,0.01863,0.0085037,-0.0022086,0.026621,0.0052704,-0.0064864,-0.0031766,-0.0074049,0.0087745,0.0032667,-0.0061673,0.0051384,0.10324,0.0099091,0.012173,-0.022215,-0.0035607,0.0014137,0.00011577
0.0030465,-0.0095665,-0.0039701,0.047484,-0.022435,-0.01073,0.013357,0.0073261,-0.013646,-0.058109,0.0061962,0.012447,0.0052833,-0.00085768,-0.0020189,0.0011037,-0.0060738,0.019181,0.0024732,-0.0076537,-0.0062763,0.01794,-0.011493,0.021525,-0.0042268,0.021788,0.0049557,-0.028851,-0.019789,0.021124,-0.017339,-0.0067998,-0.021827,0.0080986,0.010259,0.015558,-0.023489,-0.0061979,-0.002843,-0.018687,-0.0032032,0.0072467,0.007059,-0.011588,0.00058799,0.0022401,0.0023884,0.050584,0.01765,0.04783,-0.0043722,0.0080356,-0.056235,0.003584,-0.022527,0.012577,0.011541,0.011844,-0.0128,-0.023612,-0.0089232,0.020527,-0.01032,0.0059063,0.014488,0.036621,0.0089008,0.0082009,0.0027232,0.0096532,-0.012013,0.0059944,0.001526,0.0012779,0.0022737,-0.0029323,-0.007558,0.00038004,-0.015731,0.057681,0.0085095,-0.0061514,0.0063135,0.015105,-0.00039276
-0.03981,-0.11638,-0.10918,-0.067188,-0.055619,-0.016786,0.004459,-0.028805,0.019483,0.004679,0.0099049,-0.036632,0.023091,0.020544,-0.049393,0.015781,-0.044944,0.0075678,0.063716,0.026852,-0.018162,0.036601,0.006728,0.0039347,-0.017178,-0.0088922,0.10695,0.019853,-0.0072625,0.001975,-0.028684,-0.0062256,-0.00084876,0.034241,0.018191,-0.016571,0.038132,0.071444,-0.029325,-0.011537,-0.009156,0.00342,0.019609,0.031097,0.010235,0.029701,-0.04027,-0.074232,-0.0097342,-0.040919,-0.0019425,-0.028032,-0.054666,-0.050423,0.017963,-0.0061792,-0.011443,0.056784,0.03423,-0.016758,-0.029377,0.016372,0.023027,-0.0046116,0.023046,-0.00070078,0.031473,0.012406,-0.0012785,-0.038395,0.0030985,0.0029953,0.017298,-0.0099505,0.011721,-0.0053814,0.0069371,0.0060847,0.071566,0.063915,0.07512,0.019453,-0.02787,0.0065952,0.00011027
-0.0061542,-0.1394,-0.02823,-0.056751,-0.0092546,0.019091,-0.03986,0.017066,0.059607,0.056545,0.0045123,0.0203,0.046498,-0.032391,-0.017763,-0.027563,0.064238,-0.044146,0.016232,0.038028,-0.0048966,0.0091685,0.015386,-0.0055845,0.020406,-0.022296,0.081677,0.016891,0.05649,-0.011914,-0.0032758,-0.0011736,0.021275,-0.024692,-0.00080602,-0.025068,0.0062031,0.034656,0.0091174,0.01213,-0.00074591,0.0011941,-0.025637,-0.0076455,-0.0034779,-0.0031274,0.0087463,-0.024303,0.017642,0.048153,0.0082788,-0.0038898,0.043516,0.0014348,0.028982,0.0010494,-0.025833,-0.0077515,-0.045355,0.0051908,0.011465,-0.0067119,0.0017842,-0.0089552,0.0082846,0.0071977,0.0033704,-0.0032976,-0.011855,-0.0095,0.0070803,-0.0038307,0.010114,0.0043229,0.0037985,0.0083555,-0.00013545,0.026094,-0.042778,-0.043972,-0.0057709,0.11849,0.0097816,0.0052705,0.00079986
0.033776,0.35293,-0.00086935,-0.031735,0.035986,-0.016395,-0.10667,-0.035756,-0.034008,-0.0075975,0.014524,-0.11732,0.014854,0.009964,-0.052691,-0.04362,0.14392,-0.01082,-0.012012,0.058597,-0.037993,-0.0098878,-0.00067894,-0.025486,0.0012829,-0.0092851,0.03731,0.001516,-0.014266,0.019699,0.068634,0.022605,0.015593,-0.051507,-0.034613,-0.019737,0.060844,0.032557,0.025392,0.089146,0.017929,0.030975,-0.061441,0.031603,0.004397,0.027375,-0.021456,-0.10647,0.04972,0.08736,-0.0055748,0.010435,0.061074,0.02767,-0.047283,-0.0095861,-0.0030804,-0.012302,-0.1082,-0.026506,-0.0172,-0.0049679,-0.0089503,0.040555,0.0078354,-0.010852,-0.029477,0.0068337,-0.046405,-0.048063,-0.010587,-0.0059413,0.01472,0.009379,0.028249,0.00065257,-0.033168,0.017105,0.080203,-0.02416,0.016896,-0.019472,0.070953,-0.0088326,0.00032774
-0.0015367,0.15947,0.011743,0.033285,0.027787,0.015142,0.076017,-0.033363,0.051439,-0.059693,0.026342,0.0076942,-0.07485,0.048421,-0.0035156,0.063226,0.021332,-0.026109,0.033175,0.061071,-0.020246,-0.009386,0.060031,0.025006,0.041883,0.015767,0.071194,-0.0050217,0.021178,-0.021807,-0.022773,0.0064482,0.045244,0.034458,0.12216,-0.041918,-0.0085265,0.012482,0.0013122,0.012496,0.011288,0.018163,-0.023763,-0.010772,-0.0024418,-0.0023004,-0.058518,0.012414,0.019033,0.078864,-0.032487,-0.073217,0.016546,-0.015537,0.035248,-0.036806,-0.03979,0.071861,0.0057391,0.0050418,-0.023617,-0.0089264,-0.019655,-0.0024299,0.017166,-0.01353,-0.0051185,-0.027389,-0.019067,-0.0011555,-0.026779,0.021967,0.025832,0.019463,-0.0017699,0.0090486,-0.02201,0.002332,0.012915,0.0059603,-0.088789,-0.055128,0.036474,0.077372,0.00071097
0.18735,0.66218,-0.20047,0.30575,0.46567,0.3901,0.49755,1.0563,-0.091563,0.55816,0.10279,0.55992,0.14518,-0.14458,-0.17334,0.036496,0.62846,0.086535,0.092054,0.50157,0.50269,0.17339,0.59045,0.32446,0.059181,0.33909,-0.2961,0.37534,0.17696,0.62357,0.16397,0.59215,0.39676,0.2301,0.29607,0.092791,0.34416,1.2966,0.23265,0.37628,0.34448,0.3352,0.8058,-0.047465,0.23675,0.18987,0.26788,0.79976,0.92757,0.19423,0.64972,0.33232,0.93187,0.14546,-0.069881,0.023387,0.59438,0.61847,0.68645,0.4295,0.79274,0.51384,0.93749,0.015172,0.40812,0.37175,0.22525,0.14309,0.14982,0.44123,-0.018926,0.088155,0.18712,-0.00065599,0.19539,0.13112,-0.033102,0.027489,0.92393,0.42696,-0.060876,0.14403,0.26121,0.046991,0.95591
