-0.86424,-0.30342,-1.0818,-0.59403,0.77786,0.85936,4.555,-0.112,-0.081624,3.0408,0.36438,-2.5721,-3.7755,0.19845,-2.0874,-0.58701,-1.9196,0.29186,-0.81844,-2.447,-1.7206,-1.3781,-3.2722,-0.83796,-0.17418,-0.77105,0.90904,-2.0887,3.8027,0.5808,2.8465,1.2925,-1.5302,0.24015,0.58814,0.73518,-0.57726,-1.9072,1.0661,-0.81311,0.91422,0.52629,7.2709,1.683,2.1794,1.467,-0.86016,-2.523,-2.0221,-2.0761,-0.70582,1.5608,4.5828,-1.4887,2.2015,1.9651,-0.90878,-1.8886,-1.0988,-1.0951,-0.40602,2.5686,-1.2092,3.084,2.2175,5.4231,1.8513,2.0732,1.8045,-1.3608,2.2671,1.7274,1.9541,5.681,1.5861,3.8377,2.2817,4.5201,0.0042417,2.3136,3.6756,1.9706,0.65554,1.89,0.16532
0.095942,0.14796,-0.0081875,0.047106,-0.059305,-0.064443,-0.063462,-0.055375,-0.0014395,-0.060198,0.028765,-0.16868,0.045126,-0.0081413,0.023925,0.050262,-0.0053356,-0.0092989,-0.035891,-0.030344,-0.0051483,-0.0028751,-0.035852,0.074093,-0.029561,0.023375,-0.13673,-0.044933,-0.10098,0.016187,0.086212,-0.020584,-0.00063423,-0.03255,-0.060313,0.043791,-0.039796,-0.011882,0.0050236,0.03799,0.0023901,-0.013647,0.01044,0.034337,0.00055788,0.0089101,-0.068141,-0.18645,0.0095123,-0.13503,0.064808,-0.005229,0.013079,-0.012608,0.035394,-0.0085694,0.066112,0.04144,0.022316,-0.038397,0.04537,0.037519,0.076376,-0.0091032,0.0096945,0.057672,-0.013884,0.020828,-0.033543,-0.082854,-0.0045403,-0.0048313,0.0075637,-0.037849,0.023606,-0.0048097,0.0049923,0.010861,0.018552,0.026324,0.045939,0.035669,0.036516,-0.023086,-0.0012352
0.0010744,0.064988,0.0025851,0.006682,-0.00099316,0.012409,-0.020757,-0.009285,-0.0055853,-0.006225,0.00088395,0.012624,-0.00093399,-0.0020319,-0.0049808,0.0014662,0.0043164,0.0024529,-0.0036855,-0.0033118,0.000889,0.001162,-0.00049391,0.005681,0.0028355,0.0087091,-0.0016113,-0.012371,0.0054103,0.0074723,0.0072811,0.0019798,-0.0038798,-0.005311,-0.0022895,-0.003788,-0.0031838,0.0012791,0.0041857,0.0047433,0.00058466,-0.00042941,-0.0029004,-0.0027326,4.4879e-06,0.00094507,-0.0075333,0.013083,0.0066599,-0.0042311,0.0020125,-0.012728,-0.0083951,0.00089158,-1.9618e-05,-0.0044024,0.0043768,-0.0048723,-0.0046319,0.0031427,0.0034055,-0.0062763,0.00056984,-0.0033682,-0.0041881,0.0056168,-0.00464,-0.0010793,0.0013212,0.0012856,-0.00098671,-0.0026769,0.0038726,0.0050745,-0.0036984,-0.00016013,-9.7753e-05,0.001268,-0.0011661,0.00061114,-0.0035284,0.0081079,0.0028983,0.0037779,-0.00020742
0.0004898,-0.029069,0.039906,0.011841,0.0057751,-0.014344,-0.010422,0.006518,0.038222,0.011915,0.0020701,0.0095902,-0.0047891,0.0029214,0.0054599,0.0039744,-0.02112,0.00047209,0.0022829,-0.0088749,-0.0060396,-0.0012416,-0.0082867,0.0059072,0.017253,-0.0029103,-0.025242,0.0067707,-0.011656,-0.00053599,-0.0094081,-0.001801,0.0069689,0.0023788,-0.017291,-0.0011765,-0.0056,0.0089238,0.00039971,-0.0052596,0.003675,-0.0049906,0.0095196,-0.00097131,0.00081588,0.0028537,0.0018427,0.015948,-0.0039494,0.0039445,-0.001165,0.0034817,-0.012057,-0.0097612,0.0028437,-0.0041313,0.0011196,-0.0094626,0.021544,-8.7092e-05,-0.0016294,-0.0022831,0.00081765,0.0087129,0.00018754,-0.00028815,-0.00398,-0.001846,-0.0035158,0.0027203,-0.0018478,0.0023694,0.0016356,-0.0033306,-0.0024293,-0.0041665,0.0011233,0.0084539,0.0071615,-0.001952,0.0037954,-0.010488,-0.0070888,-0.0051363,-0.00039658
-0.0040324,-0.030643,-0.0091181,0.094386,0.0056482,-0.013131,-0.023193,0.016905,-0.00015973,-0.0025225,0.00068481,-0.0060441,-0.0068832,-0.0035541,0.001714,0.012384,0.016163,0.0036255,0.0021293,0.013383,0.0030399,-0.006953,0.0020517,-0.0060343,0.003505,0.0047499,-0.033441,0.0093472,0.010022,0.0037987,-0.018263,9.151e-05,0.0091106,-0.002056,0.0052428,-0.0071323,0.0037262,0.0032427,-0.0017682,-0.0011369,-0.00077384,-0.0010997,0.00082107,0.0018345,0.0016897,-8.9557e-05,0.013805,-0.0054007,-0.002773,-0.0070489,-0.0068209,0.0041797,0.0088929,-0.00057771,-0.009281,0.013158,-0.004887,0.029912,-0.015374,-0.005238,-0.0092059,0.00038869,0.0035473,0.005175,0.0044267,0.0019588,0.0073683,-0.0002111,0.0018993,-0.0062855,-0.0088616,0.005343,0.0054355,-0.0023292,0.0004379,-0.00070171,-0.0034607,-0.0010216,-0.001137,0.00056392,-0.00544,0.024986,-0.0025095,-0.0027624,0.00018555
0.0051951,-0.047327,0.040323,0.0063891,0.031018,0.012119,0.0054177,0.0002562,0.012754,0.0081254,-0.010441,-0.0058435,-0.013268,0.018408,-0.014438,0.0067313,0.022314,0.0035766,-0.012794,-0.0014456,0.00070348,0.012852,0.019804,-0.012409,0.0062647,-0.013535,-0.011651,0.0077501,-0.0011479,0.015459,0.011638,0.0059961,-0.0033453,-0.0053876,0.024195,-0.0024304,0.013331,-0.041337,0.0088643,-0.0065998,-0.0012403,0.0063741,-0.019289,-0.01247,0.00023419,-0.0034496,0.00034486,0.0381,0.015997,0.023142,-0.0040622,-0.0083979,0.035339,0.010751,-0.010374,0.0081477,-0.0068537,-0.00055753,0.0052725,-0.0048218,-0.0018427,0.005646,0.0057104,0.0029057,-0.0026523,0.001933,0.002623,-0.00080122,-0.012658,0.0037625,0.0015522,0.0059208,-0.0039064,0.0098573,0.00067244,-0.00061195,-0.0020917,-0.0078833,-0.015003,-0.00033994,-0.0054363,-0.0042923,0.0089152,0.0027294,-1.3799e-05
0.0076738,0.01189,0.034965,-0.05267,-0.011043,0.096269,-0.022575,0.01053,0.030662,0.027807,-0.0021704,0.031655,-0.016302,0.019672,-0.012875,-0.029919,-0.064258,-4.3598e-05,-0.0021382,0.0023529,0.012767,0.0034768,-0.0048426,0.01598,0.0090391,0.027427,0.03569,0.014737,0.0023689,-0.0052087,0.028134,-0.0020245,0.012963,0.014188,-0.014159,0.0067249,0.0037706,0.041975,0.013255,0.00016938,0.0039371,-0.0068409,0.001182,-0.016979,-0.005431,-0.0016021,0.0083319,-0.032586,-0.014226,-0.057988,-0.0059793,-0.011189,-0.019737,-0.0049377,0.0040013,-0.031682,0.0024188,-0.033551,0.015989,0.013003,0.01864,-0.0020409,0.032306,-0.0095031,-0.001263,-0.010868,-0.014803,-0.0058838,-0.0018259,0.011202,-0.00091953,0.0035817,-0.007042,0.024206,0.0072493,0.0014284,0.015658,-0.0041688,-0.011997,-0.026865,-0.0043394,0.0040646,-0.0044336,-0.0049728,-6.8451e-05
0.0047884,0.0084609,0.011598,-0.018201,-0.0079163,-0.0032139,0.069331,-0.012341,-0.0065575,-0.00012188,-0.0020427,-0.0013023,0.0014257,-0.001045,0.0083674,-0.0068293,-0.0062119,-0.0031652,-0.0016859,-0.00013425,-0.0071298,-0.0040932,-0.0078844,0.0033466,0.00085653,0.0078001,-0.026436,0.00040291,0.00089288,-0.0010261,0.0071454,-0.0013376,-0.0045784,0.0054813,-0.013065,0.0057424,-0.0035318,0.017259,-0.0026669,-0.0010868,0.0014038,-0.0042568,0.0060697,-0.0038047,-0.0028077,0.0021326,0.0078654,0.022607,-0.005755,-0.0031846,6.3617e-05,0.013532,-0.0072615,0.0010042,0.0095363,-0.010847,-0.01367,-0.016884,0.00063741,-0.00065159,-0.0009802,-0.0096374,0.0050272,-0.00062644,-0.00066491,-0.0038518,-0.0022764,0.0021608,0.0023671,0.011024,4.2981e-05,0.00033435,0.00070901,-0.0084417,0.0029304,-0.0036923,0.0030114,-0.0038949,-0.010104,-0.0033542,-0.012528,-0.0053744,0.00027599,-0.0057375,-0.00097651
-0.0084161,-0.18452,-0.027386,-0.069243,0.02377,-0.0051913,-0.01347,0.11552,0.051847,0.04915,-0.016706,-0.014353,-0.019101,-0.0010757,0.0012711,-0.0089176,0.038923,-0.012796,0.016104,0.025888,0.027031,-0.00076216,0.027699,-0.028867,-0.004499,-0.019217,0.062833,0.041985,-0.0024396,0.00073878,-0.001253,-0.00013668,0.0064347,0.018909,0.015622,0.016281,0.026335,-0.035269,-0.0076346,0.0037345,-0.000891,-0.000125,0.043977,-0.025622,-0.0052239,-0.012184,0.042,0.016179,0.029498,0.033962,-0.010319,0.013298,0.030712,-0.0035843,-0.0093233,-0.013513,-0.0034763,-0.022619,-0.0051769,-0.010815,0.0021497,0.028099,0.0033878,0.0093707,0.00076799,-0.014621,-0.00029758,-0.0021924,0.013885,0.0065014,0.0014818,0.00988,-0.0051078,0.0010922,0.0073706,-0.0043157,0.0072462,-0.0071443,-0.025996,-0.013723,0.00071139,-0.031012,0.0069576,0.0011517,-0.00098022
0.0036506,-0.030341,0.011806,0.0087386,-0.026842,-0.017582,-0.010186,0.006711,0.080093,0.010447,0.012807,-0.00065369,0.0070431,0.011298,0.0090594,0.0076613,0.010018,0.00045713,0.018365,-0.01137,0.0007749,-0.021375,0.0036354,0.00015862,-0.0064175,0.0034907,0.0095186,0.030198,-0.011639,-0.0068519,-0.003892,0.00080286,-0.0022753,-0.00090221,-0.0085396,-6.2362e-05,-0.0034299,0.003373,-0.0043427,-0.00012346,0.0031331,0.0027869,0.020717,0.0068912,0.00063228,-0.0032191,0.0097957,-0.0077298,0.0032496,-0.016245,-0.00098655,0.01442,0.015629,0.00051283,0.0078967,0.02117,0.017275,-0.012866,0.0081049,0.0030495,0.0015707,-0.0098128,0.0015277,0.0058197,0.0038111,-2.5788e-05,-0.00015706,0.0046474,-0.0026368,0.0096712,0.00022227,-0.00067433,0.0078528,-0.00053369,-0.0018966,-0.0030351,-0.0023638,0.0044719,0.018959,0.0039394,0.0071775,-0.016256,-0.0036907,-0.0019003,0.0006759
-0.0044749,-0.017451,0.0098988,-0.04796,0.018794,-0.0012713,0.03508,0.0027014,0.028421,0.065,0.00041415,-0.0057332,0.014071,-0.011927,-0.0059962,0.0085352,0.013686,-0.0019426,-0.0011285,0.0034091,0.00737,0.0078927,-0.00088912,0.0095263,0.0090392,0.010508,0.016954,0.010646,-0.012409,0.0097196,-0.0085154,4.3203e-05,0.0010339,-0.0096427,-0.0047067,0.0082961,-0.014144,-0.039611,0.0085735,0.0057959,0.0071904,-0.0047124,0.020193,0.006353,-0.0037367,0.0027747,0.015806,0.035755,0.0062371,0.035114,-0.0054139,0.0023048,0.027016,0.016214,-0.020015,0.005849,0.015366,-0.02508,-0.00096094,0.012207,0.00037502,-0.0019695,0.0098371,-0.0002216,-0.006255,0.0066901,-0.011964,-0.0035392,-0.0040957,0.0043797,0.0090189,-0.0034182,-0.00043957,0.0085468,-0.0034116,0.0043228,-0.0067765,-0.0025501,-0.014807,-0.00084229,0.0094755,0.0022878,0.0021034,0.0020245,-0.00023332
-0.0083766,0.112,-0.08102,0.079779,-0.051468,-0.056455,-0.024838,0.013054,0.020454,0.09464,0.069744,0.07104,0.01306,-0.026914,-0.0081807,0.02333,0.0096579,0.056173,0.043744,0.011519,0.043314,-0.083355,-0.030202,0.013655,0.049883,0.018466,-0.074041,0.083167,-0.021432,0.043509,0.021086,-0.011138,0.012255,-0.0090093,-0.037939,0.028695,-0.056881,0.098212,0.034364,-0.00066876,0.011095,0.0096164,0.098339,0.04216,0.0089144,-0.0024872,-0.039978,-0.12476,0.028487,-0.067644,0.025891,-0.023595,0.038244,0.0073182,0.026215,0.086235,-0.00033306,-0.030995,0.018288,0.023148,0.020899,-0.043052,0.050569,-0.034313,0.00026778,0.011203,-0.011799,0.0095031,0.025831,0.031414,-0.014956,0.010262,-0.0039681,-0.046952,-0.026924,0.0089289,-0.038876,0.00076818,0.076587,0.051872,-0.014146,-0.021072,0.0076341,0.0040394,0.00087296
0.0041846,0.017463,0.062788,-0.039304,-0.0035043,0.018204,0.0001384,0.017751,0.060757,0.037764,-0.0041622,0.10024,-0.012635,0.039219,-0.018977,-0.039063,0.0041942,-0.013726,-0.027872,0.0027092,0.0012057,0.0091368,0.0049989,-0.013237,0.0078146,-0.0033207,0.05767,0.00076127,0.0070075,0.0087995,0.0019416,0.00051482,-0.022724,0.015113,0.0088412,-0.014055,-0.019072,-0.039968,0.010603,0.011114,0.0056433,0.0044507,-0.021818,-0.015691,-0.006739,-0.0010156,0.0018641,0.021902,0.0046027,0.046535,0.0044485,-0.019904,0.013333,0.0095086,0.017139,-0.0031255,-0.017056,-0.028035,-0.0325,0.001834,0.0092589,0.011106,-0.0022493,0.012694,-0.003301,-0.0025677,-0.0057017,-0.0055024,0.014874,0.0049662,-0.0060593,-0.0027785,0.0027131,0.01215,8.9561e-05,-0.014406,0.0017776,0.0061589,-0.016837,-0.0036243,-0.013496,0.0080589,0.0048769,0.012041,0.00056404
0.00059809,-0.052895,-0.036531,0.009909,0.0049557,-0.0011699,-0.036557,-0.0097427,0.022023,-0.019731,-0.00066063,-0.022785,0.046495,0.0076669,-0.035741,-0.0086868,-0.0060634,0.013284,0.017533,0.029061,-0.018262,0.020719,-0.0056894,0.01169,0.011118,0.01021,0.0019052,-0.022871,0.0099016,0.0039016,-0.0060638,-0.0044528,0.0039221,0.0039025,-0.048477,0.0088491,0.013214,0.02192,-0.018736,-0.0088212,0.0045756,0.01118,0.00032592,0.011316,-0.0028743,0.013374,-0.0013222,-0.031788,-0.00276,0.013112,-0.0022374,0.0058691,-0.02712,-0.011295,0.014137,-0.011233,0.0038169,-0.021278,0.031511,-0.0021439,-0.0072044,0.017455,0.0077968,-0.013377,0.00050041,0.011259,-0.0027001,0.0086252,-0.0035594,0.005859,-0.00013886,0.00027361,-0.001566,-0.022481,0.0064385,-0.0038773,0.012576,0.0027431,-0.04226,0.032867,0.015838,0.0036941,-0.0029815,-0.0017612,8.1192e-05
0.010939,0.012953,0.035725,0.030785,-0.020249,-0.0028708,0.063934,-0.036007,0.068528,0.015145,0.0063218,-0.0029417,0.031957,0.073225,0.0019263,-0.019581,-0.034076,0.0067693,0.0022033,0.0053225,-0.0024711,0.020017,0.0029804,0.0059883,0.017501,0.0053057,0.0077131,0.02346,-0.025538,0.0092045,0.016951,0.012938,0.0033554,-0.016486,-0.0099466,-0.01776,-0.004786,0.0021972,-0.016183,-0.0037621,0.00033967,0.0094259,-0.018477,0.015307,-0.0077294,0.0061336,-0.0091504,-0.041452,-0.01026,-0.025665,0.0090649,0.00047737,0.017084,-0.00027283,-0.019706,-0.013882,0.01601,0.023923,-0.0098557,-0.013087,0.022906,-0.005149,0.038965,0.02892,-0.0044765,0.0012552,-0.0044118,0.0029231,-0.0040838,-0.016502,0.00091347,0.0099728,0.014158,-0.0092015,0.0028349,-0.012905,-0.0042902,-0.0015048,-0.03654,0.00046037,0.012381,0.0020804,0.0090524,-0.0095619,0.0010968
-9.4932e-05,0.069838,0.0037361,-0.043576,0.0024465,-0.014053,-0.0053045,-0.00092947,-0.037517,-0.020966,0.011816,-0.010915,-0.0015011,-0.025924,0.018696,0.0032108,-0.0015174,0.0098361,0.00057326,-0.0039482,-0.01096,-0.023774,0.0058918,-0.0039021,0.0034042,-0.00099651,-0.011789,0.013173,-0.030259,0.0021482,0.0048276,0.0035138,0.014903,-0.017178,-0.01201,0.016571,-0.0022174,0.017948,0.0083216,0.0050983,0.0052314,-0.0070685,0.020328,-0.00086982,0.0049939,0.0047688,0.012983,-0.0023527,0.010941,-0.030326,-0.0092512,0.011385,-0.013649,0.01524,0.025417,0.023551,0.022646,-0.00072406,0.0085665,0.0059387,-0.0083806,-0.0069638,0.0081598,-0.00091396,0.0015224,0.0033396,0.0045187,0.0048443,-0.0068894,-0.0026655,0.0041567,0.0045356,-0.0063711,0.0005827,0.0034696,0.0041791,-0.0081281,0.0059464,0.015337,0.014483,-0.0055513,-0.0079288,0.0013386,-0.012442,0.00026974
-0.03147,0.067564,-0.094174,0.066886,0.062642,-0.011617,-0.00087081,-0.03158,-0.12465,-0.0077881,0.0060953,-0.022851,-0.0015561,-0.0036612,0.0038242,0.080112,0.0099198,0.017049,-0.02148,-0.020504,0.0023766,-0.0082961,0.026502,0.002666,-0.00019339,-0.0081611,-0.09146,-0.007907,-0.0089245,0.0030544,-0.0084844,0.012971,0.00028599,-0.017567,0.055451,0.006072,-0.0016561,-0.031416,0.0090387,-0.010852,-0.0051334,-0.0021011,-0.033153,0.016733,0.0079651,-0.0062587,0.018631,0.044422,0.036067,-0.0066184,0.0058721,0.0031534,0.01484,0.0065886,-0.004434,0.0025806,-0.01191,-0.012728,0.004215,-0.0049087,-0.024641,-0.03771,-0.0076856,-0.0081655,-0.00047643,0.0090122,0.009254,0.0087543,-0.0063107,-0.0069794,0.025901,0.005401,0.0027812,-0.0070315,0.0018477,0.0028404,-0.0051362,-0.013949,-0.0022028,-0.026042,-0.007594,0.052847,0.0095871,-0.00015414,-0.00053132
0.0028853,-0.047844,0.0063138,-0.029731,-0.013225,0.0033681,0.014217,0.0008894,0.028745,-0.010335,0.001348,-0.0043025,0.0057033,0.0046717,-0.0058905,-0.0068426,0.079599,0.0022573,0.0067083,-0.0072382,-0.0027751,-0.016893,0.0068272,0.0023673,-0.015564,0.0013212,-0.0097264,0.011596,0.0068777,0.0024601,0.0045282,-0.00085874,-0.013094,-0.0073046,0.0059844,-0.00090789,0.012984,-0.019532,0.00058186,0.0050011,-0.002455,0.0028382,0.0082075,-0.0075705,0.0017386,0.002049,0.0075683,0.016357,0.0019025,-0.012538,-0.0095427,-0.0098094,0.0099622,0.012283,0.015129,0.0072637,0.00081633,0.022523,0.013879,-0.0027439,0.0026673,0.0057404,-0.009637,-0.00029424,-0.0050697,0.0050883,-0.0057481,-0.0022298,-0.0069874,0.0018288,0.0014496,-0.0020262,0.0006042,0.0053443,0.0094951,0.0016466,0.0010989,0.0019285,0.030437,0.012621,0.0035988,-0.0034943,0.002738,-0.0093416,0.00010607
-1.2324e-05,-0.038717,-0.09133,0.075949,0.0066577,0.0024868,0.0013641,-0.0072554,-0.0061391,0.058456,-0.00010181,0.0095961,0.043443,0.018032,0.013469,0.015659,-0.034485,0.035808,0.0043125,0.011982,0.0045742,0.040669,-0.0069337,0.013513,0.028392,0.0081965,0.062769,-0.028044,-0.0049984,0.017146,0.017918,-0.004697,-0.010734,0.01998,0.012252,0.0029487,0.0033749,-0.046808,0.0030571,-0.0076659,0.002193,-0.0029723,-0.016149,0.010886,-0.0042714,-0.010113,0.0044192,0.022275,-0.014703,0.022249,0.011477,0.014819,0.016912,0.020229,-0.025499,0.0036192,0.010655,-0.052319,0.017053,0.013929,-0.0068924,0.0099119,0.015203,-0.0038968,-0.008378,0.018953,-0.0018192,-0.0097109,0.019959,0.025539,-0.0056415,0.0042307,-0.026563,0.0090702,-0.010891,-0.0023714,-0.0029916,-0.014065,-0.052964,0.009332,-0.0092015,0.028902,0.005113,0.0051917,0.0005822
-0.0039905,-0.13413,0.016815,0.051196,-0.01045,-0.015282,-0.028522,0.0082647,0.0034939,0.0082066,0.0015508,-0.031513,0.012878,-0.0028234,0.012447,0.014134,-0.044856,0.01186,0.055844,0.013668,0.0046014,-0.0061405,-0.01026,-0.0090632,0.0060924,-0.016413,-0.011958,-0.0089434,-0.012397,-0.016388,-0.00094124,0.0020368,0.0007834,0.016791,0.029562,0.014586,-0.0054044,0.028927,-0.00014913,-0.0089205,-0.00052631,7.1324e-05,0.044369,0.01425,0.0065343,-0.0052519,-0.0065875,0.014208,-0.013228,0.032441,-0.0025408,-0.014007,0.03841,-0.0033767,0.0067437,0.024233,0.0017204,0.00055044,0.0080993,0.023068,0.0033385,-0.0092098,0.026527,8.4457e-06,0.001432,-0.0094595,0.0048833,0.00015694,0.017055,0.02178,-0.010077,0.0026137,0.00092817,-0.015946,-0.0080491,0.0077391,-0.0067943,-0.012892,-0.0019678,-0.011541,-0.0062158,-0.012382,-0.0075828,0.0074675,0.00098259
0.0019222,-0.069484,0.018693,-0.043585,0.00017881,0.0014615,-0.014253,0.036507,0.072116,0.020716,-0.0092525,0.014345,-0.0097557,0.035017,-0.03347,-0.017815,-0.081109,-0.016058,0.013583,0.051993,0.0033267,0.030641,-0.0029045,-0.0046685,0.012849,0.0064605,0.034074,0.011151,0.015994,0.016151,-0.024465,0.0037403,0.015724,0.017868,-0.011107,0.02283,0.015034,0.032625,-0.014919,0.012531,0.0096079,-0.0019489,0.029912,-0.01808,-0.0093544,0.0028115,0.020824,-0.036955,-0.027586,0.0053952,-0.010724,-0.0049211,-0.0028439,-0.028834,-0.020917,-0.016886,-0.003793,0.01998,-0.024036,0.0089681,-0.017667,0.0024138,0.013032,-0.0045765,-0.0044081,0.0046267,0.004565,-0.00072488,0.0075159,0.0045455,-0.0046907,0.0048186,-0.0040651,0.012746,-0.0024335,0.008651,-0.006964,-0.00064321,-0.013416,-0.020309,-0.0097631,-0.037374,0.004691,0.0036008,-0.0014724
-0.01749,-0.05939,0.0069462,0.055844,0.0079116,-0.01517,0.086483,0.04689,0.016103,0.0079408,-0.0056875,0.04524,-0.018159,-0.0019028,0.027294,-0.0041596,0.026009,0.004174,-0.002823,-0.020706,0.091596,-0.009672,0.031856,-0.010868,-0.011991,0.015242,0.014441,0.020546,0.0072088,-0.0036842,-0.035382,0.0085616,-0.0069323,-2.8728e-05,0.017587,-0.0090028,-0.014806,-0.0037126,0.019034,-0.013029,0.006115,-0.011618,0.042643,-0.0067717,-0.0004864,-0.018506,0.054359,0.03664,0.026682,-0.013089,0.01343,-0.0092643,0.042641,0.052605,-0.030833,-0.017542,0.026962,0.042824,0.028874,0.0071743,0.021998,0.0019632,0.011256,0.013909,0.0088127,0.03101,0.022326,0.0035068,0.0054895,-0.010442,0.0051687,-0.011513,0.010567,0.014748,0.010993,-0.0030591,-0.00043141,-0.014484,-0.0065388,-0.014284,-0.013782,-0.00086674,-0.012232,-0.019964,0.00021519
0.0033675,0.015936,0.053111,-0.031388,0.044122,-0.0049763,0.041086,-0.0011152,0.008613,0.026324,0.0009396,-0.020178,0.009122,0.017654,0.054232,0.013874,-0.037561,0.025383,-0.0032189,0.019567,-0.0015538,0.076606,0.011744,0.023445,0.050508,-0.01673,0.010415,-0.00703,0.010109,0.012566,0.0033909,0.0031285,0.011308,0.012586,0.006256,-0.0089658,0.013486,0.023318,-0.0034168,0.001677,0.0033597,-0.0044227,0.0042517,-0.0011478,-0.010106,0.0048976,-0.0067277,0.063725,-0.0074675,0.032644,-0.0094139,-0.029317,0.00016852,-0.019259,-0.011407,-0.0079953,0.00055001,-0.010278,0.066781,-0.0066025,-0.01204,0.017563,0.025909,-0.00090733,-0.0034337,0.029193,-0.0055415,-0.00027359,-0.015552,-0.019763,-0.0034357,0.0061177,-0.012859,0.018327,0.007845,-0.019563,0.008165,0.0019502,-0.023381,0.0068322,-0.0078256,-0.01948,2.8989e-05,0.011181,-0.00046752
-0.0059007,-0.061844,-0.023833,0.03331,0.016495,-0.012892,-0.0022386,-0.020491,-0.013757,0.0057674,-0.0052988,-0.021201,0.00072077,0.00086637,0.059141,0.026183,0.12389,-0.032122,-0.021142,-0.050278,0.030372,0.01967,0.06256,0.007848,-0.027194,-0.018192,-0.045868,-0.014024,-0.010508,-0.023193,-0.018436,0.020295,-0.021163,-0.014059,0.036927,-0.0176,0.0088845,-0.054514,-0.012725,-0.0080231,0.0062379,0.018621,-0.021614,-0.0016915,0.0011562,0.0026997,-0.0087508,0.063523,0.045913,0.086969,-0.018506,-0.0074189,0.00056155,0.083125,-0.027866,-0.021625,0.0093082,0.07081,-0.0077166,0.0035261,0.015024,0.019458,-0.0032419,0.034193,0.0051477,0.0018996,0.0018417,-0.0067307,-0.010435,-0.01012,0.017848,0.0052984,0.0041979,-0.010386,0.0073118,-0.013853,-0.0071664,0.0030181,0.0054748,-0.0069891,-0.011046,-0.019901,0.016577,-0.0019091,-0.00036499
0.010024,0.001058,0.046022,0.03714,-0.028875,0.036636,-0.057621,0.011845,-0.039314,0.041675,0.028864,-0.00074072,-0.0038853,0.0037949,0.057465,0.033442,-0.12913,0.024053,0.012767,-0.0020983,0.025706,0.030755,-0.019447,0.05725,0.026649,-0.015837,-0.025943,-0.030707,0.01279,0.013197,0.043533,-0.0043913,0.0004168,0.013605,0.020616,-0.023408,-0.039767,0.09416,-0.0037416,0.012617,-0.0030305,-0.013892,0.03591,0.033701,-0.0041049,-0.025586,-0.0066851,0.070541,-0.0060986,-0.009817,0.024872,-0.041287,-0.00059057,-0.026157,-0.010459,0.04861,0.010095,-0.051857,0.058649,0.0084908,0.00095365,-0.0021643,0.068662,0.0085099,0.0034615,0.032517,-0.016293,0.01117,0.013668,-0.0017471,-0.012305,-0.010278,-0.012661,3.5575e-06,-0.017915,-0.0027142,0.013581,-0.0058436,0.0028594,0.0022908,-0.025644,0.005145,0.00082802,0.0031822,-0.0002346
0.011795,0.033327,0.072451,0.025993,0.063838,-0.032587,0.011418,0.0028654,0.064404,-0.010359,-0.0033489,0.0028083,-0.016506,0.0058886,0.05479,0.029291,0.01833,-0.00040601,-0.044974,-0.015628,-0.013476,0.031609,0.011242,-0.02715,0.07278,-0.0062154,-0.089528,0.040174,0.0060508,0.011137,0.0047778,0.014145,0.02233,0.0063716,0.025135,0.0019887,0.0051443,-0.069518,0.0048897,-0.0040515,0.011064,-0.00032775,-0.00028584,-0.00051055,0.0075589,0.013462,-0.0074724,-0.0052804,-0.00013548,-0.033957,-0.011487,0.0041147,-0.00018416,0.027789,0.0021237,0.053524,-0.0055109,-0.071814,0.048253,0.0039548,-0.017943,-0.0038974,0.036394,0.0027399,-0.0052828,0.015257,-0.011435,0.0013356,-0.010817,0.011699,0.012181,0.00057158,-0.0093914,0.034911,-0.015581,0.010163,-0.011897,0.021023,-0.021772,0.014456,-0.014479,-0.04639,0.010382,0.020385,0.0023677
-0.0064671,0.011369,-0.010076,0.063243,-0.033609,0.025918,0.04762,0.025163,-0.038109,-0.013024,-0.013123,-0.022287,0.0094597,-0.015661,0.00015302,-0.01198,-0.0041834,-0.016967,-0.016225,0.018509,0.0040157,-0.00083965,-0.021156,0.0034132,-0.0067253,0.096872,-0.015512,-0.020158,-0.0064179,0.013311,-0.012398,-0.002654,-0.012288,0.031104,0.018684,0.01182,-0.014209,0.029893,0.0061455,0.0073089,0.0011189,-0.0059496,0.016074,-0.025894,0.00049083,0.0070878,0.046745,0.0034553,0.024454,-0.0026779,-0.009131,0.016449,-0.054189,-0.016499,0.0011976,-0.005915,0.00052118,-0.076892,-0.0016048,-0.0027858,-0.0068299,-0.018178,-0.00042852,-0.0089132,0.001332,0.0071898,-0.0065509,0.0035966,-0.0024259,-0.0021473,-0.012366,-0.0031761,0.0089992,0.019068,0.00049942,-8.0872e-06,0.017984,0.00048656,-0.067642,0.016713,-0.00069034,0.0033235,0.0013666,-0.0032419,-0.00064499
0.000304,0.0099782,-0.010219,-0.014452,-0.013693,0.00272,-0.020829,-0.0022439,0.031966,0.025031,0.0052114,-0.00083605,0.0131,0.016387,-0.011109,-0.0036428,-0.0017349,0.0029666,0.0081839,0.0040547,0.0034983,0.012263,0.0031472,0.0127,0.0014956,0.0019595,0.057266,-0.0057267,0.0050681,0.0049145,0.0021623,-0.00025027,-0.0034067,0.004712,-0.00063423,-0.0068826,0.0011075,0.012153,-0.005208,-0.0048349,-0.00033075,0.0029852,0.01205,-0.00046592,-0.0030588,-0.0022454,-0.0035016,0.011223,0.00073196,0.027013,-0.0042655,0.00013095,-0.0019622,-0.00074883,-0.0073883,-0.0045861,0.0038953,-0.0037222,0.0077736,0.0016658,0.004074,0.0028507,0.0061352,0.0049861,-0.00013016,-0.0045056,-0.0041506,-0.0055241,-0.0014821,0.0025802,-0.00099694,-0.003214,0.00052486,0.0086811,-0.0038661,-0.00099725,-0.0042666,0.00096584,0.00092796,0.0064965,0.0066162,-0.0049336,0.00043743,0.004309,0.00015798
-0.0017942,0.020649,-0.0021589,-0.12794,-0.026513,0.036025,0.070071,0.013986,0.049242,0.0014953,0.010533,0.0052042,-0.0073017,-0.022551,0.037001,-0.0098779,0.030841,-0.031462,-0.023457,-0.012838,0.005811,-0.019531,0.0052797,-0.030949,-0.014916,0.037507,-0.0055096,0.10333,-0.020696,-0.01747,0.02616,0.0092892,-0.0011425,-0.0044524,-0.015685,0.0028477,-0.0067772,0.018887,-0.00075216,0.0027341,0.014499,0.0037237,0.036694,-0.031126,0.0014358,0.0095551,0.014853,-0.12251,0.012873,-0.052819,0.010084,0.020314,-0.0029051,0.041606,0.032581,0.0061686,0.0021721,-0.044754,-0.01393,0.0070546,0.0060082,-0.01517,-0.011563,-7.7048e-05,-0.0021735,-0.00037133,-0.0033941,0.0060338,-0.0055657,0.029409,0.017242,0.0043004,-0.0031054,0.0028945,0.013305,0.0018741,-0.0037068,0.014063,0.049655,-0.015793,0.0053396,-0.018145,0.004772,-0.0013345,0.00047804
0.0047657,-0.065791,0.032045,-0.042369,0.010373,0.054858,-0.010969,0.038818,0.025934,-0.024081,0.001889,0.06306,-0.04651,0.024901,0.027133,-0.03042,0.021078,0.015284,-0.038752,-0.0039139,0.045561,0.021923,0.021014,0.00099503,0.0056473,-0.026931,0.04065,0.054392,0.084603,0.0037104,0.020737,0.010098,-0.024575,-0.0041746,-0.042824,-0.037558,6.211e-05,0.032741,0.0052557,-0.010128,-0.0060169,0.0045178,-0.028235,-0.024781,-0.010074,-0.03136,0.021757,-0.0062191,-0.015539,0.047709,0.0098661,-0.0010007,0.030582,-0.0037956,0.037242,0.016445,-0.020753,-0.04,0.0028632,2.3934e-05,0.0064664,0.002215,0.013513,0.010884,-0.00063272,-0.0080948,0.0047195,0.0023282,0.0050833,0.013303,0.017267,-0.011643,-0.014245,0.031888,0.0074605,-0.00031961,-0.0053454,-0.0060278,0.041952,-0.034405,-0.02622,-0.01149,-0.0029002,0.0031528,0.00027691
0.01869,0.13135,-0.045528,0.064082,0.019366,0.052571,-0.011177,0.021868,0.11549,0.042632,0.0010689,0.07969,-0.030058,0.037998,0.020272,-0.021225,0.027931,0.010096,-0.016353,0.044523,0.020246,0.026914,-0.0040863,0.014458,0.033635,-0.047078,0.047912,0.050731,0.055006,0.10658,0.022278,0.0018752,-0.0089398,-0.0034006,0.00032751,0.014511,-0.018059,0.020734,0.027852,0.047191,0.0018519,0.0015343,-0.04194,-0.0023243,-0.011697,0.00097937,-0.0059403,0.071353,0.013876,0.024764,0.0063402,0.0080186,0.04426,-0.059945,-0.030229,-0.011391,0.010734,-0.0061666,-0.045296,-0.0063816,-0.0050641,0.013106,0.0933,0.00022035,0.00043912,0.018916,-0.011799,-0.016178,0.025794,0.010106,-0.0059193,0.0083782,0.0029488,0.042079,0.0005109,-0.0043368,-0.0098599,-0.0013889,0.06447,0.01494,0.020897,-0.0094403,0.01503,0.006233,0.00085368
0.025762,0.030696,-0.0055068,-0.039563,0.022198,0.023128,-0.0061159,0.00010555,0.0044488,-0.0048424,0.0069116,-0.0010987,0.032758,0.032046,-0.051604,-0.023592,-0.075428,0.013117,-0.0096704,0.0047915,0.0051769,-0.0046205,-0.019934,0.0077055,-0.0093382,-0.0048657,0.034034,-0.0062721,-0.014939,0.0097288,0.096591,0.0063853,0.031772,-0.0122,-0.022712,0.012022,0.0095285,0.035633,0.010063,-0.0097888,-0.0057728,0.0053989,0.055504,0.0096159,-0.00073392,0.0077964,-0.025499,-0.039031,-0.0018743,-0.019902,0.018653,-0.013471,0.0037726,-0.00083319,-0.0033239,-0.0037708,0.0059689,-0.014528,-0.0026507,-0.0062792,0.037168,-0.0077989,0.013818,0.0039868,-0.0037549,-0.0055003,-0.013491,-0.0073988,-0.0091942,-0.016719,0.011313,0.0062201,-0.0075443,-0.0066077,0.0059805,-0.0018642,-0.00068121,-0.0021136,0.0073378,-0.008732,0.025315,0.017812,0.0064116,-0.023322,0.0011863
-0.0070898,0.10577,0.088736,-0.058452,0.057984,-0.013345,0.1073,0.027087,0.072603,0.1488,0.0020232,0.13287,-0.0066767,0.049074,-0.0075791,0.037467,0.13018,-0.001861,-0.08929,-0.043585,0.087204,0.019531,0.050234,-0.031282,-0.03028,-0.039867,-0.034352,0.05688,0.042985,0.052038,0.0094678,0.12101,0.052214,-0.035472,-0.011727,-0.050894,0.13219,0.12509,0.013353,0.012045,0.00389,0.033969,0.068207,0.02897,0.018285,-0.00070295,0.063494,0.053832,0.071704,-0.032293,0.038474,0.028961,0.12789,0.084674,-0.031569,0.014358,0.056654,0.097601,0.17411,0.051305,0.059508,-0.030236,-0.01182,0.076429,-0.014887,0.0047191,0.015445,0.022008,-0.027135,0.040933,0.045049,-0.02414,0.028137,0.061824,0.015436,-0.00098219,0.007102,0.011398,0.1557,-0.073905,0.02026,-0.085236,-0.010505,-0.071759,0.00028406
-0.0032013,-0.005207,-0.046514,-0.016119,-0.00091024,-0.054149,0.04143,0.023943,-0.0048299,0.016643,-0.0059266,0.038273,0.022697,0.015651,-0.035017,0.012493,-0.00691,-0.021389,-0.052725,-0.010773,0.0039959,0.036095,0.029759,-0.023774,0.0016129,-0.026803,0.01436,0.036828,0.020288,0.0010643,0.0023824,0.021264,0.025824,-0.029057,0.0024301,-0.020437,0.024256,0.020342,-0.027091,-0.020044,0.0033554,0.0054735,0.022462,-0.0095274,0.0057794,-0.0055899,-0.025325,0.01436,-0.016343,-0.036731,0.014097,0.016987,0.013118,0.014442,-0.0029269,0.016821,-0.0027331,-0.010481,-0.015633,0.0025796,0.038985,-0.017146,-0.0046505,-0.0060074,0.00010324,-1.9732e-05,-0.0010186,0.0069488,-0.0050306,-0.01011,0.020695,-0.0045275,-0.0074301,-0.0038414,-0.010308,0.0098596,0.0058895,0.012864,-0.0060167,-0.0489,0.0084124,0.031107,0.013356,0.0085494,-0.0019186
-0.0026986,-0.033363,-0.011964,0.010799,0.02951,0.013824,0.0070506,0.050515,-0.033797,-0.016692,-0.0075566,0.026127,-0.052429,-0.0032637,-0.015667,-0.014989,-0.09716,0.010888,0.026507,0.01243,0.0080439,0.002114,-0.019319,-0.0099349,-0.0015611,-0.0037542,0.024373,-0.028179,0.016435,-0.010509,0.022277,0.0075174,0.010845,0.091345,0.060341,0.020163,-0.0035545,0.072395,0.017141,0.022612,-0.0032777,-0.0098765,0.0029749,-0.004426,-0.0054176,-0.010822,-0.0074586,0.049654,-0.021103,0.0078534,0.0021676,0.0084828,0.034864,-0.023934,0.0040111,-0.0013197,-0.0078885,-0.037214,-0.04636,0.0020566,-0.026906,0.013152,0.0060385,0.0016858,0.020822,-0.027196,0.018168,0.0038043,0.006694,-0.0028886,-0.0080413,-0.0027679,-0.0041921,0.021088,-0.005259,-0.012466,0.0032428,-0.0080364,-0.0032895,-0.030206,-0.01383,0.022834,0.001144,0.010514,-0.00078112
0.001298,-0.0075259,-0.026532,-0.020916,0.0092729,-0.024714,0.067381,-0.0076731,0.0032481,-0.040203,-0.0044496,-0.0011625,-0.0070917,0.016,-0.017012,-0.0017201,0.053755,0.0016084,-0.0048108,-0.01322,0.0033963,-0.014316,0.0051449,-0.010629,0.0017701,-0.011761,-0.0073836,-0.0038388,0.018556,-0.0054909,0.00034914,0.0084536,0.019674,-0.0076129,0.074541,-0.015276,0.014251,-0.0091233,0.014058,-0.0012211,-0.00687,-0.00071042,-0.0098239,-0.0040883,0.0050527,0.0032797,0.014749,0.07339,-0.0014527,-0.010061,-0.00090334,0.010552,0.049256,0.00089303,0.0043915,-0.0086203,0.0014821,0.043625,0.020981,-0.0013799,0.012171,-0.0019769,-0.03847,-0.009211,0.00098752,0.0046572,0.0035697,-0.0079485,-0.013443,-0.0022012,-0.00083932,-0.0006057,0.0054406,0.014991,0.0036795,0.0010352,-0.0017122,0.0052546,0.035423,-0.01456,-0.0057543,0.01996,0.0040128,-0.0023319,-2.9226e-05
0.0025216,-0.006637,-0.083876,0.034437,0.0052532,0.031745,-0.064518,-0.014278,-0.041037,-0.021224,-0.025691,-0.053201,0.0021765,-0.041247,-0.022176,0.00092113,-0.021455,-0.014451,0.034645,0.027171,0.00023369,-0.0019542,-0.00062577,-0.0053026,-0.028318,0.006717,-0.016483,-0.026692,-0.029135,-0.020579,-0.0021546,0.0068865,0.016379,0.02351,0.031435,0.06447,-0.0089798,0.022086,-0.0066953,0.0028228,-0.0065379,0.0018165,-0.020263,0.0062433,0.00069985,0.0066929,0.0057967,-0.059273,-0.0054561,-0.038886,-0.0099036,-0.0020389,0.023686,0.01706,-0.0060849,-0.011244,0.021344,-0.029232,-0.066749,-0.01236,0.0069023,0.030869,-0.0070481,-0.01143,0.0041301,-0.013039,-0.011924,0.0063962,0.0074009,-0.0091434,-0.010115,-0.00079126,0.00021581,0.0031238,0.0079857,0.0048039,0.0055674,-0.020014,-0.056915,-0.032334,0.012309,0.012445,-0.0034129,0.0036877,-0.00083019
0.0081675,0.0041692,-0.075458,-0.051408,-0.034089,0.038489,0.046803,-0.0093877,0.050184,0.012228,0.0034757,-0.0030835,0.056962,0.036481,-0.0037044,-0.0087553,0.00066124,0.0169,-0.012721,0.010163,-0.036071,0.050627,-0.016164,0.032638,-0.031734,0.0037944,0.092367,0.0039859,0.029321,0.015914,0.027416,-0.0017847,-0.0093961,0.017326,-0.048139,-0.020061,0.067546,0.026472,-0.030328,0.0075818,0.0039562,0.00035128,0.039134,0.0026866,-0.0014092,0.0028415,-0.003326,0.10557,-0.030793,0.050989,-0.010958,0.033773,-0.055419,-0.012389,-0.00482,-0.018873,-0.018109,-0.0023285,0.02784,0.0030762,0.0066705,-0.018805,0.030073,0.0002851,-0.0025394,-0.0063605,-0.002883,-0.0018201,-0.0014094,-0.013482,0.013263,0.002681,-0.0063511,0.0097171,0.009804,-0.017139,0.008429,0.00024434,0.028102,-0.0054664,0.041272,0.032436,0.0033134,-0.011038,-0.0013083
-0.0030376,-0.01295,-0.0025876,-0.0036912,-0.0067396,-0.0072803,0.0044473,0.019315,-0.010547,0.01822,0.0052889,0.021166,-0.0018384,-0.0081404,0.009952,0.00044626,-0.052435,0.017688,0.0076393,0.0031018,0.011445,0.0053044,-0.0066614,0.0061529,0.003045,-0.007413,0.015061,-0.0021702,0.0033628,0.00040846,0.0096362,0.0046095,0.0085178,0.0090606,-0.026314,0.0043131,-0.008093,0.052491,-0.0026379,-0.0013577,0.0014645,-0.00029227,0.010404,0.001439,-0.0012296,-0.0033063,0.00080435,-0.017422,-0.012404,-0.0084019,0.0029149,0.0045758,0.0038912,-0.0045307,-0.00033073,0.0032077,0.0039289,-0.016237,-0.013884,0.0072556,0.011842,-0.0014512,0.008906,0.0023528,-0.00018508,-0.00039307,-0.0016986,0.002787,0.0055766,-0.0020456,0.0012672,0.00080771,0.0018986,0.0024747,-0.0041385,-0.00069145,-0.00046167,-0.00011946,-0.010445,-0.010546,-0.002399,0.0021876,-0.003632,-0.0054114,-6.0644e-06
0.0043255,-0.018746,-0.047757,0.054573,0.095549,-0.019484,0.0016939,0.0059754,0.0014076,-0.0016142,-0.032142,0.086883,-0.01135,0.010899,-0.037788,-0.051395,0.092067,0.0072557,0.015848,0.004748,0.029324,0.0061787,0.010476,-0.015925,0.055464,-0.023938,-0.047233,0.0043796,0.037908,0.022482,0.020471,0.0095106,0.001718,0.010924,0.064039,0.022826,-0.0083135,-0.10477,0.037656,-0.017707,-0.0049495,0.0034918,-0.050216,-0.029828,0.0089334,-0.015134,-0.033111,0.063202,0.030223,-0.036278,-0.0086727,-0.046062,0.087977,0.049052,0.019993,-0.021983,-0.015231,-0.068961,0.044952,0.0071844,0.032055,0.022567,0.019352,0.0062164,-0.0076563,0.0059878,-0.0047188,-0.019481,0.011638,-0.0017004,0.00015166,-0.022397,-0.0013872,0.052311,-0.0020153,0.011913,-0.0049576,-0.0025293,-0.0085424,-0.051472,-0.020928,0.041112,0.019132,-0.015629,-0.00060578
0.0013805,0.014061,0.029787,-0.22466,0.0015035,-0.023424,-0.023891,0.039395,-0.0054945,0.02484,-0.011839,0.019568,0.0089017,-0.0085346,-0.0032047,-0.014716,-0.012584,0.025141,0.04984,0.018312,0.0056056,0.013975,-0.0064177,0.012337,0.01179,-0.0055877,0.0071875,-0.0023129,0.011172,0.005454,0.016756,-0.00075466,0.004148,0.0087205,-0.030594,0.010021,0.0072731,0.020066,0.044315,0.050319,0.013531,-0.0096017,0.024982,-0.0028324,-0.0054621,0.0049862,0.024551,0.012442,0.025347,-0.024395,-0.0096018,-0.014591,-0.020463,-0.011346,0.036928,-0.019433,0.0064361,-0.030892,-0.027308,0.00093179,0.00088096,-0.005786,-0.019417,-0.0057705,-0.019409,-0.00102,0.0043123,-0.0057424,0.0044198,0.0020379,0.019991,-0.017108,0.013241,0.014926,-0.004012,0.010109,0.0016729,0.0053361,0.029018,-0.020828,0.00017951,-0.003856,0.0070627,-0.02375,-0.0023638
0.0038322,0.15814,0.029286,-0.20559,0.016912,-0.011209,-0.08934,0.025296,-0.25613,0.021891,-0.043295,-0.063317,0.030141,-0.047808,0.0058855,0.016707,-0.15053,0.060888,-0.025272,0.025012,-0.10371,0.088207,0.030454,-0.012858,0.039932,0.11105,0.066546,-0.036234,-0.022056,0.0036955,-0.013163,-0.010621,-0.037603,0.033846,-0.1132,0.0059894,-0.014594,0.021305,0.028855,0.14388,0.082843,0.001168,0.011091,-0.016694,0.018841,0.075985,0.057863,0.011214,0.099715,0.025882,0.048329,0.072697,-0.1855,0.016495,0.024885,-0.025247,-0.011135,-0.20162,0.026243,0.043908,-0.068451,0.022048,0.099168,-0.017236,-0.010046,-0.010341,-0.024494,-0.00078193,-0.0097881,0.01131,0.055148,-0.024808,0.0090111,0.044247,-0.01902,-0.013197,-0.022515,0.030256,-0.13471,0.055305,0.048989,-0.028816,0.020407,0.033624,-0.007208
0.01183,-0.038589,0.054786,0.23283,0.050361,0.053735,0.0012394,-0.016787,-0.026676,0.03975,0.008504,-0.050249,0.011749,0.1763,-0.11359,-0.0547,-0.050254,0.021008,0.041572,0.11316,0.038464,0.030779,0.04899,0.01657,-0.032395,0.016888,0.24581,-0.11427,-0.02849,0.045021,0.046145,0.076033,-0.0073737,-0.0037889,-0.005665,0.0050855,0.12362,0.086071,-0.028081,0.002959,0.021942,0.090095,-0.093966,0.021541,-0.0090284,0.011857,-0.090604,-0.11955,-0.024022,0.063102,-0.01565,-0.040236,0.16473,-0.032016,-0.15697,0.0010752,0.053488,0.28411,-0.024936,-0.00093826,0.02247,0.088213,0.0062771,0.090789,0.022225,-0.0033663,0.0053486,0.020066,-0.024179,0.025125,-0.036071,0.051622,-0.0049515,-0.074777,0.011057,-0.03221,-0.018489,-0.049335,0.029798,0.084639,0.0046145,-0.13285,0.040306,0.0044192,0.0014592
-0.0055588,-0.01613,-0.04499,0.0015044,-0.003276,-0.00097395,0.0031028,0.015353,-0.0025012,-0.011667,0.00065395,0.013048,-0.012926,-0.0037334,-0.013532,0.0015954,-0.020673,0.00025699,0.0062274,-0.0040578,-0.00050437,-0.015071,-0.0071257,-0.0067349,-0.0099625,-0.0012502,0.011426,-0.004115,-0.0073206,0.0015345,0.0080644,-0.0031893,-0.006357,0.02532,0.018096,0.0077788,-0.0043003,-0.012597,-0.010007,-0.0037903,0.0013953,-0.0025281,0.021873,-0.0015914,0.0029047,0.0037285,-0.019279,-0.0023946,0.001022,0.0061676,0.013441,-0.0067716,-0.0011139,-0.00037392,-0.00040352,-0.0037271,0.002774,-0.029191,0.0045145,0.0070126,-0.001285,0.0023677,0.0068878,-0.0054372,0.005036,0.0052102,0.005811,-0.0020547,0.0086756,-0.0096989,0.0010709,0.0025596,-0.004051,-0.012996,0.0014389,-0.0059414,0.0013277,-0.0036136,0.0057164,0.012228,0.010994,-0.0015781,0.0010012,0.0046522,-0.00055706
-0.007442,-0.045405,-0.15445,0.1075,0.01488,-0.069231,0.015117,-0.038202,-0.070823,-0.01155,0.00042344,0.041355,0.019699,-0.012125,-0.06808,0.061814,-0.037177,0.047335,0.046098,-0.005977,0.014761,-0.029542,0.0094656,0.012032,0.033163,-0.029301,-0.12674,0.020325,0.054108,-0.015607,-0.03761,-0.0081075,0.038016,0.0013314,-0.035747,0.01892,-0.032866,-0.028763,0.0059986,-0.041183,0.010447,-0.0034166,0.047394,0.082816,0.0058327,-0.0093419,-0.024077,0.012495,-0.032178,-0.085842,0.02517,-0.010083,0.033007,0.022451,0.032262,0.060106,0.0075764,-0.023014,0.0046892,0.019198,0.013056,-0.032793,0.050845,-0.0036393,0.01333,-0.0073586,0.031874,0.00048469,0.022881,0.0078476,0.018597,-0.013238,-0.00034401,-0.038537,-0.016668,0.011293,-0.0043525,-0.028632,-0.016706,0.011538,-0.0083605,0.034124,-0.01383,0.0036837,-0.00063083
-0.024155,-0.006911,-0.079575,0.097897,-0.0088248,-0.10798,0.10429,-0.0025703,-0.2272,-0.23426,0.031651,-0.011833,0.049289,-0.04961,0.00090779,0.026226,0.17218,0.023439,-0.02991,-0.025968,-0.076214,-0.046831,-0.10657,-0.051306,-0.024457,0.01372,-0.20088,-0.1176,-0.027667,0.038437,-0.044441,-0.0068816,0.009467,-0.034067,0.034463,-0.0699,0.043783,-0.11447,-0.0017876,0.038538,-0.0090021,0.024924,-0.086428,0.018439,0.0786,0.019055,-0.017309,0.10365,0.11412,0.055446,0.023233,0.046345,-0.063208,-0.096533,0.01909,0.037084,-0.025232,0.14221,0.090358,0.02956,0.019804,0.031529,-0.011841,-0.051737,0.022462,0.093771,0.094569,0.031778,-0.012189,0.050364,0.018793,0.030922,0.016672,-0.012829,0.0023349,0.0022286,-0.00027831,0.042865,0.15142,0.16713,0.096647,0.081912,0.0012454,0.016814,-0.0014764
0.0010833,0.1447,0.021753,-0.0032355,-0.043658,-0.032499,0.081529,-0.049357,-0.060107,-0.066796,-0.014522,0.026438,0.021921,-0.067092,-0.0098389,-0.033679,-0.082802,-0.015654,0.0055645,-0.015145,-0.079716,0.058255,-0.027594,0.040572,-0.0055947,-0.024752,-0.11029,-0.064789,0.023868,0.024535,0.020489,-0.0056598,-0.0022372,0.062596,0.027563,0.0085673,0.0092842,0.055201,-0.0029346,0.011292,-0.0010119,-0.00044083,0.047002,0.020392,0.0031989,0.061113,-0.094443,0.094954,-0.043602,0.018427,0.016753,0.001126,-0.13482,-0.02517,0.027071,0.0064738,-0.012523,-0.014144,-0.090585,-0.00064763,0.0022903,0.037864,-0.058573,-0.0041944,0.0096782,0.0019515,0.0012063,-0.034134,0.011364,-0.020255,-0.0015736,-0.0091498,0.0088177,0.023782,-0.015653,0.006009,0.0057267,0.029391,0.01368,0.020309,0.012504,0.045239,-0.008248,0.016705,-0.0028479
-0.0019882,-0.0062002,-0.02124,-0.088597,-0.030558,0.055736,-0.0045672,0.0016857,-0.019435,-0.014791,-0.020491,-0.0080412,0.023906,0.0034235,-0.0045063,-0.0097589,-0.044147,-0.017049,-0.030809,-0.0098755,-0.0076049,0.011731,-0.0052759,0.0028617,0.00031433,0.027725,0.0072651,0.025916,0.0066377,-0.009792,0.0022096,-0.0045626,-0.015707,0.0099017,-0.013643,0.011474,0.01054,-0.029397,-0.013301,-0.0096239,0.00323,-0.0074033,-0.0015904,-0.015558,-0.0023887,0.00014241,0.079565,-0.0056828,0.010432,0.0050961,0.017235,0.051207,-0.039426,-0.0073173,-0.008134,-0.018338,0.0055429,-0.057917,-0.021153,-0.0045113,-0.01328,-0.015499,-0.014401,-0.0028543,0.00049153,-0.0086142,-0.0095569,-0.0017342,0.0083739,-0.0053677,0.0074318,-0.0093306,-0.00086127,0.020745,0.0060587,-0.0014349,0.0073624,0.0017622,-0.023778,0.010036,0.013268,0.027454,-0.00053877,-0.0082599,-0.00080547
0.0010004,-0.0085808,-0.0040392,-0.024343,0.0087012,0.0018639,0.0058516,0.0088287,0.011173,-0.014808,-0.001011,-0.0097849,0.0012473,0.0050073,0.01081,-0.0016891,0.010771,0.0050682,0.0090766,0.0028461,-0.0082936,0.0038239,-0.00191,0.011073,0.010296,-0.0060605,-0.0052242,0.0026942,0.0087439,-0.00059265,0.01256,-0.0002774,-0.0007513,-0.0079962,-0.0074217,-0.014715,0.0012429,-0.0078288,-0.0041167,-0.00082503,-0.00187,5.2897e-05,-0.0001549,-0.0017079,-0.0012236,-0.0046834,0.0016911,0.049381,-0.00089467,0.035038,-0.0028389,-0.0030043,0.011936,-0.0046871,0.014273,0.0092083,0.0038438,-3.6304e-05,0.016168,0.00048847,-0.0036959,-0.0090692,0.0082091,0.0017478,-0.0018047,0.004059,-0.0030094,-0.0034323,0.0010937,0.00643,-0.0019948,0.00029798,-0.0013531,-0.0022994,0.00063,-0.0022666,0.00094466,0.00016339,0.0040703,0.0041006,-0.0051013,0.0099619,0.0012209,-4.7989e-05,-0.00023591
-0.0048298,0.047294,0.011035,0.041197,0.060806,0.012582,-0.013289,0.0080794,-0.084175,-0.03155,-0.01552,0.0046806,-0.0019514,-0.0080475,-0.026474,0.013188,0.10534,-0.0019365,-0.027897,-0.012577,-0.018874,0.0038966,0.016458,-0.010413,-0.02231,-0.01564,-0.00567,-0.01656,-0.013637,0.0074212,-0.025547,-0.00042002,-0.0069317,-0.026496,0.033304,0.016711,0.015931,-0.045576,0.0048329,-0.00473,0.0027527,0.0054226,-0.031242,-0.017522,0.016011,0.0080321,-0.0041772,0.021223,0.062288,0.045425,-0.0083028,-0.014905,-0.027727,0.0073592,-0.015428,-0.03408,-0.0041021,0.016065,0.0064636,0.0030257,-0.00066197,0.00028898,0.0037852,4.6465e-05,0.00021915,0.024937,0.0057574,0.01042,-0.013787,0.0064106,0.0033255,0.004363,0.0052877,-0.0050975,0.0098158,0.0028329,0.0048401,0.002444,0.015746,0.046237,0.01632,-0.0047469,0.0040854,-0.0022449,-0.0013627
-0.00014948,-0.014187,0.024392,0.0067374,0.027548,0.0010617,-0.0050764,0.0084058,0.005468,-0.0027409,0.0035481,-0.0043952,-0.011399,0.0072856,-0.012897,0.00018969,0.016954,0.0032205,0.014333,0.015384,-0.0066089,0.0011952,0.0046588,0.0018062,0.01174,-0.0072064,0.03006,-0.0047686,0.00017426,0.0050952,-0.0084925,-0.00023884,-0.0027306,-0.0034221,-0.0055339,0.0025211,0.00633,-0.025382,-0.0032744,-0.016488,-0.0047511,0.00639,-0.0068065,-0.0044707,-0.003043,-0.0050709,0.0067555,-0.000351,0.0025543,0.067813,-0.0079238,-0.0088263,0.0081541,-0.0070516,-0.0076531,0.0033171,0.0062875,-0.005584,0.0061691,-0.0010417,-0.01282,0.007895,-0.0036482,0.004492,0.0045547,0.00085209,0.00047578,-0.0053523,-0.0033325,-0.00334,-0.014324,0.0054207,0.0031323,-0.00074913,0.0083322,-0.0027808,-0.010649,-0.00063988,0.0090451,0.020346,-0.0022882,-0.013951,0.0047077,0.0070066,0.00026903
0.0098515,0.054003,0.047401,-0.06161,0.0089708,-0.010672,0.015088,-0.014631,-0.088731,0.00836,0.0023269,0.035943,-0.021443,-0.051202,0.041252,0.037631,-0.1001,0.016907,-0.015061,-0.0080502,0.053436,-0.0044171,0.019553,0.0065318,-0.021473,0.042365,-0.0013259,-0.042465,0.02477,-0.0025738,-0.036885,-0.016475,-0.020257,0.00031182,0.012166,-0.034326,-0.033366,0.025119,0.036714,-0.005568,0.016278,-0.01858,0.043073,-0.0076101,0.0088665,0.006486,0.065392,-0.015584,0.020743,0.10584,0.086159,0.031742,-0.039809,-0.044323,0.0041448,-0.046043,-0.01817,-0.014611,0.010638,0.014409,0.01556,-0.019876,-0.012842,-0.018362,0.0098107,0.02841,0.036809,-0.00077707,0.0070954,-0.044971,0.0084749,-0.0019426,0.013142,-0.032434,-0.0047799,0.0043379,0.0011317,0.016578,-0.006102,0.014884,-0.027711,0.035342,-0.012008,0.0073698,-0.0013168
0.021167,0.1472,-0.11063,-0.18171,-0.037236,0.049424,-0.027126,-0.012894,-0.068623,-0.0041699,-0.010194,-0.015576,0.015707,-0.025211,-0.021271,-0.017231,-0.098983,0.024643,-0.06227,-0.0074247,-0.05446,0.0060788,-0.018151,0.012495,-0.010142,0.031254,0.11903,0.031829,0.034886,0.024738,0.039781,-0.0013449,-0.0020611,0.035637,-0.040085,-0.011124,0.032008,0.028931,-0.013105,0.014568,0.013386,-0.0014192,-0.0045996,-0.024489,-0.00072285,0.0094936,0.034392,-0.10153,0.020415,-0.084594,0.025156,0.10246,-0.053182,-0.058596,0.0088557,-0.013255,-0.026472,-0.067158,-0.034075,-0.0058107,-0.008298,-0.008819,0.00071895,-0.01087,0.0016116,-0.054037,-0.0092061,-0.0025809,0.0059485,-0.0217,0.017887,-0.0063876,-7.7115e-05,0.028595,-0.01416,0.0083167,0.011184,0.0088129,-0.0074989,0.002145,0.012812,0.032579,0.021795,-0.011525,0.0002795
0.0080025,-0.042145,0.0013448,-0.031776,0.03218,-0.0092374,0.063894,0.0052718,0.0065732,0.023083,-0.0068127,-0.02785,-0.006608,0.014615,-0.0040187,0.0010178,0.038789,-0.010544,0.0074108,0.0093482,0.027088,-0.018018,0.012985,-0.019953,0.0027654,0.0022494,-0.018758,0.029588,0.0072487,-0.0046664,0.0089524,0.010349,0.014275,-0.027251,0.0018226,-0.0078924,0.0024752,-0.021612,0.0038055,0.0061949,0.0059216,0.0021355,0.0031721,0.00079455,0.0036113,-0.0048049,0.013202,0.0036386,0.021716,-0.043179,0.0083273,-0.0070161,0.074614,0.017335,-0.015485,0.0045796,0.015,0.037333,0.02924,0.0035509,0.0095255,-0.010177,0.013265,0.0059431,9.4681e-06,-0.00073481,0.0044479,0.00086591,-0.0069391,0.013865,0.0070551,-0.0037147,0.0095668,0.00615,-0.00062928,0.0052731,-0.0087548,-0.008005,0.0076311,-0.017912,-0.016147,-0.0088527,0.0035687,-0.013729,0.00012101
0.0023996,0.0022991,0.0066209,0.04329,0.011799,-0.018711,-0.0096991,-0.021729,-0.0044762,-0.014284,-0.0085346,-0.012506,0.033602,-0.0064803,-0.020032,0.0010398,0.086556,-0.014364,-0.0051072,-0.016355,-0.022632,-0.0095377,0.0084212,-0.001677,-0.019144,0.013751,-0.027879,-0.0090587,-0.031904,-0.012917,-0.00038573,0.0055781,-0.001979,-0.01573,0.016209,0.008094,0.0097045,-0.056497,-0.010827,-0.017329,0.0044673,0.01085,0.037531,-0.00165,0.0062709,0.016072,0.00086538,0.0078519,0.023326,0.0079644,-0.0091313,-0.012678,-0.0053686,0.065424,-0.0075552,0.005028,0.0060641,0.038189,0.003778,0.0063156,-0.0094841,0.0077998,-0.015841,0.0078698,-0.0021849,0.015049,-0.0069385,-0.0030185,-0.01117,-0.0084719,-0.00044649,-0.0016755,-0.0048242,-0.0049647,0.018033,-0.0062712,-0.006014,0.00093928,-0.0032283,0.01614,0.017109,0.011887,0.00048012,-0.0053753,-0.00035398
0.0031494,-0.071836,-0.0012055,-0.038603,0.014008,0.016111,0.022085,0.0034927,0.012067,-0.0055816,0.0054912,0.0036829,0.017865,0.0036692,-0.0040824,-0.00077622,0.0089219,-0.0062961,0.017179,0.0012653,-0.012046,-0.016023,0.012837,-0.0043051,-0.019113,0.015871,0.022523,-0.0026542,-0.028455,-0.020905,0.0041328,-0.0023813,-0.000613,-0.017084,-0.01888,0.020621,-0.022091,0.027695,-0.0018998,-0.0024605,0.00088734,0.0091965,-0.037043,-0.011692,0.00098489,-0.0086074,-0.00094874,-0.096312,-0.0053552,-0.00551,-0.0086136,0.0060622,-0.010281,0.01563,0.067468,-0.0018814,-0.0023772,-0.033575,0.016096,0.0019635,0.024356,0.0049708,-0.016016,-0.00052648,0.0016252,-0.0044659,-0.011598,0.010493,-0.0085237,0.0073465,-0.00073153,0.0080901,0.00019188,-0.024525,0.012832,0.00025373,0.0057483,0.0042514,-0.028358,0.0038464,-0.0064605,-0.0026161,-0.0051559,0.0024072,0.00044504
-0.0021247,0.0020111,-0.038806,0.0013886,-0.0023091,0.012835,-0.01296,0.015274,0.020873,-0.023098,0.010761,-0.027217,0.020179,-0.013408,0.015064,0.014298,0.030738,-0.020759,0.026195,0.023959,0.0094817,-0.0127,-0.022508,0.0086987,0.019115,0.014805,-0.044989,0.0323,-0.012381,-0.0017549,0.017788,0.0045506,0.017603,-0.011648,-0.0060774,-0.00099883,-0.0085032,-0.023614,-0.002272,0.0067263,0.0060299,0.0037184,0.040394,0.012861,0.01158,-0.017267,-0.014984,-0.01799,0.035858,-0.032701,0.0017537,-0.0047654,0.058938,0.012597,0.0041053,0.049358,0.018073,0.019034,0.048499,0.0052172,-0.0084606,-0.024561,0.0050115,0.011729,0.0044093,0.029608,0.011307,0.0099716,-0.0019545,0.0031186,0.0084332,-0.0013722,-0.013909,-0.0019958,-0.0059793,0.0039075,-0.011706,-0.0004549,0.039598,0.03275,0.014368,-0.014531,6.6457e-05,0.0053597,0.0015564
0.00076332,-0.048071,-0.053538,0.079036,-0.03686,-0.052246,-0.12052,-0.0033467,0.0088639,0.037307,-0.012343,-0.02757,0.024058,-0.030019,0.025993,0.022213,0.081412,-0.017003,0.012862,-0.036821,0.040051,-0.015251,0.034405,0.0074276,-0.017626,0.00031067,-0.0081282,-0.047737,-0.055403,-0.00047749,-0.031865,0.0029815,-0.010571,-0.045402,0.041156,0.023465,-0.00069728,-0.07414,-0.021428,-0.015751,-0.0013751,-0.0069922,0.021581,0.034254,0.014012,0.012445,0.010822,0.070793,0.05404,-0.057361,0.017291,-0.0098991,0.03053,0.062669,-0.081036,0.037297,0.096925,0.024294,0.022927,0.0063614,0.021293,0.0066802,0.024568,-0.015865,0.01764,0.029985,0.0028043,0.0084619,0.02161,-0.030073,-0.0070824,-0.015347,0.010633,-0.0078549,-0.0083104,0.0094869,-0.0040356,-0.020178,-0.085849,0.054507,0.015263,-0.025037,-0.016663,-0.011071,-0.0015704
-0.0055624,-0.00097951,0.013178,0.006529,-0.0096992,-0.018566,0.010976,-0.0094081,0.00088762,0.0093758,0.0018076,0.0022312,-0.0052551,0.010388,0.023313,-0.0086289,-0.011416,-0.0024194,0.015132,0.0019403,0.0067477,0.0025604,0.012142,-0.001432,-0.006017,-0.016581,0.015378,-0.0054181,0.0028074,0.0039257,-0.012241,0.0032813,-0.0081646,-0.017388,-0.010891,-0.011472,-0.00062178,0.037306,-0.0061138,0.01342,0.0032734,-0.00022075,-0.034776,0.00016238,-0.0025293,0.0024707,-0.01892,0.034426,0.00019366,-0.0032896,0.0073532,-0.013114,0.01638,-0.010163,0.0022314,-0.0050688,0.0072168,0.054393,-0.0042524,0.00060309,0.0033363,0.0036801,0.010501,0.0051223,0.0039022,0.0074049,0.011359,0.0029226,-0.0022049,-0.0027062,8.9284e-05,0.00087065,0.0058877,-0.02057,0.00044962,-0.0018157,-0.0024622,-0.00069621,0.0097119,-0.0031752,-0.0059233,0.011808,0.0026037,-0.0034426,-0.00045842
0.0010895,-0.053577,0.01125,0.047074,0.0091277,0.0069156,0.029513,0.0020614,0.025138,-0.011361,0.011436,-0.01398,0.011342,0.014591,0.021121,0.014531,-0.0021521,0.0088439,0.0051602,0.00091669,0.0012853,-0.00094237,-0.0040651,0.0051733,-0.0036377,0.017837,-0.022398,0.015597,-0.01428,0.0064001,-0.0028145,-0.0029359,-0.0077936,-0.0014004,-0.00070231,-0.010486,-0.0020328,-0.0041069,-0.0075502,-0.00062139,0.00043309,0.0010711,0.0085069,0.0005028,0.0045604,-0.0066258,0.0093675,0.043157,0.0029063,0.015629,-0.0027241,0.0091403,-0.0019564,0.0042925,0.0024353,0.01379,0.0071642,0.00092799,0.048393,0.010297,-0.0054331,-0.015878,0.02847,-0.0070558,0.0021576,0.020416,0.0097654,0.0091397,-0.0054371,0.02513,-0.0014743,0.0048797,-0.0095463,-0.0079292,0.0030122,-0.0012548,0.005666,0.001819,-0.0012362,0.026964,0.008059,-0.0089352,-0.0029768,0.0025139,0.00035896
-0.014941,-0.042888,0.044107,0.056949,0.0040271,0.010515,0.013095,0.018004,-0.064462,0.036939,0.0033039,0.043789,-0.015381,0.022157,-0.042833,-0.0055022,-0.10132,-0.013049,0.014157,0.03839,-0.037037,-0.042141,-0.0051872,-0.037978,0.022559,0.019716,0.033877,-0.0039049,-0.029531,0.01446,-0.0069151,0.0021608,-0.0079782,-0.0039923,-0.011928,-0.018421,-0.00076267,-0.015903,0.018509,0.02641,0.025187,-0.0044462,-0.013068,0.030987,0.027966,0.020103,0.023421,-0.0094461,0.029619,0.047309,0.011641,0.038353,0.032773,0.010503,-0.017319,-0.010035,0.00094594,-0.07866,0.033059,0.067385,-0.015933,-0.01505,0.087761,-0.018479,0.010521,-0.038481,0.0076666,-0.011415,0.025998,0.035058,-0.0097977,-0.01165,0.0026395,0.0099216,0.0089379,0.0043604,-0.015038,-0.019365,-0.0033635,0.026694,0.023968,-0.021106,-0.01183,0.0065947,-0.0013371
0.0071153,-0.0050915,0.0233,0.099087,0.0005891,-0.04968,0.05898,0.042652,-0.00042325,0.048714,0.0098688,-0.010578,0.043473,-0.019092,-0.0062704,-0.0019426,0.077828,0.015767,-0.011181,0.0034075,0.04354,0.029943,0.014574,0.023132,0.010062,0.034999,-0.027111,-0.021339,-0.00024747,-0.0046091,-0.022847,-0.0055302,0.0092743,-0.053207,-0.038878,-0.02519,-0.0034844,-0.012732,0.0011895,-0.013549,0.0073783,0.0085479,0.017338,0.012428,-0.0039985,-0.006504,-0.0025902,0.041219,-0.0053114,-0.0047512,0.021014,-0.0093841,0.031882,0.02888,0.0010823,-0.028216,0.018942,0.032022,0.049638,-0.0061156,0.094141,0.03346,-0.0063558,-0.010084,-0.0033577,0.017324,-0.020296,-0.0035913,0.015641,0.015714,-0.010661,0.0020823,0.011872,-0.049395,0.012451,-0.0081035,0.023225,-0.005747,-0.0213,0.007785,-0.018797,-0.012236,-0.0019556,-0.0060739,-0.001326
0.018548,0.031262,0.070247,0.093198,0.0054452,-0.023311,-0.0053736,-0.00069592,-0.010814,0.00092311,-0.0030268,-0.014236,-0.033505,-0.009339,0.015381,-0.0017703,0.056793,0.0045465,0.018981,-0.0077625,0.012744,0.044219,0.026824,0.038317,0.0093367,-0.047363,-0.0042626,-0.066814,0.0077801,0.0067607,-0.0086697,-0.0046525,-0.0075378,0.02737,0.014863,0.027672,0.02005,-0.010019,-0.0019183,-0.010237,-0.0092907,0.007635,-0.0044015,0.0087623,-0.0088851,0.015097,-0.034898,0.12036,-0.024933,0.011973,-0.024117,-0.059289,-0.04313,0.039041,-0.013628,0.026894,-0.0079543,0.055728,0.011973,-0.021955,0.019377,0.089214,-0.00069567,0.013648,0.0087109,0.0088396,0.011363,0.0067426,0.001434,-0.016246,-0.0022995,0.0048764,-0.013498,-0.010688,0.0018345,0.0037645,0.0014493,-0.0079837,-0.00588,0.017726,-0.014652,-0.047463,-0.0072514,0.016902,-0.00034173
0.0069988,-0.064805,0.0027338,0.01778,0.0034044,0.0010373,0.010597,0.017932,-0.013475,0.015171,-0.00062656,-0.011485,-0.014028,-0.015968,0.007868,0.022517,-0.01413,-0.037412,-0.0087306,-0.0046014,0.014129,0.0014921,0.0056311,-0.0064727,0.010687,-0.00035964,-0.094789,0.045612,-0.0090649,0.0053514,0.0092494,0.00073118,0.018099,0.019743,0.0097225,0.013641,-0.029238,-0.016358,0.014608,0.02248,0.0086008,-0.010048,0.032189,0.017278,0.0025137,0.013109,-0.0338,-0.046053,0.024387,-0.057824,0.0052251,-0.015077,0.02788,0.017712,-0.028638,0.003572,0.0019305,-0.0069834,-0.047879,-0.00042301,0.0076623,-0.0012329,0.096019,-0.0054616,0.0084465,0.013422,0.0071151,0.002378,0.0096625,-0.025502,0.0065234,0.0053525,0.0058234,0.0024834,-0.0051291,0.001467,-0.0038448,0.0081941,-0.0039398,0.0094394,0.014275,0.0066458,0.0084533,-0.0042442,-0.00024385
0.0078694,-0.031018,-0.0068548,-0.059241,0.012903,0.0073076,0.00038195,-0.0092685,0.04804,0.085021,0.019058,-0.02842,0.00056331,0.033428,0.011851,0.0057118,0.017784,0.050811,0.069047,-0.016359,-0.0053163,-0.012837,0.0017278,0.0053234,0.0086012,-0.0083942,0.075888,0.0074367,-0.03611,0.010025,-0.035367,0.023904,0.0008131,0.0058997,0.017286,-0.0090839,0.00066333,-0.020679,-0.0026838,-0.0033634,0.010439,-0.0026145,0.024469,0.01434,0.00071309,-0.011959,-0.041732,-0.062224,-0.0023875,-0.058105,-0.012536,-0.015932,0.028234,0.0007878,0.014902,0.0023553,-0.0046017,0.013232,0.10628,0.030644,0.0018947,-0.00043901,0.046701,0.07512,-0.009154,-0.026596,-0.003469,0.0020752,0.00304,-0.021478,-0.0042417,0.018668,-0.0083238,-0.028736,0.0083367,-0.016856,-0.00062271,0.0021837,0.023652,-0.042499,0.02236,-0.029397,-0.0081471,-0.01533,0.001979
0.018233,-0.09376,-0.012615,-0.04292,-0.018939,-0.0017438,0.05328,0.091674,-0.065096,0.00095323,0.013089,-0.036406,-0.04124,-0.10192,0.06841,0.0032567,-0.021318,-0.0085469,0.022347,0.036375,0.037723,-0.01875,0.023258,0.013807,-0.0080669,-0.0052788,0.093184,0.016404,-0.00022544,-0.037992,-0.024381,-0.0020171,0.047975,0.045752,0.058122,-0.017333,-0.037103,0.13423,0.0089361,0.0069926,0.016134,0.0070549,0.072927,-0.026427,0.021192,-0.015346,-0.02256,-0.06094,0.034117,-0.015331,0.0036899,0.043353,0.079401,0.015826,-0.039646,0.081723,0.031947,0.14647,-0.014974,0.029921,-0.011052,0.019876,0.047472,-0.016199,0.085683,-0.016179,0.043312,0.024895,-0.017276,-0.030719,-0.029886,0.0021967,0.03472,0.01175,-0.011429,0.032924,-0.025553,0.012177,0.0038546,0.055073,-0.010038,0.10623,0.0013593,0.045722,-0.00053778
0.00334,-0.026428,0.12225,0.10007,-0.021998,-0.047239,0.037785,0.0068352,0.060808,-0.070261,-0.0013874,0.06138,0.024196,0.0072072,0.030116,-0.0064604,0.044918,0.0094998,-0.0016848,0.019891,-0.0020515,-0.0093108,0.011261,-0.0031134,0.030307,0.0053116,-0.13317,-0.0078939,-0.022691,0.011124,-0.069144,-0.01502,-0.016241,-0.036021,0.0022886,-0.024063,-0.018403,-0.035656,-0.0072437,-0.029503,0.011307,-0.0040636,0.06178,0.0048435,0.0094158,0.014598,0.02958,0.072303,0.041814,-0.011367,0.015603,-0.039748,-0.065096,0.024978,-0.015958,-0.0053332,0.016447,0.047838,0.093939,-0.0060769,-0.010296,0.0068587,-0.0008138,-0.026075,-0.0027154,0.15078,0.037047,0.045561,-0.0092038,0.014799,-0.0050277,-0.0019034,-0.0014207,-0.0053507,0.022084,-0.0081701,0.01813,0.014721,0.002677,0.086588,-0.028108,-0.039918,-0.017103,0.0033897,-0.0016787
-0.013616,0.058266,0.084171,0.090707,-0.0041964,-0.046289,0.012938,-0.0017086,-0.060584,-0.053209,0.0011515,0.045359,-0.026835,-0.024542,0.084607,-0.023581,-0.05531,-0.016689,-0.0018129,0.031312,0.0088169,0.015103,0.0092975,-0.038752,0.0018061,-0.031295,-0.00087782,0.028642,0.012962,0.013552,-0.081142,-0.0015647,-0.027192,-0.018988,-0.0031818,-0.014529,-0.018516,0.069373,0.01156,-0.00045576,-0.0012914,0.0038914,-0.0089052,-0.043011,0.016941,-0.018311,-0.030834,0.06845,0.04779,0.20355,0.021123,-0.023903,-0.0025779,0.0095402,0.020204,0.020004,-0.012511,0.14142,0.0027079,0.0096306,-0.025049,0.030954,-0.020572,-0.0030729,0.033689,0.063217,0.090503,0.039458,0.002356,0.013094,-0.014362,0.001678,-0.00017654,-0.041956,0.012685,0.0085466,-0.018131,0.0091857,0.086607,0.062716,-0.024584,0.018664,0.0045863,0.029854,-0.00016201
-0.016551,0.11797,0.023788,0.13137,-0.079996,-0.018855,0.082625,-0.0010807,-0.042444,-0.11083,-0.0048288,-0.059132,0.0073819,-0.070181,0.094076,0.096578,-0.21641,-0.00036217,0.02011,0.022637,0.024873,-0.032687,-0.036279,0.010075,0.012115,-0.0044825,-0.23331,-0.061105,-0.090494,-0.019402,-0.059579,-0.0020779,0.025042,0.034308,-0.08194,0.02412,-0.022471,0.030136,-0.008972,-0.014617,0.013367,0.0035544,0.052844,0.044615,0.030339,-0.016933,0.0029017,-0.092238,0.086525,-0.15972,-0.0044395,-0.021817,0.015689,-0.0052106,-0.092245,0.018855,0.04103,0.083644,0.042799,0.027547,-0.020559,-8.4051e-05,0.045317,-0.015165,0.0043926,0.1216,0.060219,0.11106,0.015937,0.028646,0.015229,0.0084401,0.0031669,-0.028652,-0.024276,0.00048358,0.056683,-0.0042772,-0.022263,0.05423,-0.022428,-0.08553,-0.017393,-0.018474,-0.00036693
-0.001806,0.049043,-0.13626,0.068537,0.037266,0.065784,-0.16226,0.086475,-0.10127,-0.037992,-0.027909,0.0041046,-0.078428,-0.073793,0.0018964,0.043078,0.036753,-0.047349,-0.012568,0.033698,0.02352,-0.027961,0.022399,-0.026227,-0.027989,0.012754,-0.1025,0.0058749,0.067537,-0.020081,-0.053396,-0.013347,0.0075592,0.03517,0.028759,0.056995,-0.040447,-0.14489,0.010781,0.0099088,-0.0046097,-0.00063061,0.015142,-0.0061126,-0.019223,-0.014623,0.062326,0.060097,-0.026486,0.11218,0.0083555,-0.010245,0.029366,0.0033194,0.017065,-0.053427,-0.0083086,-0.022183,-0.10879,0.0040907,0.0068767,0.011182,-0.014883,-0.042355,-0.0052675,-0.087851,0.0038642,-0.040456,0.10018,0.031596,-0.012458,0.010848,0.006638,-0.023877,-0.0048459,0.0032823,-0.0093307,-0.039567,-0.031506,-0.048999,-0.040963,-0.048108,0.0024253,0.046372,-0.0014512
0.0065176,-0.0018924,-0.0121,-0.025194,0.02856,0.041479,0.0092291,0.014649,0.020719,0.015086,-0.0064142,0.0056068,0.0066832,0.010507,0.0031586,-0.022513,-0.0010152,0.0060544,-0.0092097,0.010751,0.0069786,-0.0045344,-0.00038151,0.00096581,0.0031106,0.01356,0.016318,0.018126,0.0016215,0.0060306,0.037519,0.002857,0.00071675,-0.0026881,-0.024638,0.02052,-0.0052009,0.0096795,0.0068848,-0.0052442,-0.0004956,0.010428,-0.001171,-0.0071976,-0.010847,-0.00025421,0.0025722,-0.0018237,-0.0052222,0.016817,-0.013449,0.010155,0.034101,0.018121,0.021259,-0.0015817,0.006237,-0.02804,-0.013778,-0.0021243,0.013851,0.0095148,0.0026768,-0.0058771,-0.0016051,-0.014579,-0.017428,-0.0022458,0.0021323,0.044162,-0.0026939,0.0034459,-0.0046109,-0.01425,0.0031271,0.003766,0.0031859,-0.012585,-0.041219,-0.0014367,-0.023033,-0.0065404,-0.0008417,-0.0012546,-0.00034034
-0.034901,0.23199,-0.075006,-0.29012,-0.013198,0.076479,-0.060593,-0.0944,-0.12395,0.00029375,-0.009022,0.096818,0.028407,0.0046735,0.0052398,-0.0039629,0.045351,0.0056992,-0.061824,-0.069153,0.0039159,0.0037884,0.035506,0.0016929,0.0014228,-0.012534,0.028892,0.019537,0.04181,-0.037724,0.031077,0.030938,-0.034605,-0.054554,-0.053584,-0.015919,0.0349,0.02419,0.030052,0.024552,-0.0021945,0.016604,-0.025558,-0.00098804,0.010461,-0.0011879,0.021116,-0.07536,0.094241,0.023321,0.047249,-0.0069758,-0.11815,0.04075,0.034527,0.028645,0.010056,-0.12283,-0.0028313,-0.0064504,0.025469,0.021409,-0.02634,0.0032017,-0.028401,0.061442,0.023663,0.046372,-0.02156,0.0024217,0.10111,-0.027779,-0.02109,0.024083,-0.0029425,-0.0025516,0.012555,0.0035508,0.015757,0.055342,0.018131,0.00075847,-0.02366,-0.016834,-0.0011309
0.002765,0.30546,-0.2544,0.15867,-0.05571,0.0035309,0.20747,-0.029507,-0.061499,0.046787,0.023299,-0.041882,0.015618,0.019,0.010466,-0.022552,0.038558,-0.0058927,0.029841,0.066913,-0.047536,-0.012954,0.011008,0.0092264,0.01938,0.056971,-0.012612,0.030122,-0.088072,0.04801,-0.021407,-0.0076367,0.045877,-0.039206,-0.016359,0.086462,0.062364,0.035822,-0.011813,-0.004347,-0.0017997,0.015192,-0.055152,-0.033428,-0.014884,0.040631,-0.022532,-0.014621,-0.079924,-0.10434,-0.034215,0.034512,-0.028363,-0.04298,-0.042154,-0.061931,-0.0075636,0.070278,-0.10989,-0.017807,0.064937,-0.022134,0.1336,-0.038609,-0.010186,-0.053346,-0.05354,-0.023626,0.023884,-5.8557e-05,-0.027572,0.082551,-0.0062447,-0.061789,0.013798,-0.02495,-0.023017,-0.005194,-0.12927,-0.061767,-0.014065,0.074729,0.053311,0.03203,-0.0015863
-0.040701,-0.064944,0.034564,0.073715,-0.029157,-0.075502,-0.047389,0.011849,0.041921,0.084943,0.0016646,0.044493,0.007033,-0.071278,-0.029223,0.048758,0.12334,-0.0070912,-0.021885,-0.059991,0.029267,-0.02244,0.02876,-0.0027075,-0.01596,-0.065329,-0.024789,-0.018153,0.029054,-0.032021,-0.11663,0.010829,-0.0030166,-0.030262,0.046557,0.0056286,-0.020532,0.056275,0.0059873,0.0048091,0.0032398,-0.0026846,-0.076985,0.01857,-0.0020405,-0.020275,0.016417,0.0048391,0.020933,0.010736,0.013158,0.017445,0.040578,0.015755,-0.0016407,0.0044628,0.027695,-0.027003,-0.10968,-0.0099463,0.037315,-0.020799,-0.095954,0.027719,0.034437,-0.033015,-0.008104,-0.0080265,0.022192,0.011554,0.019336,-0.02296,0.0919,-0.0093193,-0.018966,0.019361,-0.011623,0.0095127,-0.028838,-0.0247,-0.040465,0.096013,-0.0074648,-0.016181,-0.0048601
0.016086,-0.070831,-0.0046412,-0.11798,-0.031555,0.012784,0.017419,-0.0055228,0.088895,0.020302,-0.012156,0.015219,-0.021346,0.033447,0.007279,-0.02124,0.046905,-0.017028,-0.03871,-0.025088,-0.003364,0.0031313,-0.0086967,-0.0011514,0.012186,-0.0031813,-0.015221,0.044174,0.017411,-0.019157,0.022855,0.014711,0.0017868,0.012479,0.02679,-0.013068,0.018615,-0.0084541,-0.0083706,0.015097,-0.00084443,-0.016954,-0.02395,0.00095225,0.0035166,-4.4748e-05,0.022728,-0.022127,0.010134,-0.074341,-0.0072547,-0.0091993,0.021309,0.007201,0.0085548,5.8651e-05,0.0097176,-0.072283,0.02004,-0.0010379,-0.01264,-0.0018478,-0.0041619,-0.00091303,-0.0096894,0.02692,0.0010728,0.015546,-0.0090526,-0.022756,0.022442,-0.017888,-0.0043522,0.083633,0.011885,-0.0091734,0.012819,-0.0041504,0.026797,-0.0035359,0.018557,-0.016524,-0.0051813,-0.014285,-0.00090647
0.034657,-0.16062,0.13689,-0.007464,-0.088697,-0.0046033,0.050453,-0.02812,0.17344,0.038326,0.0048797,-0.0031988,0.07236,0.034596,-0.059314,-0.057647,0.042286,-0.0083127,0.064867,0.015851,-0.041906,-0.049031,-0.00017895,0.0046444,-0.037627,0.053907,-0.047354,0.065536,-0.068797,-0.027588,0.0012957,-0.01089,-0.01821,0.023092,-0.0058249,0.049043,0.023768,0.029112,-0.025133,-0.047263,-0.00088537,0.013942,0.1089,-0.022643,0.009065,0.040709,0.059166,-0.10188,-0.063047,-0.00025365,-0.0039159,-0.013277,-0.050982,0.064789,-0.0021289,-0.021429,-0.0092207,0.048661,0.039962,-0.0090626,0.023782,0.036813,-0.024431,0.0044986,-0.0021566,-0.00093687,-0.0048005,-0.0060944,-0.018886,0.0093164,-0.043414,0.007605,0.010922,-0.017396,0.065742,-0.0075884,0.017568,0.0072947,0.023983,0.039465,-0.016829,0.02668,0.012092,-0.036094,-0.0010252
-0.028202,0.18212,-0.020048,0.0013792,0.022356,0.090886,-0.15769,-0.0030568,0.099565,0.050174,0.0024749,0.1418,-0.017171,-0.029114,-0.0073497,0.025431,0.014631,-0.080491,-0.10117,0.003238,0.033827,-0.005057,0.036132,0.025487,-0.029378,-0.0061195,0.079153,0.054375,0.059163,0.0071617,-0.050704,0.030392,0.024497,-0.030352,-0.044606,-0.023234,0.0057779,0.010322,-0.0098149,0.027327,0.0073447,-0.0068174,-0.060442,-0.011429,-0.0086397,-0.025145,-0.0053953,-0.15687,0.050646,-0.06976,-0.0054587,0.025514,-0.067219,-0.0070393,0.072611,-0.01937,-0.0046367,-0.030633,0.03184,0.026407,0.0051411,0.0046149,-0.041399,-0.023303,0.0036712,0.025109,0.0011003,0.0023725,-0.00097693,0.019768,0.034318,-0.026748,0.0031031,0.03685,-0.026176,0.085771,0.0031957,0.022295,0.09288,-0.056377,0.0026542,-0.011439,-0.028239,0.014086,-0.00086617
-0.02463,-0.087221,0.060909,0.15916,0.026317,0.031495,-0.014661,0.12474,0.059764,-0.067896,0.0080663,0.036443,0.010411,0.053256,-0.024516,-0.028455,-0.16929,0.039814,-0.0043878,-0.015847,0.0055351,-0.017396,0.0023144,0.032605,-0.010139,-0.0034322,-0.020075,-0.042485,0.02267,-0.021975,0.0050163,-0.024882,0.017568,0.014404,-0.094179,-0.02112,0.018465,0.054896,0.019292,-0.029947,-0.016568,-0.0096964,-0.070715,0.040321,-0.008298,-0.038821,0.0046602,0.22134,-0.082614,0.026925,-0.029213,0.019743,0.016469,-0.046912,-0.014356,-0.044236,0.023778,-0.039825,0.099357,0.0099424,0.044136,0.014602,0.032831,-0.029948,0.0036831,-0.0309,-0.0036396,0.024513,0.022042,0.12245,-0.02379,0.012067,-0.028032,-0.067803,0.014706,-0.02032,0.10243,-0.00049235,-0.05192,-0.033336,-0.041476,0.055413,-0.023824,-0.013763,-0.00074251
-0.019394,-0.12214,0.018414,-0.18193,-0.023306,-0.080776,-0.08907,0.039386,0.10319,-0.027735,0.034982,0.040893,0.0093573,-0.026066,0.017618,-0.064481,0.093914,-0.0079348,0.0012092,-0.024261,-0.036289,-0.023294,0.0094874,-0.0087422,0.00055347,-0.047084,0.099453,-0.010237,-0.010379,0.026527,-0.026612,0.017407,-0.0083853,0.037184,-0.011913,-0.009712,0.033768,0.1611,-0.022701,0.01161,0.012745,0.011249,0.01294,-0.015889,0.010783,0.0023889,-0.11711,0.015846,0.015613,0.0012663,-0.014143,0.041629,-0.040049,-0.068842,0.081237,0.0011921,-0.007635,-0.023355,0.02707,-0.0063887,-0.012414,0.0059726,-0.025013,-0.0075415,0.013277,-0.0029676,0.00027263,0.015759,-0.019713,-0.012502,0.0053975,0.0030711,-0.0068026,-0.012475,-0.02049,-0.015306,-0.00076457,0.085703,0.11201,0.024928,0.042516,-0.037074,0.021422,0.013962,-0.0010024
-0.0049912,0.020785,0.011635,-0.034971,-0.013136,0.019141,0.0055852,0.0010425,0.023208,-0.022808,0.019788,0.034976,-0.0092724,0.010188,0.0064458,-0.024567,0.01436,0.014672,0.016933,-0.0021151,0.012507,-0.014266,-0.0085598,-0.0059571,-0.013057,-0.00054057,0.03953,0.02596,0.0089336,0.0054114,0.015271,0.0034081,-0.017771,-0.0015423,-0.030276,-0.011075,-0.0066557,0.062105,-0.0007242,0.0054466,0.0007354,0.0061837,0.014034,-0.0087011,0.0054345,-0.0061363,-0.011374,0.021348,-0.009724,0.018029,0.010561,-0.0072493,0.0052787,-0.0045323,0.031885,0.014363,0.0049155,0.018598,0.040949,0.010818,0.011393,-0.0076807,-0.013834,-0.0047717,0.0059498,0.0072839,0.016131,0.0082573,-0.0014796,0.022716,0.0041713,-0.0043579,-0.00067205,-0.0053242,0.0079012,0.0031656,-0.0051829,0.0065342,0.091859,0.0085154,0.010876,-0.017276,-0.0024661,-8.9047e-05,0.00012468
0.0025448,-0.015831,-0.0070348,0.045143,-0.01583,-0.0061597,0.0051288,0.0046729,-0.008856,-0.04992,0.002634,0.0091031,0.0039995,-0.0018882,-0.0067449,0.0019275,-0.0077368,0.011525,0.0021168,-0.0022579,-0.0090142,0.01289,-0.0081222,0.01777,-0.0045528,0.01797,-0.0021909,-0.019024,-0.014657,0.018334,-0.015152,-0.0069926,-0.018313,0.0072773,0.0080544,0.015757,-0.02512,-0.013151,-0.0015492,-0.013896,-0.0020677,0.0066126,0.00453,-0.0073546,0.00042124,0.0025338,-0.00075635,0.041924,0.016866,0.048559,-0.0045997,0.0049458,-0.045789,0.0031086,-0.020591,0.016209,0.011225,0.00066594,-0.015604,-0.019364,-0.011124,0.016988,-0.006506,0.0033631,0.012888,0.030406,0.0091737,0.0066699,0.0021596,0.0095982,-0.0093904,0.0041832,-0.0013171,-0.0021716,0.0003456,-0.0020771,-0.0065072,-0.0012877,-0.013889,0.054029,0.0073569,-0.0086578,0.0047189,0.015302,-0.00032853
-0.032988,-0.090191,-0.09496,-0.060729,-0.051103,-0.013514,0.00074235,-0.026053,0.013613,-8.1106e-05,0.01048,-0.029138,0.021189,0.014428,-0.04203,0.013801,-0.038194,0.0075489,0.054248,0.01935,-0.016061,0.02617,0.0025005,0.0043767,-0.015387,-0.0083154,0.085372,0.01371,-0.0046374,0.0020126,-0.022164,-0.0046122,-0.00011597,0.030086,0.015685,-0.014555,0.033467,0.065715,-0.025078,-0.0098172,-0.0072161,0.0032894,0.01989,0.027675,0.010093,0.024391,-0.035594,-0.061914,-0.0066763,-0.039781,0.00077544,-0.020583,-0.046151,-0.044145,0.015854,-0.0038943,-0.0090982,0.048801,0.030227,-0.01196,-0.021876,0.012267,0.019956,-0.0052457,0.01996,-0.00085997,0.027161,0.011124,-9.0554e-05,-0.030971,0.0034828,0.0020686,0.015684,-0.0092324,0.0078565,-0.0039112,0.0060362,0.0060263,0.0648,0.056149,0.063876,0.017918,-0.022439,0.0046228,9.1066e-05
-0.0062167,-0.11162,-0.021071,-0.053694,-0.0115,0.01129,-0.03358,0.013542,0.042613,0.04538,0.0058214,0.017707,0.0379,-0.029842,-0.010895,-0.023307,0.052878,-0.03369,0.013986,0.026243,-0.0014819,0.006147,0.010785,-0.0046398,0.017586,-0.020722,0.068215,0.0064901,0.046262,-0.011969,-0.0031228,-0.0010505,0.017387,-0.021128,0.0013191,-0.025794,0.0095386,0.035834,0.0064638,0.0080893,-0.001821,-0.00031169,-0.022333,-0.0082692,-0.0025108,-0.0041134,0.0070298,-0.01982,0.01348,0.029845,0.0083784,-0.0032194,0.035102,-0.0017995,0.025585,-0.0032496,-0.023735,0.0033382,-0.033977,0.0043345,0.0122,-0.0064155,-0.00056742,-0.0084023,0.0064953,0.0045805,0.00092224,-0.0030509,-0.010289,-0.010199,0.0044965,-0.0040439,0.011372,0.0049516,0.0018437,0.0065246,-0.0011277,0.02276,-0.033436,-0.040309,-0.0064986,0.10407,0.0078563,0.0015129,0.00061453
0.029766,0.29031,-0.0062071,-0.034938,0.035396,-0.012755,-0.091913,-0.029634,-0.026495,-0.0035501,0.010382,-0.095491,0.012718,0.0071049,-0.054613,-0.034632,0.12559,-0.01221,-0.0097198,0.05053,-0.034409,-0.010937,0.0024402,-0.019945,-0.00037745,-0.0095119,0.031772,0.0035416,-0.009377,0.020537,0.060285,0.022538,0.016104,-0.04095,-0.022058,-0.012809,0.05065,0.028044,0.024885,0.078521,0.016936,0.028615,-0.050778,0.02795,0.0048884,0.023927,-0.024302,-0.084034,0.048592,0.075553,-0.0035291,0.0081972,0.058715,0.023134,-0.03762,-0.0032882,0.0001522,-0.013275,-0.091531,-0.020171,-0.011954,-0.0022494,-0.0055632,0.033195,0.0080189,-0.0099151,-0.023825,0.0045773,-0.039302,-0.036705,-0.006187,-0.0059491,0.013885,0.0076626,0.020888,0.0025741,-0.028649,0.015219,0.075736,-0.016847,0.016115,-0.015299,0.062821,-0.0058442,0.0001133
-0.0033353,0.1382,0.01378,0.03566,0.021908,0.0082658,0.059193,-0.02546,0.033848,-0.052869,0.023749,0.011322,-0.066382,0.032519,-0.0020098,0.053351,0.019349,-0.021012,0.027966,0.043801,-0.013454,-0.016874,0.045624,0.018616,0.035616,0.009867,0.049197,-0.012451,0.017703,-0.017365,-0.020495,0.0064536,0.036472,0.028844,0.10613,-0.036852,-0.0058339,0.014178,0.0024093,0.0068666,0.00796,0.014515,-0.020364,-0.009924,-0.00038703,-0.004952,-0.048902,0.017292,0.016532,0.058031,-0.025728,-0.059146,0.015799,-0.014596,0.029301,-0.026396,-0.033673,0.066559,0.0095843,0.007169,-0.017887,-0.0087632,-0.017733,-0.0045082,0.014887,-0.012901,-0.0039622,-0.022967,-0.013852,0.0036944,-0.024179,0.016593,0.023544,0.014458,-0.006426,0.0090607,-0.020979,0.0025419,0.019583,0.0060478,-0.075034,-0.042984,0.029619,0.062325,0.00069783
0.19283,0.65245,-0.11119,0.24735,0.41787,0.30417,0.52282,0.97126,-0.055431,0.55376,0.095481,0.40037,0.17903,-0.016974,-0.034098,-0.033146,0.61169,0.11759,0.074679,0.53422,0.46637,0.34032,0.54456,0.28905,0.080048,0.32058,-0.11465,0.36282,0.086605,0.57516,0.15497,0.51209,0.33767,0.14055,0.13873,0.073925,0.35939,1.1918,0.17319,0.38965,0.32021,0.29425,0.74758,-0.072157,0.18677,0.20857,0.24706,0.63052,0.82144,0.20565,0.53358,0.25137,0.78532,0.1567,-0.14699,-0.074052,0.54469,0.63562,0.60746,0.33365,0.68389,0.49727,0.90937,0.049712,0.34587,0.40156,0.18921,0.15419,0.085313,0.2902,-0.022624,0.1126,0.15354,0.036897,0.25484,0.065365,-0.029416,0.026265,0.71395,0.37118,-0.0096814,0.078443,0.24422,0.021172,0.95831
