-0.98374,-0.53535,-1.1542,-0.55558,0.70863,0.72874,4.1315,-0.53309,-0.28754,2.6978,0.39503,-2.4537,-3.9834,-0.11422,-2.398,-0.26085,-1.9861,0.064835,-0.83011,-3.0537,-1.7255,-2.1838,-3.4465,-1.03,-0.34431,-0.90089,0.25008,-2.2576,3.876,0.41022,2.934,1.2586,-1.6318,0.23128,1.025,0.65657,-0.8206,-2.6807,1.1672,-1.0776,0.82486,0.49255,7.3065,1.8169,2.2534,1.3134,-0.95895,-2.4055,-2.1072,-2.2339,-0.64173,1.6099,4.8737,-1.3871,2.3299,2.3898,-0.98288,-2.1076,-1.1734,-0.96114,-0.41526,2.1704,-1.5614,3.0004,2.1987,5.035,1.8046,1.8833,1.895,-1.1009,2.2829,1.5744,2.0487,5.375,1.2373,3.9586,2.1616,4.482,0.34891,2.3605,3.5868,2.0162,0.61646,1.8271,0.18683
0.10628,0.16267,-0.0037408,0.049896,-0.064701,-0.069345,-0.06861,-0.062136,0.0017274,-0.067238,0.03266,-0.18955,0.050439,-0.0012202,0.032261,0.052576,-0.0048071,-0.0097899,-0.039694,-0.02928,-0.0061167,0.0035862,-0.037234,0.081211,-0.030927,0.026883,-0.14327,-0.046684,-0.11231,0.017441,0.094161,-0.024219,-0.0033316,-0.039432,-0.072226,0.047736,-0.043662,-0.017181,0.0048658,0.042846,0.002322,-0.014661,0.0023529,0.036736,-0.00066708,0.010762,-0.070872,-0.20957,0.0078697,-0.13999,0.069386,-0.0074234,0.012174,-0.014062,0.039618,-0.011586,0.073069,0.052289,0.022113,-0.044334,0.045821,0.042253,0.083455,-0.007467,0.010082,0.063725,-0.014984,0.023956,-0.038472,-0.094871,-0.0054711,-0.0032743,0.0074135,-0.040812,0.031006,-0.0075326,0.00546,0.011868,0.016141,0.028183,0.052355,0.038596,0.040001,-0.024009,-0.0013074
0.0011985,0.070821,0.002884,0.0070433,-0.0010668,0.014022,-0.022742,-0.0097254,-0.0055569,-0.0071841,0.00092367,0.013425,-0.00082093,-0.0021054,-0.005607,0.0015524,0.0049705,0.0028364,-0.0037517,-0.0034793,0.00089917,0.0016155,-0.00031415,0.0062096,0.0031949,0.0097913,-0.0011692,-0.013069,0.0061116,0.0082688,0.0079504,0.0020557,-0.0045634,-0.0059481,-0.0034786,-0.0045535,-0.0033286,0.001575,0.0044081,0.0051752,0.00066715,-0.00045848,-0.0028095,-0.0032484,-1.5483e-05,0.00090466,-0.0080876,0.014491,0.0075323,-0.0037921,0.0021836,-0.014168,-0.0090944,0.00085442,-0.00016796,-0.0050564,0.0049329,-0.0052135,-0.0052021,0.0035084,0.0034628,-0.0070664,0.0011567,-0.0036299,-0.0047274,0.0061452,-0.0051611,-0.0011528,0.0014846,0.0014243,-0.0011401,-0.0029423,0.0041714,0.0054999,-0.0039392,-0.00050638,-0.00015148,0.0012963,-0.0013202,0.00096229,-0.0036679,0.0087551,0.0030999,0.004206,-0.00024036
0.00042815,-0.032754,0.043478,0.012888,0.0066144,-0.015597,-0.012868,0.0067663,0.042548,0.013388,0.0020591,0.010004,-0.0053379,0.0029915,0.0055385,0.0043728,-0.024826,-0.00015356,0.002204,-0.0097401,-0.0068696,-0.0011583,-0.0093528,0.00668,0.018947,-0.003365,-0.02758,0.0073909,-0.013664,-0.00096506,-0.010746,-0.002286,0.0079799,0.0020507,-0.019926,-0.0012459,-0.0064166,0.010196,0.00019082,-0.0058313,0.0038418,-0.0058002,0.010417,-0.0013761,0.00046583,0.0029432,0.0020615,0.017407,-0.0047234,0.0039136,-0.0013364,0.003547,-0.0136,-0.011504,0.0027124,-0.0053151,0.0012274,-0.010314,0.023768,-0.00057919,-0.0017758,-0.0028713,0.00073621,0.0092672,-7.7691e-05,-0.00081846,-0.0049138,-0.0023017,-0.0043002,0.0025683,-0.002184,0.0025055,0.001587,-0.0041275,-0.0028373,-0.004988,0.00097292,0.0089587,0.0073054,-0.0028799,0.0039454,-0.011621,-0.0082313,-0.0059077,-0.00045559
-0.0041602,-0.035102,-0.010412,0.10304,0.0060615,-0.013128,-0.024955,0.020205,0.00085065,-0.0013858,0.00096682,-0.0069181,-0.0071816,-0.0036693,0.0022737,0.013114,0.018648,0.0045849,0.0026606,0.015233,0.0034095,-0.0070448,0.0021461,-0.006592,0.003933,0.006119,-0.034395,0.011137,0.012041,0.0042219,-0.019268,0.00030453,0.010181,-0.0017311,0.0048766,-0.0077343,0.0048234,0.005795,-0.0019656,-0.00068811,-0.00053987,-0.0011367,0.0038238,0.0018995,0.0020683,0.00031565,0.015994,-0.006893,-0.0032273,-0.0077306,-0.0076405,0.0055628,0.0096925,-0.00045397,-0.0095587,0.014517,-0.0053801,0.031655,-0.017366,-0.0057758,-0.0099616,0.00087802,0.0040668,0.0063121,0.0051321,0.0025566,0.0080538,-4.8844e-05,0.0023235,-0.0067822,-0.0095814,0.0062482,0.0061609,-0.001103,0.0010284,-0.00044515,-0.0033015,-0.00048348,-0.001426,0.00083677,-0.0053013,0.028089,-0.0028121,-0.0029911,0.00021316
0.0067458,-0.053307,0.046721,0.0071048,0.03398,0.015348,0.0081942,0.0026158,0.015236,0.010535,-0.010541,-0.0061924,-0.014173,0.021788,-0.015232,0.0075445,0.025078,0.0058344,-0.013151,-0.00020708,0.0016151,0.01658,0.022507,-0.013095,0.0081721,-0.013454,-0.010387,0.0092984,-0.0004037,0.018592,0.014372,0.0069987,-0.0035301,-0.0045176,0.027287,-0.0015403,0.015399,-0.043271,0.010887,-0.0067654,-0.00047596,0.0079916,-0.019454,-0.013264,0.0011627,-0.0026186,0.0011796,0.042251,0.018453,0.02761,-0.0035762,-0.0087954,0.039171,0.012235,-0.011136,0.0096082,-0.0068255,-0.0011901,0.0060392,-0.0049995,-0.0013796,0.0082374,0.0075078,0.0040016,-0.0018327,0.0036695,0.0039848,0.00030271,-0.012905,0.0043164,0.0022405,0.0081622,-0.0036432,0.012475,0.002089,-0.00011884,-0.0010754,-0.0079203,-0.017442,0.0015945,-0.004952,-0.0042562,0.010518,0.0046216,-3.633e-05
0.008948,0.0090278,0.039649,-0.055165,-0.010733,0.10795,-0.021794,0.014604,0.033631,0.032701,-0.0017585,0.034057,-0.017397,0.022844,-0.012088,-0.032532,-0.069199,0.0021131,-0.0011595,0.0032858,0.014926,0.0064289,-0.0050039,0.018172,0.011568,0.030983,0.04092,0.016799,0.003524,-0.004825,0.031546,-0.0017718,0.014996,0.016213,-0.014933,0.0084164,0.0054467,0.049184,0.015062,0.00062602,0.005164,-0.0069216,0.0040106,-0.018149,-0.0050793,-0.00080473,0.010129,-0.035485,-0.015245,-0.065005,-0.0067947,-0.011355,-0.020951,-0.0049796,0.0045594,-0.034469,0.0035004,-0.035515,0.019013,0.014332,0.021004,-6.3343e-05,0.036137,-0.0092478,-0.00026324,-0.0095564,-0.015561,-0.005355,-0.0015216,0.012503,-0.00031196,0.0055599,-0.0071464,0.029529,0.0096237,0.0024903,0.018831,-0.0034706,-0.013993,-0.02815,-0.0034339,0.0051511,-0.0044571,-0.0046297,-9.0737e-05
0.0052972,0.0089737,0.012706,-0.020625,-0.0090878,-0.0040641,0.077051,-0.013847,-0.0064269,0.001303,-0.0023066,-0.0017632,0.0024707,-0.00023862,0.0094656,-0.0078674,-0.0076217,-0.0032255,-0.001468,0.00043874,-0.0082781,-0.0034291,-0.0086869,0.0040535,0.0011244,0.0084149,-0.027156,0.0004289,0.0015081,-0.0010176,0.0079067,-0.001475,-0.0049528,0.0062154,-0.014483,0.0067184,-0.0031739,0.019597,-0.0035479,-0.0012259,0.0014719,-0.0048846,0.0078966,-0.0043133,-0.0033957,0.0023558,0.0093257,0.025559,-0.0062739,-0.0033863,-0.00023797,0.015131,-0.0089451,0.00096868,0.010509,-0.012701,-0.015335,-0.018549,0.0012389,-0.00096466,-0.0016073,-0.010861,0.0062265,-0.00025009,-0.00083367,-0.0042855,-0.0027289,0.0023158,0.0024769,0.011684,1.2661e-05,0.00044497,0.00055943,-0.0088798,0.0033241,-0.004329,0.0032743,-0.0043238,-0.012266,-0.003865,-0.01361,-0.0055252,0.00025718,-0.0064404,-0.00109
-0.0082528,-0.20338,-0.029058,-0.073325,0.02723,-0.0034762,-0.010024,0.1298,0.056891,0.060099,-0.017119,-0.017251,-0.017906,0.0018081,0.0040932,-0.0096236,0.044239,-0.010949,0.02016,0.031828,0.030072,0.0043292,0.03108,-0.02934,-0.0027955,-0.019837,0.076999,0.04687,-0.0017974,0.0023004,0.0027702,0.00072322,0.0088915,0.021163,0.016291,0.019544,0.031346,-0.034191,-0.0082578,0.0056998,-9.06e-05,0.00089659,0.056316,-0.026855,-0.0047435,-0.011057,0.047493,0.018183,0.032209,0.03703,-0.011182,0.015688,0.032464,-0.0034163,-0.0089295,-0.015223,-0.0035373,-0.023949,-0.0060343,-0.012403,0.0032338,0.033745,0.0055209,0.013015,0.0016096,-0.012814,5.7675e-05,-0.00070596,0.015945,0.0064313,0.0031779,0.013443,-0.0047319,0.00557,0.011087,-0.0029147,0.010654,-0.0056847,-0.031689,-0.014683,0.003851,-0.030462,0.0087783,0.0028521,-0.0010334
0.0036387,-0.03172,0.012178,0.0090315,-0.030655,-0.020407,-0.014431,0.0049806,0.087486,0.0095528,0.013627,-0.0010699,0.0069446,0.011672,0.0098856,0.0084067,0.0097439,-0.00029327,0.019654,-0.013256,-9.863e-05,-0.024647,0.0033009,-7.2637e-05,-0.0078372,0.0032073,0.0073394,0.032288,-0.0144,-0.0087715,-0.0052647,-0.00028142,-0.0030532,-0.0020857,-0.01088,-0.00089985,-0.0046606,0.0017599,-0.0052058,-0.00044841,0.0026411,0.0021452,0.019394,0.0069254,-0.00030629,-0.0045263,0.010106,-0.0088711,0.0029172,-0.019291,-0.0017926,0.01481,0.015665,-0.00042835,0.008282,0.022745,0.017926,-0.01471,0.0072759,0.0025557,0.00044469,-0.012528,0.0010195,0.005616,0.003147,-0.0012199,-0.00091351,0.0044811,-0.0041674,0.0097269,-0.00033696,-0.0016201,0.0078865,-0.0017293,-0.0033121,-0.0043047,-0.0038658,0.003771,0.020086,0.0026206,0.0067089,-0.018596,-0.0048969,-0.0027904,0.00072893
-0.0059003,-0.018134,0.010963,-0.053682,0.019775,-0.0027408,0.038779,0.0015793,0.030038,0.071962,-0.00026215,-0.0080369,0.015356,-0.013692,-0.0064685,0.0086747,0.012966,-0.0022602,-0.0017195,0.0038986,0.0067247,0.0093562,-0.0021724,0.010589,0.0095209,0.01172,0.020127,0.010812,-0.0157,0.010195,-0.011479,-0.0011333,0.00036439,-0.011511,-0.0064076,0.0090472,-0.016922,-0.044013,0.0088394,0.0060379,0.0072545,-0.0061301,0.021183,0.0059892,-0.0051604,0.0028188,0.016973,0.040287,0.0057656,0.039911,-0.0075247,0.0017629,0.027935,0.017031,-0.024127,0.0052873,0.01636,-0.027221,-0.002946,0.01249,-0.001273,-0.0030141,0.009954,-0.00096581,-0.0079348,0.007742,-0.013992,-0.0044529,-0.0058724,0.0034232,0.00908,-0.0041688,-0.0012653,0.0090807,-0.0041643,0.0041404,-0.008366,-0.0034626,-0.018036,-0.0012942,0.010348,0.0024468,0.0018316,0.0019776,-0.0002703
-0.0088589,0.12659,-0.090354,0.084906,-0.056977,-0.064425,-0.036106,0.011665,0.024121,0.1046,0.072701,0.070473,0.015685,-0.025287,-0.0076534,0.017442,0.010621,0.061312,0.043713,0.016984,0.045495,-0.08335,-0.033052,0.013857,0.055652,0.01929,-0.081919,0.093051,-0.029038,0.046155,0.021692,-0.016126,0.011588,-0.014564,-0.051918,0.031703,-0.061993,0.10871,0.03517,0.0014026,0.010172,0.0081994,0.099691,0.042294,0.0045831,-0.0022196,-0.044587,-0.14262,0.028246,-0.070678,0.024083,-0.031229,0.037248,0.0062497,0.021068,0.085023,-0.0028597,-0.033497,0.01418,0.018675,0.019257,-0.046727,0.056214,-0.039834,-0.0040522,0.010226,-0.017773,0.0085291,0.022815,0.025342,-0.019589,0.010644,-0.0085763,-0.054652,-0.026959,0.0028329,-0.045645,-0.0036784,0.074698,0.050816,-0.01772,-0.028254,0.0072119,0.0005052,0.00060251
0.005868,0.022217,0.071767,-0.043863,-0.003334,0.020817,0.0017332,0.019423,0.067189,0.040176,-0.0043058,0.11053,-0.012615,0.045304,-0.021052,-0.043116,0.0050065,-0.014588,-0.030857,0.0047852,0.0009365,0.012488,0.0056687,-0.014276,0.009186,-0.0029321,0.064068,0.0004234,0.0062546,0.010673,0.0034399,0.00060505,-0.024974,0.017377,0.010284,-0.014463,-0.020097,-0.045595,0.012206,0.01372,0.0067097,0.00554,-0.023566,-0.016838,-0.0070343,-5.365e-05,0.0024565,0.026442,0.0052527,0.053715,0.0052145,-0.022209,0.014712,0.01039,0.019677,-0.0026545,-0.018286,-0.030942,-0.037349,0.0017116,0.010298,0.013867,-0.0016607,0.014518,-0.0030026,-0.0018342,-0.0054776,-0.0053462,0.016949,0.0048795,-0.0066366,-0.0021422,0.003126,0.013674,0.0012523,-0.016063,0.002463,0.0068493,-0.019431,-0.0022734,-0.013973,0.0093397,0.0062002,0.01421,0.00059957
0.0014794,-0.056635,-0.038271,0.010254,0.0081923,0.00091995,-0.040014,-0.0088921,0.025881,-0.022873,-0.0003434,-0.024018,0.049651,0.010274,-0.038776,-0.009987,-0.0043831,0.014755,0.019769,0.033317,-0.018457,0.02334,-0.005838,0.012413,0.013006,0.011633,0.0013335,-0.02353,0.0133,0.0048175,-0.0053883,-0.0040797,0.0048314,0.0052936,-0.053049,0.010271,0.014864,0.026818,-0.019026,-0.008477,0.0055194,0.013078,0.00050182,0.012191,-0.002555,0.015192,-0.00044374,-0.035575,-0.0032099,0.016948,-0.0024086,0.0070302,-0.027754,-0.011922,0.017529,-0.012645,0.0039519,-0.022046,0.035407,-0.002042,-0.0080469,0.020474,0.0074836,-0.013463,0.0011741,0.012611,-0.0020477,0.010002,-0.0031457,0.0074283,0.0006053,0.0012562,-0.0010554,-0.023435,0.0084812,-0.0033002,0.014828,0.003989,-0.044769,0.035133,0.017837,0.0037763,-0.0026383,-0.0011199,0.000161
0.012632,0.016079,0.040934,0.033556,-0.021655,-0.0023687,0.071355,-0.040701,0.074477,0.014905,0.0069368,-0.0051159,0.035266,0.080959,0.0031634,-0.022168,-0.037959,0.0075197,0.0020336,0.006824,-0.0034373,0.023381,0.0033777,0.006279,0.019838,0.0067794,0.0079952,0.025986,-0.029188,0.0097537,0.019175,0.013643,0.0038939,-0.01901,-0.010642,-0.018942,-0.0060253,-0.0013706,-0.018003,-0.0033636,0.00039496,0.010434,-0.022437,0.016685,-0.0085963,0.0074217,-0.009042,-0.048987,-0.011541,-0.028472,0.01005,0.00090742,0.017605,-0.00050216,-0.021693,-0.015822,0.017393,0.026789,-0.012675,-0.015368,0.024713,-0.0055087,0.041891,0.032017,-0.0047078,0.0012279,-0.0046253,0.0035512,-0.0046574,-0.020249,0.0013149,0.011718,0.015913,-0.0096583,0.0039693,-0.013662,-0.004548,-0.0014553,-0.043544,-5.299e-05,0.014159,0.0025732,0.01053,-0.0099105,0.0012277
-0.00038517,0.077855,0.0037877,-0.049201,0.001298,-0.016331,-0.0092118,-0.0031577,-0.040807,-0.02315,0.012628,-0.013714,-0.0014579,-0.028461,0.020217,0.0019797,-0.0026368,0.0097402,-1.0514e-05,-0.0047787,-0.013191,-0.026582,0.0061538,-0.005122,0.0030493,-0.0021415,-0.012398,0.014252,-0.035301,0.0014441,0.004887,0.0030939,0.015576,-0.020722,-0.014492,0.018066,-0.003442,0.018816,0.0084343,0.005564,0.0050794,-0.0084112,0.020265,-0.0015208,0.0044862,0.0049874,0.013524,-0.0046352,0.010736,-0.032473,-0.011274,0.011813,-0.016277,0.016308,0.027943,0.025516,0.025038,-0.001288,0.0071162,0.0055908,-0.0099139,-0.0085865,0.0081136,-0.0010254,0.00076587,0.0018221,0.0039818,0.0043481,-0.0085928,-0.004344,0.0039735,0.0044588,-0.0077308,-0.0001387,0.0033687,0.0037456,-0.010094,0.0057978,0.015525,0.014801,-0.0064958,-0.0095994,0.00097219,-0.014588,0.0003288
-0.035439,0.075735,-0.10426,0.06934,0.069032,-0.013589,-0.0035934,-0.036391,-0.13729,-0.0076116,0.0058865,-0.027401,-0.0014655,-0.0013221,0.0032933,0.08556,0.0084494,0.018578,-0.025724,-0.022017,0.0012494,-0.0077785,0.029378,0.002957,-0.00077081,-0.0088351,-0.099862,-0.0096148,-0.013216,0.0029384,-0.010248,0.013154,-0.0014304,-0.021374,0.05764,0.0054496,-0.0028246,-0.034933,0.0084988,-0.0118,-0.0066231,-0.0034231,-0.042948,0.016446,0.0066137,-0.0076724,0.019375,0.049475,0.038549,-0.0072404,0.0050018,0.0010114,0.01403,0.0053794,-0.0074299,-0.00052646,-0.014075,-0.015077,0.0045763,-0.0075245,-0.028243,-0.043364,-0.0072863,-0.010093,-0.0026834,0.0081116,0.0078014,0.0085132,-0.0094919,-0.010277,0.027544,0.0050752,0.0015097,-0.0097944,0.0019811,2.1872e-05,-0.0071072,-0.017354,-0.0061559,-0.031252,-0.0096708,0.057163,0.010055,-0.0016872,-0.00063385
0.0036353,-0.053292,0.0071105,-0.033851,-0.01481,0.0047383,0.015229,0.0021426,0.032477,-0.010929,0.0015833,-0.004337,0.0066022,0.0058048,-0.0067782,-0.0080831,0.088019,0.0029629,0.0074423,-0.006819,-0.0029425,-0.018391,0.0076636,0.0026809,-0.016913,0.0014691,-0.0093851,0.013537,0.0081647,0.0030135,0.0057777,-0.00094014,-0.014165,-0.0072933,0.0065415,-0.00071949,0.014879,-0.021453,0.0010223,0.006486,-0.0025308,0.0030742,0.010375,-0.0083721,0.0019631,0.0025427,0.0085513,0.016927,0.0016683,-0.014046,-0.010654,-0.010632,0.011603,0.013243,0.016989,0.0082779,0.00095795,0.024806,0.014437,-0.0028956,0.0027889,0.006771,-0.0095932,-0.00042738,-0.0054986,0.0055104,-0.0064957,-0.0024718,-0.0076351,0.0014831,0.0017737,-0.0020992,0.00056461,0.0068051,0.010818,0.00206,0.0013536,0.0022884,0.033771,0.01356,0.0043355,-0.0034603,0.0033013,-0.010329,0.00010498
0.0019135,-0.04134,-0.098995,0.083863,0.0079618,0.004665,0.0097322,-0.0048354,-0.003941,0.067819,0.0013143,0.011318,0.049738,0.022911,0.01764,0.016542,-0.034106,0.041524,0.0055012,0.015522,0.0059362,0.049406,-0.005674,0.016436,0.032926,0.011625,0.077721,-0.029153,-0.003218,0.020905,0.022659,-0.0036844,-0.010444,0.023393,0.014393,0.0044533,0.0068349,-0.048054,0.0048261,-0.0062576,0.0043325,-0.0016492,-0.019462,0.012609,-0.0030721,-0.0081132,0.0078722,0.024384,-0.015601,0.026672,0.014112,0.018873,0.020366,0.024039,-0.027149,0.0030816,0.013195,-0.053959,0.019161,0.015651,-0.0062754,0.015037,0.016253,-0.0017858,-0.0071473,0.024468,-0.00031131,-0.0089722,0.023343,0.027897,-0.0048161,0.007513,-0.027891,0.015473,-0.0080987,-0.00086118,-0.00055823,-0.012502,-0.058213,0.011186,-0.0076041,0.035014,0.0075679,0.0076575,0.00060188
-0.0043301,-0.14749,0.021782,0.054801,-0.012118,-0.01653,-0.035733,0.0084718,0.0043897,0.0089344,0.0010557,-0.03588,0.015266,-0.0024006,0.015774,0.01395,-0.049014,0.012399,0.060283,0.01622,0.0042559,-0.0042883,-0.011698,-0.0099913,0.0066651,-0.018167,-0.013174,-0.010383,-0.015589,-0.018583,-0.0013377,0.0018826,-3.3547e-05,0.017908,0.031106,0.015844,-0.0052487,0.032548,-0.00057057,-0.0092417,-0.00077452,-0.0004291,0.045284,0.014501,0.0063873,-0.0057166,-0.007593,0.015136,-0.014628,0.038244,-0.0038204,-0.017019,0.039838,-0.0045965,0.006938,0.025083,0.0014539,-0.000174,0.0092155,0.024799,0.0030252,-0.010268,0.029746,-0.00022659,0.00052178,-0.01035,0.0044587,0.00010423,0.01757,0.022932,-0.011535,0.0026093,0.00010393,-0.018053,-0.0085446,0.0073607,-0.0079383,-0.014801,-0.0033811,-0.013962,-0.0069169,-0.014835,-0.0087829,0.007883,0.0010476
0.0038331,-0.071881,0.024684,-0.047779,0.0035323,0.0045349,-0.011934,0.042564,0.080966,0.023653,-0.007859,0.017324,-0.0098104,0.04111,-0.03523,-0.018139,-0.086432,-0.015485,0.016679,0.058241,0.0045609,0.035931,-0.002882,-0.0031373,0.015595,0.0094318,0.040594,0.013973,0.022048,0.019822,-0.024395,0.0058061,0.018432,0.020769,-0.010423,0.027353,0.017853,0.036508,-0.014311,0.015403,0.01198,-0.00023491,0.039332,-0.018196,-0.0082005,0.0053886,0.026152,-0.041043,-0.030271,0.009054,-0.01023,-0.0026524,-0.0014412,-0.031443,-0.020575,-0.016461,-0.0030318,0.025558,-0.026162,0.010531,-0.018387,0.0052713,0.01307,-0.0024243,-0.0028885,0.0077172,0.0070019,0.0010048,0.010242,0.0059095,-0.0028147,0.0078541,-0.0026496,0.018288,0.00015212,0.01243,-0.0054175,0.0023208,-0.012604,-0.020407,-0.0079452,-0.039121,0.0066841,0.0060954,-0.0015516
-0.019596,-0.062855,0.0058901,0.061862,0.0071405,-0.015498,0.10004,0.051378,0.016092,0.0062516,-0.0058283,0.047951,-0.019056,-0.00090344,0.029871,-0.0071201,0.026582,0.0053463,-0.0035515,-0.022097,0.09967,-0.0086185,0.033752,-0.011438,-0.013428,0.017801,0.021079,0.021882,0.0069261,-0.0036253,-0.038336,0.0083732,-0.0086504,0.0002794,0.01657,-0.010193,-0.016607,-0.0020611,0.020817,-0.013789,0.0064511,-0.013193,0.045807,-0.0077235,-0.0013395,-0.019976,0.05908,0.036439,0.027558,-0.013389,0.01373,-0.01009,0.044194,0.05608,-0.035652,-0.020734,0.029366,0.047158,0.030603,0.0063725,0.022984,0.0028799,0.012398,0.015428,0.0094955,0.034679,0.024139,0.0034061,0.0046028,-0.013708,0.0052665,-0.012686,0.010936,0.018078,0.013007,-0.0042985,-0.00083153,-0.015835,-0.0082863,-0.014853,-0.013806,-0.00030046,-0.013451,-0.022196,0.00029624
0.0057335,0.01857,0.061517,-0.032536,0.051029,-0.0019776,0.048801,0.00079492,0.0099444,0.031161,0.0034985,-0.022781,0.011215,0.021672,0.062269,0.017086,-0.03851,0.029945,-0.00093453,0.021954,0.00043258,0.085792,0.013755,0.026509,0.056303,-0.015528,0.016752,-0.0051269,0.014971,0.015435,0.0078806,0.0048332,0.013273,0.014652,0.0097637,-0.0072412,0.015345,0.027892,-0.00092612,0.0034703,0.004968,-0.0028016,0.0088674,0.00053145,-0.0085219,0.0079628,-0.0039027,0.068162,-0.0082332,0.037993,-0.0086595,-0.028763,0.0033982,-0.019799,-0.0086766,-0.0065485,0.0015552,-0.0082921,0.072316,-0.0063297,-0.011658,0.021636,0.02584,0.002408,-0.0014951,0.033862,-0.0041931,0.0012211,-0.014088,-0.019959,-0.0019111,0.0099406,-0.011628,0.025422,0.012062,-0.01755,0.012036,0.0055528,-0.023692,0.0079138,-0.0051861,-0.018845,0.0015412,0.015229,-0.00034393
-0.0055774,-0.070303,-0.03163,0.035548,0.017408,-0.014848,-0.007468,-0.023644,-0.016837,0.0040961,-0.0055162,-0.026477,0.0010488,0.0016512,0.067841,0.028667,0.13478,-0.035633,-0.023684,-0.055554,0.033833,0.023581,0.068616,0.0088981,-0.029461,-0.020138,-0.053804,-0.015476,-0.012848,-0.026187,-0.018499,0.021623,-0.023358,-0.013953,0.039408,-0.0183,0.008536,-0.059369,-0.01429,-0.0082276,0.0069875,0.020713,-0.022749,-0.0012861,0.00076969,0.0038928,-0.010954,0.067087,0.049985,0.099253,-0.021711,-0.0087829,-0.0005324,0.092578,-0.032083,-0.024975,0.010052,0.078313,-0.012516,0.0030663,0.015749,0.021612,-0.0023547,0.038021,0.0057859,0.0013749,0.0021647,-0.0076891,-0.011341,-0.012795,0.020017,0.0067499,0.0038867,-0.012423,0.0085949,-0.016614,-0.0077162,0.0034998,0.0041232,-0.0084471,-0.01245,-0.023291,0.019228,-0.0018803,-0.00037432
0.011813,0.0011088,0.053643,0.038479,-0.031534,0.041617,-0.061657,0.012436,-0.044781,0.045575,0.031249,-0.0047025,-0.0045017,0.0066354,0.06764,0.035354,-0.14143,0.025577,0.012881,-0.00099968,0.028159,0.037942,-0.020722,0.062649,0.029174,-0.017612,-0.027299,-0.033473,0.013593,0.01401,0.04844,-0.0051359,-0.0002102,0.01454,0.022654,-0.026527,-0.042787,0.10921,-0.0053774,0.016148,-0.0036809,-0.015623,0.035783,0.035745,-0.0054916,-0.028019,-0.0060432,0.077733,-0.0078497,-0.0094614,0.026484,-0.046416,-0.0023739,-0.029558,-0.013118,0.051714,0.010264,-0.057094,0.063023,0.0076714,-0.00073,-0.0007599,0.074949,0.010481,0.0031694,0.03553,-0.01883,0.012546,0.013705,-0.0036864,-0.014366,-0.010969,-0.014765,0.00022494,-0.018149,-0.0047736,0.015311,-0.0069104,0.0011343,0.0010291,-0.028882,0.0039126,0.0010105,0.003264,-0.00032124
0.013729,0.041558,0.082419,0.029738,0.070184,-0.03505,0.0098453,0.0012531,0.072673,-0.012048,-0.0034025,-6.1408e-05,-0.017335,0.0073327,0.063241,0.032158,0.02133,4.6611e-05,-0.049199,-0.016806,-0.014511,0.03676,0.012493,-0.029766,0.079686,-0.0055289,-0.096026,0.04364,0.006276,0.011475,0.0052736,0.015083,0.023908,0.0064857,0.027145,0.0029659,0.0064058,-0.076585,0.0051868,-0.0042314,0.012177,-0.00034474,-0.0039358,-0.00083826,0.008308,0.015783,-0.0072589,-0.0075189,-0.0019311,-0.035684,-0.013545,0.0050231,-0.0023871,0.031099,0.0017138,0.057593,-0.0061711,-0.078008,0.052963,0.0035162,-0.020246,-0.0040415,0.03867,0.0039911,-0.0056047,0.016005,-0.013053,0.0016908,-0.012242,0.01117,0.013277,0.0014355,-0.0099334,0.039479,-0.015747,0.011265,-0.012653,0.023326,-0.026115,0.014585,-0.015368,-0.051446,0.011627,0.022634,0.0026419
-0.0067563,0.012907,-0.011882,0.074685,-0.036788,0.031128,0.06029,0.03117,-0.042224,-0.011392,-0.014146,-0.026053,0.01151,-0.015067,0.0021044,-0.013903,-0.00027661,-0.018234,-0.018067,0.023783,0.0060893,0.0023384,-0.022741,0.0039726,-0.0064107,0.10975,-0.013691,-0.021186,-0.0054597,0.015906,-0.013873,-0.0019872,-0.013287,0.035074,0.020406,0.013719,-0.014684,0.03688,0.0069571,0.0094505,0.0018143,-0.0060855,0.019068,-0.028832,0.00073004,0.0084688,0.053195,0.0038119,0.02793,-0.00061833,-0.010631,0.018385,-0.059581,-0.018167,0.002161,-0.006471,0.0012641,-0.083733,-0.0014488,-0.0037409,-0.0074371,-0.01898,0.00179,-0.0083024,0.0023334,0.010969,-0.0064423,0.0052637,-0.0031705,-0.0038788,-0.013205,-0.0022664,0.010459,0.025191,0.0024848,0.00043555,0.020972,0.001502,-0.077662,0.018862,0.00052427,0.0047495,0.0020922,-0.002907,-0.0006942
0.00054011,0.012261,-0.011952,-0.014522,-0.014487,0.0028796,-0.021438,-0.0018809,0.035156,0.028417,0.0060396,-0.0018358,0.015025,0.018321,-0.011337,-0.0033065,-0.0016195,0.0039089,0.0095309,0.0047833,0.0040464,0.014509,0.0036463,0.014286,0.0019416,0.0026864,0.064145,-0.0063475,0.0061028,0.0057467,0.0026618,-7.5342e-05,-0.0033723,0.0057522,0.00020477,-0.0067233,0.0013064,0.01399,-0.0052864,-0.0054832,-0.00018389,0.0035312,0.016624,-0.00024068,-0.0030156,-0.0018334,-0.0030519,0.013516,0.0010092,0.031151,-0.0047799,0.00069212,-0.0017564,-0.00041155,-0.0080188,-0.0048003,0.0044445,-0.0035093,0.0085867,0.0017226,0.0047273,0.0038393,0.006541,0.0059831,0.00031709,-0.0036724,-0.0039918,-0.0057532,-0.0012497,0.0030978,-0.0008044,-0.0029127,0.00087293,0.010964,-0.0035383,-0.00035434,-0.0040421,0.0020101,0.00092607,0.0072922,0.0078524,-0.0048852,0.00078751,0.0053685,0.00019257
-0.0019002,0.022388,-0.0011158,-0.14121,-0.029283,0.039292,0.074202,0.014867,0.054764,-0.00037356,0.011534,0.0033827,-0.0086217,-0.025871,0.043349,-0.010165,0.034273,-0.035787,-0.025516,-0.013563,0.0063179,-0.020922,0.0055684,-0.034491,-0.015679,0.041084,-0.0079299,0.11442,-0.024172,-0.020327,0.029092,0.0096286,-0.0012653,-0.005044,-0.017355,0.0029865,-0.0082459,0.018207,-0.00096619,0.0026105,0.015877,0.0036874,0.038288,-0.034487,0.0010581,0.010504,0.01613,-0.13649,0.013215,-0.057415,0.010369,0.020747,-0.003584,0.046728,0.035465,0.0068126,0.0021437,-0.049483,-0.016787,0.0073293,0.0053362,-0.016954,-0.012607,-0.00037118,-0.00285,-0.0011089,-0.003997,0.0062237,-0.0063472,0.032196,0.018498,0.004609,-0.0037985,0.001729,0.014722,0.0011065,-0.0047354,0.014843,0.054667,-0.018603,0.0051791,-0.02014,0.0052869,-0.0013372,0.00055595
0.0078008,-0.062508,0.037508,-0.039225,0.012651,0.061045,-0.010512,0.043852,0.029288,-0.025202,0.0031755,0.064971,-0.047275,0.030419,0.032812,-0.032211,0.023892,0.020611,-0.039685,0.00047367,0.049971,0.030639,0.023571,0.0035891,0.0084597,-0.025864,0.04525,0.060789,0.093888,0.0075237,0.024841,0.011736,-0.025524,-0.0037441,-0.048495,-0.037996,0.0022967,0.039049,0.0063315,-0.008732,-0.0048561,0.0062723,-0.028674,-0.024963,-0.0094012,-0.030596,0.026216,-0.010765,-0.016906,0.053222,0.011543,0.0007403,0.031664,-0.0036379,0.040358,0.017523,-0.020943,-0.040784,0.0031394,7.886e-05,0.0059205,0.0049453,0.018133,0.01415,0.0007434,-0.0053869,0.0065618,0.0047881,0.0067088,0.013119,0.019549,-0.0098439,-0.014823,0.039287,0.012194,0.0012081,-0.0038459,-0.0048701,0.043978,-0.035813,-0.024262,-0.011119,-0.001648,0.0052913,0.00024954
0.021649,0.14232,-0.048057,0.072505,0.023955,0.057527,-0.0087776,0.022855,0.12476,0.047788,0.001791,0.082163,-0.031052,0.044046,0.026585,-0.023575,0.032734,0.012702,-0.016936,0.050717,0.022801,0.035022,-0.0032269,0.015867,0.03776,-0.049738,0.058599,0.056718,0.061705,0.11545,0.024704,0.0015182,-0.0093746,-0.0044699,-0.001082,0.017638,-0.018866,0.019933,0.031064,0.053217,0.0022408,0.0022486,-0.049072,-0.002093,-0.012585,0.0030697,-0.0039454,0.073101,0.011774,0.030076,0.0059216,0.010309,0.046919,-0.063825,-0.032854,-0.01431,0.011433,-0.0041724,-0.05164,-0.0080296,-0.007235,0.016636,0.098728,0.0020484,0.00083703,0.020428,-0.012506,-0.01702,0.027766,0.0088749,-0.0056415,0.011392,0.0029913,0.049019,0.0043491,-0.0038579,-0.0089563,-0.00055756,0.066759,0.014031,0.024229,-0.010207,0.016588,0.0080618,0.00099177
0.028104,0.032703,-0.0044349,-0.039609,0.025406,0.023518,-0.0038206,0.0012076,0.0047574,-0.0057342,0.007294,-0.0034135,0.036522,0.036486,-0.053184,-0.025627,-0.081106,0.015022,-0.01042,0.0068489,0.0053205,-0.0022364,-0.02025,0.0077806,-0.010541,-0.0044004,0.040216,-0.0068857,-0.017482,0.010458,0.1031,0.0062523,0.034005,-0.014539,-0.024633,0.013911,0.010911,0.035629,0.010232,-0.010349,-0.0059176,0.006068,0.063363,0.0098868,-0.00079108,0.009566,-0.025815,-0.040251,-0.0013248,-0.017503,0.018924,-0.014492,0.00061922,0.00046085,-0.0046076,-0.005685,0.0067082,-0.012541,-0.003651,-0.0078572,0.03908,-0.0075392,0.013335,0.005469,-0.0037369,-0.0053637,-0.013879,-0.0076151,-0.010312,-0.019368,0.012061,0.0081594,-0.0079256,-0.0076532,0.0084128,-0.0023579,-0.00048235,-0.0019661,0.0052523,-0.0087041,0.028542,0.019148,0.0073329,-0.02448,0.0012833
-0.0064928,0.11816,0.10134,-0.062005,0.0617,-0.017853,0.11861,0.029604,0.077851,0.16308,-0.00065891,0.13878,-0.0053843,0.057947,-0.0049554,0.035912,0.13597,-0.0023228,-0.10004,-0.038154,0.093162,0.035252,0.052526,-0.034208,-0.031821,-0.044345,-0.040173,0.062893,0.043955,0.055872,0.0093224,0.12925,0.057973,-0.040278,-0.023993,-0.055425,0.14724,0.15341,0.010695,0.014309,0.0018575,0.034695,0.067824,0.029346,0.015142,0.00015348,0.072003,0.050971,0.072593,-0.029494,0.037375,0.027109,0.13186,0.08991,-0.040653,0.0067139,0.058872,0.10668,0.19143,0.050468,0.057913,-0.033515,-0.012398,0.082757,-0.020549,0.0036475,0.013772,0.023046,-0.034479,0.037443,0.045471,-0.027225,0.02666,0.069644,0.020756,-0.0076945,0.0071736,0.0090372,0.15792,-0.08672,0.021452,-0.098209,-0.013604,-0.081164,0.00024993
-0.0013902,0.0022192,-0.047708,-0.018456,-0.0013481,-0.058454,0.0483,0.028287,-0.0052054,0.017117,-0.0055939,0.042244,0.026951,0.021319,-0.036453,0.01266,-0.0070422,-0.021308,-0.057218,-0.0088141,0.0038607,0.044466,0.0337,-0.024047,0.0039411,-0.027936,0.019898,0.041355,0.023578,0.0032979,0.0054795,0.023801,0.028314,-0.032389,0.0016572,-0.022608,0.028336,0.026317,-0.029688,-0.021642,0.0046704,0.0073251,0.029758,-0.010829,0.0071117,-0.0047048,-0.026157,0.018537,-0.017938,-0.036286,0.015656,0.019101,0.012962,0.015723,-0.003101,0.017659,-0.0024604,-0.0096115,-0.016508,0.0022435,0.043416,-0.01701,-0.0029519,-0.0045109,0.00064999,0.0017841,-0.00074329,0.008869,-0.0048591,-0.012891,0.023117,-0.0031125,-0.0077283,-0.0026575,-0.0087441,0.01076,0.0079358,0.015572,-0.008657,-0.052285,0.011078,0.036472,0.016577,0.011108,-0.0021412
-0.0034591,-0.03713,-0.0099335,0.015085,0.032302,0.015692,0.012478,0.055089,-0.037379,-0.016867,-0.0085885,0.027621,-0.056673,-0.0020199,-0.016261,-0.017814,-0.10437,0.011909,0.028201,0.013528,0.0084304,0.0032241,-0.021475,-0.011067,-0.0023578,-0.0028557,0.028285,-0.031885,0.016483,-0.012057,0.023595,0.0075782,0.01009,0.097673,0.06387,0.021089,-0.0044357,0.078545,0.018122,0.024874,-0.0039344,-0.011506,-0.00021456,-0.0050513,-0.0067003,-0.011685,-0.0074551,0.056908,-0.024199,0.0079821,0.0015196,0.0087307,0.036537,-0.026323,0.0031068,-0.0028752,-0.0082481,-0.039058,-0.050213,0.00092429,-0.030523,0.014509,0.0057705,0.002369,0.022114,-0.027957,0.019074,0.0042707,0.0059151,-0.0039503,-0.0094515,-0.0032424,-0.005198,0.024747,-0.0046287,-0.014321,0.0038719,-0.0090423,-0.0058103,-0.03327,-0.01533,0.023659,0.00033801,0.01064,-0.00084877
0.001171,-0.0086756,-0.030693,-0.025786,0.0075726,-0.027131,0.074714,-0.0098298,0.0043856,-0.044771,-0.0056105,-0.0017829,-0.0068435,0.018613,-0.020001,-0.0036614,0.055085,0.0017039,-0.0069389,-0.014317,0.0025943,-0.014762,0.0048085,-0.011701,0.0020239,-0.012284,-0.006912,-0.0043897,0.018683,-0.0066941,-0.00012476,0.0079561,0.021179,-0.0092,0.079166,-0.016997,0.014611,-0.010105,0.014689,-0.0017848,-0.0079774,-0.0016504,-0.011603,-0.005227,0.004091,0.0037249,0.016243,0.077474,-0.0032705,-0.011978,-0.0015338,0.011579,0.051081,-0.00025454,0.00364,-0.011598,0.0015228,0.046271,0.022584,-0.0027315,0.013033,-0.0028418,-0.042191,-0.011407,-0.00022445,0.0049856,0.0023835,-0.0093889,-0.015815,-0.0041038,-0.0016784,-0.0011639,0.0047378,0.015746,0.0037072,-0.00034048,-0.0022445,0.0051745,0.036176,-0.016433,-0.0069134,0.020365,0.0035984,-0.0035557,-6.9484e-05
0.002473,-0.010339,-0.090008,0.037999,0.0050745,0.036406,-0.067731,-0.015382,-0.044774,-0.022204,-0.028754,-0.061566,0.0023156,-0.044286,-0.022275,-0.0014811,-0.025364,-0.015843,0.038081,0.031753,-0.00054313,-0.00011754,-0.0011583,-0.0061666,-0.031096,0.0083545,-0.013428,-0.028659,-0.034947,-0.023532,-0.0035508,0.007029,0.016989,0.024204,0.030645,0.06981,-0.010405,0.027153,-0.0087041,0.0032377,-0.0075384,0.0011952,-0.022153,0.0052944,-0.00025388,0.0073733,0.0073724,-0.068714,-0.0065751,-0.041469,-0.012338,-0.0028143,0.023467,0.017818,-0.00824,-0.014282,0.023129,-0.033284,-0.07238,-0.014992,0.0062622,0.034467,-0.0074692,-0.012131,0.0034311,-0.012897,-0.014439,0.0072919,0.0064459,-0.01204,-0.012236,-0.0010083,-0.0010128,0.0045678,0.0099239,0.0040647,0.0058462,-0.022254,-0.064789,-0.036812,0.0137,0.011686,-0.0046001,0.0034592,-0.00093133
0.01079,0.012404,-0.08015,-0.052855,-0.034385,0.043867,0.055712,-0.0075145,0.055965,0.014877,0.0050629,-0.0029211,0.063268,0.04109,-0.0024913,-0.0086275,0.0044279,0.02032,-0.012423,0.012572,-0.038213,0.057446,-0.017518,0.037473,-0.033732,0.007068,0.10172,0.005419,0.035829,0.018392,0.032168,-0.0016469,-0.0091728,0.019437,-0.052013,-0.020472,0.074006,0.026226,-0.031283,0.0097,0.0053915,0.001262,0.050541,0.004033,-0.00028306,0.0045263,-0.00091222,0.11865,-0.033953,0.058198,-0.011266,0.038618,-0.059464,-0.012097,-0.0036406,-0.019721,-0.019263,0.00034334,0.030615,0.0033786,0.0082456,-0.020075,0.032129,0.0023946,-0.0015832,-0.0046028,-0.0022724,-0.0011815,0.00049944,-0.014439,0.015423,0.0049,-0.0053321,0.013784,0.012839,-0.016886,0.011052,0.0020637,0.029709,-0.0058309,0.046403,0.037664,0.0046097,-0.010346,-0.0013736
-0.0035471,-0.015071,-0.0020441,-0.003113,-0.0066997,-0.0084615,0.005586,0.021555,-0.012364,0.020456,0.0057675,0.022453,-0.0021414,-0.0086282,0.01149,0.00084744,-0.056541,0.01974,0.0085795,0.0032415,0.01206,0.006448,-0.0071944,0.0071343,0.0033974,-0.0080504,0.017342,-0.0026933,0.0035945,0.00056509,0.010379,0.0050168,0.0090191,0.0091942,-0.028688,0.0044773,-0.0086835,0.056001,-0.0031043,-0.0015794,0.001605,-0.00017373,0.012808,0.001527,-0.001173,-0.0033774,0.0013904,-0.018356,-0.013457,-0.007296,0.0030109,0.004945,0.0047983,-0.0046946,-0.0017519,0.0033793,0.0042886,-0.016973,-0.015797,0.0080775,0.012484,-0.0016755,0.0092299,0.0028022,-0.00036207,0.00021233,-0.0018586,0.0029513,0.0058557,-0.0028997,0.0013687,0.0012137,0.0017572,0.003322,-0.0041588,-0.00067736,-0.00052015,-9.5073e-05,-0.012593,-0.011218,-0.0024202,0.0022839,-0.0038231,-0.0056149,1.9021e-05
0.0060919,-0.017631,-0.054482,0.066963,0.10768,-0.021623,0.0036635,0.0059002,0.0026047,-0.0033414,-0.035709,0.097358,-0.0096035,0.016985,-0.039663,-0.061655,0.1045,0.010348,0.018663,0.0097424,0.031399,0.015396,0.012555,-0.016017,0.065827,-0.026302,-0.048931,0.0060822,0.042119,0.027593,0.023425,0.010265,0.0016211,0.012734,0.065873,0.026593,-0.0076017,-0.11687,0.040705,-0.018863,-0.0049096,0.0048302,-0.065706,-0.034173,0.0093279,-0.015249,-0.040351,0.070904,0.033008,-0.037764,-0.010875,-0.053417,0.095069,0.054707,0.020627,-0.028019,-0.016733,-0.07648,0.049628,0.0061344,0.035469,0.029123,0.027018,0.0085809,-0.0084786,0.009182,-0.0050628,-0.020756,0.012302,-0.0060832,0.00014107,-0.023684,-0.0027824,0.060476,0.00066387,0.01127,-0.0049313,-0.0027478,-0.012743,-0.056772,-0.021638,0.045805,0.022739,-0.017366,-0.00082815
0.0018019,0.01355,0.033557,-0.25034,0.001628,-0.026491,-0.022086,0.045017,-0.0060472,0.025822,-0.012784,0.021032,0.010699,-0.0073411,-0.0015509,-0.016856,-0.014125,0.029119,0.057299,0.02118,0.0057498,0.017333,-0.0077273,0.014383,0.01412,-0.0054772,0.0080352,-0.0019708,0.011652,0.0057526,0.018707,-0.0016416,0.0040328,0.0093142,-0.035897,0.011242,0.0071271,0.018802,0.049792,0.055228,0.01502,-0.010554,0.028538,-0.0028488,-0.0065492,0.0061808,0.028869,0.013582,0.026516,-0.025434,-0.012096,-0.016402,-0.024895,-0.012667,0.041683,-0.022021,0.0073727,-0.032682,-0.031434,-1.4511e-05,0.00029708,-0.006094,-0.022659,-0.0057671,-0.02225,-0.00058608,0.0050896,-0.0063897,0.0050269,0.0018514,0.022172,-0.018123,0.014342,0.015877,-0.0028161,0.010443,0.0024096,0.005748,0.030697,-0.021864,0.00088734,-0.0049359,0.0077674,-0.026169,-0.0026021
0.0077385,0.18623,0.038854,-0.21791,0.021992,-0.003833,-0.093569,0.034042,-0.2809,0.029924,-0.046537,-0.081219,0.036263,-0.04036,0.016209,0.014216,-0.16523,0.074976,-0.025482,0.0395,-0.11424,0.11652,0.036409,-0.010864,0.047974,0.12749,0.097883,-0.036823,-0.020582,0.0061548,-0.0082543,-0.013145,-0.042534,0.032995,-0.13734,0.0068635,-0.012424,0.034043,0.030717,0.16465,0.092192,0.0018225,0.020636,-0.019937,0.019243,0.088277,0.071448,0.0072345,0.10248,0.032777,0.051502,0.080752,-0.21076,0.016941,0.027789,-0.033477,-0.012542,-0.21266,0.028702,0.043105,-0.0799,0.031195,0.11229,-0.013291,-0.011888,-0.0057024,-0.028828,0.000815,-0.012979,0.0030142,0.061077,-0.022223,0.0077461,0.061612,-0.010943,-0.015094,-0.022805,0.035687,-0.16038,0.056254,0.06006,-0.030745,0.023115,0.040471,-0.0078145
0.020811,-0.04134,0.073467,0.25366,0.062873,0.072405,0.018223,-0.0054106,-0.025923,0.0499,0.012811,-0.060793,0.017755,0.21034,-0.11229,-0.065137,-0.061462,0.030774,0.04736,0.14015,0.047105,0.057568,0.056339,0.023393,-0.025209,0.028376,0.29333,-0.11895,-0.026757,0.0557,0.06254,0.084572,-0.004598,-0.0002197,-0.01227,0.012413,0.14181,0.1014,-0.026549,0.012563,0.029258,0.10127,-0.10579,0.024631,-0.0083847,0.021443,-0.089619,-0.1377,-0.029305,0.080115,-0.016626,-0.039761,0.18307,-0.037236,-0.17548,-0.0038802,0.060816,0.31195,-0.030072,-0.0032213,0.023729,0.10816,0.014466,0.10696,0.028508,0.0047722,0.0091154,0.028482,-0.023238,0.021596,-0.036299,0.066831,-0.005692,-0.06987,0.02571,-0.033794,-0.011429,-0.049082,0.020578,0.093964,0.014049,-0.1443,0.048907,0.011395,0.0015172
-0.0062502,-0.022303,-0.052484,0.0024771,-0.0051871,-0.0026538,0.0040122,0.016457,-0.0023288,-0.010052,-0.00010615,0.011573,-0.013998,-0.004254,-0.015279,0.00067423,-0.022576,0.00091961,0.0075933,-0.0039484,-0.0023408,-0.014171,-0.0075783,-0.0068571,-0.011567,-0.0034084,0.014856,-0.0056545,-0.0090608,0.00080072,0.0077226,-0.0044341,-0.0066976,0.026409,0.018034,0.0095695,-0.0030036,-0.012725,-0.013545,-0.0047946,0.0010859,-0.0032388,0.024846,-0.0021951,0.0019851,0.0049052,-0.021926,-0.0030708,-0.00036192,0.0072379,0.013206,-0.0089813,-0.0043653,-0.00082254,-0.0024298,-0.0072808,0.0022327,-0.032021,0.0011655,0.0066189,-0.00089318,0.0027329,0.008001,-0.0063399,0.0044225,0.0055006,0.005276,-0.0027176,0.0093195,-0.013734,0.00098658,0.003469,-0.0048709,-0.015477,0.0024389,-0.008695,0.0015387,-0.0047169,0.0015379,0.012912,0.012504,-0.0023291,0.00074849,0.0047543,-0.00070169
-0.007926,-0.046752,-0.17703,0.11238,0.014366,-0.07935,0.013849,-0.044737,-0.078151,-0.014969,-0.0022429,0.045771,0.022346,-0.0087242,-0.077543,0.0625,-0.042974,0.052933,0.048953,-0.0036361,0.013742,-0.028315,0.010825,0.013429,0.036895,-0.033489,-0.13885,0.025056,0.058577,-0.018518,-0.044011,-0.011652,0.040948,-0.00039511,-0.049695,0.019835,-0.037026,-0.028617,0.0039179,-0.045988,0.010785,-0.0055165,0.042364,0.088685,0.0023904,-0.011683,-0.027997,0.0095279,-0.039104,-0.094985,0.025014,-0.014291,0.030601,0.023094,0.034338,0.060541,0.0064887,-0.028798,0.0026397,0.018116,0.012733,-0.038072,0.059086,-0.0051653,0.011816,-0.010395,0.032764,-0.0011034,0.021449,0.0041458,0.018876,-0.016478,-0.0039722,-0.044834,-0.017437,0.00725,-0.0063869,-0.035088,-0.023713,0.0084812,-0.011445,0.034708,-0.016079,0.0014357,-0.00092824
-0.019549,0.0012302,-0.08251,0.10177,-0.0034405,-0.11829,0.12013,0.0087382,-0.2423,-0.24358,0.034949,-0.023479,0.066405,-0.028205,0.013556,0.012527,0.19344,0.03707,-0.035166,-0.0057803,-0.085598,-0.013946,-0.11594,-0.051914,-0.020274,0.022242,-0.18677,-0.12927,-0.039476,0.04909,-0.043575,-0.01087,0.011145,-0.043071,0.014409,-0.075688,0.057013,-0.11672,-0.0057316,0.056602,-0.0092138,0.028075,-0.10575,0.015047,0.080291,0.027539,-0.01169,0.1081,0.119,0.075357,0.018068,0.046606,-0.081569,-0.11336,0.012881,0.019469,-0.026582,0.16066,0.09191,0.022809,0.021621,0.049763,0.00028792,-0.05293,0.020047,0.11157,0.10036,0.036055,-0.019891,0.040173,0.018642,0.043515,0.012455,-0.0053793,0.018299,-0.0090216,0.0032146,0.045944,0.13917,0.17581,0.11399,0.089759,0.0041628,0.018494,-0.0021204
0.0024104,0.16513,0.028322,-0.0039671,-0.046809,-0.036294,0.094514,-0.054536,-0.061924,-0.071125,-0.017312,0.026436,0.026501,-0.068469,-0.0040463,-0.042556,-0.096125,-0.015461,0.0066698,-0.010676,-0.088162,0.075817,-0.030043,0.04634,-0.0035447,-0.027718,-0.11772,-0.068139,0.024962,0.027839,0.022659,-0.0081239,-0.0027748,0.067719,0.023393,0.0093994,0.010987,0.064996,-0.0036511,0.014353,-0.0012721,-0.0021818,0.062678,0.020262,0.00034965,0.068973,-0.1039,0.10792,-0.050994,0.023683,0.015861,-0.0013814,-0.15479,-0.028207,0.02715,0.0011351,-0.013789,-0.010967,-0.10224,-0.0032161,-0.00044574,0.042919,-0.063533,-0.003005,0.0079988,0.0040781,0.00015428,-0.039036,0.010488,-0.027479,-0.0029747,-0.0092604,0.0065786,0.030144,-0.01411,0.0037661,0.0060232,0.030798,0.0067806,0.016366,0.012671,0.04653,-0.010068,0.01765,-0.0032131
-0.00095687,-0.0024015,-0.022464,-0.09661,-0.032802,0.062792,-0.0022231,0.0022904,-0.021374,-0.015483,-0.021729,-0.010321,0.028516,0.0063196,-0.0032456,-0.010899,-0.048072,-0.017378,-0.032805,-0.0084095,-0.0079934,0.016803,-0.0051981,0.004688,0.0026958,0.031633,0.0087179,0.029565,0.0079565,-0.0097195,0.0038511,-0.0043424,-0.016152,0.010607,-0.016109,0.013912,0.012346,-0.030625,-0.014236,-0.0090993,0.0044687,-0.0073509,-0.0022276,-0.016103,-0.0024347,0.0014357,0.088394,-0.0064478,0.011137,0.007448,0.019419,0.056869,-0.042792,-0.0081042,-0.0082258,-0.020586,0.0071402,-0.061421,-0.023465,-0.005393,-0.013756,-0.015342,-0.014386,-0.0020833,0.00111,-0.0073259,-0.010372,-0.00083627,0.0095968,-0.0069559,0.008666,-0.0088388,-0.00066182,0.024388,0.0085467,-0.0013764,0.009024,0.0029809,-0.026879,0.011921,0.016002,0.031415,0.00038062,-0.008142,-0.00089878
0.0011975,-0.0074837,-0.0052317,-0.028258,0.0096665,0.0017991,0.006462,0.0096715,0.012669,-0.016518,-0.0013378,-0.011668,0.0017717,0.00516,0.012013,-0.0018235,0.01184,0.0051195,0.0099983,0.0033823,-0.0097238,0.0048236,-0.002148,0.012358,0.011294,-0.0064951,-0.0057996,0.0033803,0.0095105,-0.001017,0.013911,-0.00041938,-0.00050246,-0.0089651,-0.0086917,-0.016336,0.0016693,-0.0085431,-0.0049323,-0.00053454,-0.0020204,-2.239e-05,-0.00058095,-0.0022015,-0.001515,-0.0050715,0.0013912,0.054088,-0.0010952,0.038906,-0.0031808,-0.0035126,0.012562,-0.0054309,0.016326,0.009952,0.0041251,-0.00029681,0.017709,0.00041739,-0.0041204,-0.010491,0.0091083,0.0016494,-0.002264,0.0040458,-0.0035108,-0.0038832,0.001169,0.0067874,-0.0020668,0.00035776,-0.0015393,-0.0031462,0.00046562,-0.0026113,0.0010838,0.00018355,0.0036383,0.0040603,-0.0056123,0.011382,0.0013598,-6.1515e-05,-0.00028365
-0.0050342,0.05498,0.012516,0.048413,0.069597,0.015599,-0.012902,0.010358,-0.095875,-0.033768,-0.017006,0.0050131,-0.0023843,-0.0086219,-0.030027,0.014455,0.11715,-0.0012345,-0.030866,-0.012945,-0.020903,0.0061331,0.017384,-0.01102,-0.02492,-0.017018,-0.0030806,-0.018465,-0.014942,0.0085263,-0.027551,-0.0010389,-0.0073514,-0.029252,0.036576,0.019535,0.017369,-0.050806,0.0052405,-0.0055845,0.00305,0.0058771,-0.033302,-0.0196,0.017838,0.0089618,-0.0053785,0.02066,0.067596,0.051161,-0.0099488,-0.016533,-0.032183,0.0074449,-0.016205,-0.038735,-0.0054054,0.017205,0.0062646,0.0032899,-0.00033671,0.00046251,0.0053409,0.00056278,0.00038555,0.027352,0.0057204,0.011316,-0.015378,0.0069659,0.003243,0.0055241,0.005612,-0.005714,0.011383,0.0034416,0.0059992,0.002947,0.015825,0.051264,0.018851,-0.0046391,0.0045541,-0.0020092,-0.0014854
9.727e-06,-0.016427,0.028577,0.0066667,0.03117,0.0014429,-0.0050428,0.0093346,0.0059082,-0.0028145,0.0039488,-0.0049207,-0.012367,0.0087711,-0.01382,0.00035782,0.018893,0.0030936,0.015664,0.017398,-0.0073133,0.0020887,0.0052131,0.001873,0.013287,-0.0076918,0.033304,-0.0050261,0.000267,0.0055341,-0.0093126,-0.00021002,-0.0030278,-0.0040524,-0.0071667,0.0030869,0.006796,-0.028487,-0.0036272,-0.018226,-0.005241,0.0071621,-0.0082561,-0.0046239,-0.0034954,-0.0055685,0.0078112,-0.0021889,0.0028605,0.075892,-0.0086827,-0.0099562,0.0091474,-0.0076039,-0.0087157,0.0035296,0.0072544,-0.0078386,0.0061518,-0.0012048,-0.014273,0.0091326,-0.0038837,0.0051156,0.0050817,0.0014675,0.00058051,-0.005777,-0.0037289,-0.0040432,-0.015848,0.0061703,0.0036121,-0.00065479,0.0099195,-0.0032863,-0.01168,-0.0005822,0.0096115,0.022745,-0.0022196,-0.015876,0.0052719,0.0078589,0.00030369
0.011754,0.061761,0.05562,-0.072902,0.0096305,-0.014542,0.011809,-0.020754,-0.097006,0.0073004,0.0018802,0.033635,-0.023857,-0.0525,0.046802,0.039532,-0.11312,0.019743,-0.016284,-0.0059225,0.058001,-0.0018524,0.021939,0.0069288,-0.025358,0.047181,0.0025057,-0.047862,0.021954,-0.0037516,-0.041791,-0.020326,-0.023755,-0.0022333,0.010836,-0.038853,-0.03686,0.026964,0.039052,-0.0061091,0.016746,-0.021543,0.040919,-0.0096586,0.0073039,0.0068033,0.072777,-0.022974,0.019608,0.11917,0.092495,0.03244,-0.047847,-0.050034,0.002329,-0.054265,-0.021271,-0.016059,0.012168,0.012744,0.014259,-0.023083,-0.015055,-0.019883,0.0084992,0.029907,0.038738,-0.0026945,0.004132,-0.053924,0.0069964,-0.0020794,0.012209,-0.038976,-0.0040025,0.0010779,-0.0011517,0.015912,-0.010393,0.014178,-0.032148,0.034781,-0.014095,0.0066767,-0.001473
0.025532,0.17203,-0.12035,-0.20076,-0.039877,0.0548,-0.023012,-0.012573,-0.073928,-0.0034044,-0.011246,-0.018353,0.01915,-0.024188,-0.021454,-0.019943,-0.1084,0.03032,-0.068883,-0.0044733,-0.060853,0.012792,-0.018515,0.015842,-0.0087848,0.035441,0.13595,0.036807,0.04077,0.029598,0.04547,-0.00063481,-0.0010996,0.039328,-0.046077,-0.012677,0.037661,0.032268,-0.014969,0.017517,0.016268,-0.00076901,-0.0074742,-0.027317,-0.00055356,0.012132,0.039382,-0.1127,0.023146,-0.0938,0.028227,0.1148,-0.058095,-0.064407,0.0093869,-0.016376,-0.028807,-0.071065,-0.037058,-0.0070169,-0.0085613,-0.0073759,0.0037811,-0.010375,0.0020323,-0.056667,-0.0095823,-0.0014403,0.006893,-0.026581,0.020271,-0.0055524,2.7737e-05,0.035483,-0.013513,0.0092866,0.013885,0.01099,-0.010999,0.0021209,0.014811,0.036707,0.025822,-0.012101,0.00028469
0.0089003,-0.045079,0.0018926,-0.036584,0.034999,-0.009342,0.069877,0.0053009,0.0054792,0.024906,-0.0078085,-0.032277,-0.0071332,0.016481,-0.0030424,0.00014917,0.041091,-0.011774,0.0077772,0.011471,0.028814,-0.018321,0.013696,-0.021728,0.0033407,0.0029849,-0.019871,0.031914,0.0074442,-0.0054967,0.010141,0.010585,0.015208,-0.030032,-0.00025785,-0.0089237,0.0024573,-0.023187,0.0031005,0.0073187,0.0064529,0.0018953,5.1327e-05,2.7658e-05,0.0032396,-0.0053977,0.01415,0.0033716,0.023174,-0.048098,0.0084301,-0.008144,0.079648,0.017996,-0.018033,0.003606,0.015702,0.03965,0.031396,0.0030498,0.0093288,-0.011515,0.01512,0.006206,-0.00043271,-0.0017735,0.0043545,0.00089366,-0.008359,0.01416,0.0074783,-0.0041999,0.009848,0.0063325,-0.00067909,0.0046591,-0.0097739,-0.0091887,0.0061088,-0.020475,-0.018315,-0.0096873,0.0039465,-0.015322,0.00011281
0.0029269,0.0044187,0.0070482,0.047056,0.01223,-0.021006,-0.012446,-0.024028,-0.0045469,-0.015354,-0.0095809,-0.014185,0.037985,-0.0065092,-0.022748,0.00057946,0.093795,-0.015891,-0.0063759,-0.017415,-0.026014,-0.0094514,0.0088256,-0.0017517,-0.021297,0.015454,-0.027807,-0.010187,-0.035834,-0.014289,0.00031479,0.0056888,-0.0021664,-0.017571,0.016433,0.0087588,0.010666,-0.060484,-0.012352,-0.019289,0.0048609,0.011774,0.046716,-0.002478,0.0063692,0.017848,0.00049542,0.0075479,0.025148,0.010164,-0.010467,-0.014357,-0.0075889,0.071964,-0.0085692,0.0050594,0.0062646,0.042451,0.0016483,0.0066613,-0.01155,0.0084306,-0.016512,0.0084557,-0.0027948,0.01635,-0.0082772,-0.0037104,-0.012852,-0.010662,-0.0010421,-0.001961,-0.0061177,-0.0054522,0.02008,-0.0074392,-0.0072721,0.0010865,-0.004123,0.017643,0.019574,0.013879,0.00056617,-0.005914,-0.00038917
0.0038643,-0.080692,-0.0016941,-0.043949,0.016577,0.01723,0.0244,0.0041988,0.012619,-0.007029,0.0051815,0.0016116,0.019982,0.0056745,-0.0040505,-0.0013632,0.01067,-0.0071481,0.018825,0.0027938,-0.014055,-0.016353,0.015101,-0.0049967,-0.021819,0.017537,0.02571,-0.0034199,-0.034621,-0.023519,0.0032444,-0.0034038,-0.00089841,-0.020698,-0.021824,0.023207,-0.025192,0.028747,-0.0031307,-0.0025117,0.00049995,0.0099355,-0.046758,-0.013844,0.00046323,-0.0098227,-0.00043064,-0.11015,-0.0056301,-0.0042266,-0.010356,0.0052421,-0.012733,0.017109,0.074601,-0.0038627,-0.0022766,-0.035309,0.017211,0.00090478,0.026251,0.0057995,-0.017236,-0.00063852,0.001412,-0.0046684,-0.013174,0.011818,-0.010628,0.0063072,-0.0016788,0.0091703,-0.00035384,-0.028325,0.015148,-0.0010801,0.0058439,0.0037023,-0.034885,0.0041706,-0.0074619,-0.0032161,-0.0061294,0.0020811,0.00042044
-0.0021918,0.0011669,-0.043003,-0.0012398,-0.0034996,0.016404,-0.013091,0.018089,0.025873,-0.025264,0.011221,-0.031464,0.024065,-0.014276,0.016993,0.014125,0.034354,-0.024492,0.029189,0.028565,0.010692,-0.011725,-0.02528,0.010123,0.022025,0.017293,-0.049833,0.036519,-0.014251,-0.0027675,0.020213,0.004581,0.019912,-0.012858,-0.0090689,-0.00085967,-0.0087452,-0.02379,-0.0031142,0.008399,0.0070176,0.003712,0.042055,0.013743,0.012125,-0.019337,-0.016452,-0.019326,0.038989,-0.036382,0.0017804,-0.0058126,0.066173,0.013868,0.0051485,0.052884,0.019771,0.021003,0.054653,0.004989,-0.0089296,-0.02735,0.0056568,0.01315,0.0045124,0.032504,0.01185,0.01088,-0.0023307,0.0030531,0.0091869,-0.0016827,-0.016129,-0.0035095,-0.0059615,0.003079,-0.012569,-0.00099106,0.042864,0.035522,0.015316,-0.015997,-2.2519e-05,0.0052707,0.0016438
0.0008281,-0.052498,-0.059894,0.086128,-0.043417,-0.059159,-0.13953,-0.0062197,0.0088571,0.041894,-0.015232,-0.032862,0.025627,-0.032402,0.030645,0.021178,0.09158,-0.020614,0.012487,-0.041403,0.042745,-0.014877,0.03825,0.0071134,-0.020222,-0.00092332,-0.0058574,-0.055113,-0.067132,-0.0019627,-0.034504,0.0017756,-0.013614,-0.052414,0.043731,0.025561,-0.00073374,-0.081984,-0.026378,-0.0173,-0.0030583,-0.0093327,0.020438,0.036111,0.013634,0.013869,0.0087647,0.077341,0.058224,-0.064321,0.017355,-0.013829,0.030405,0.069936,-0.092955,0.03929,0.10697,0.023872,0.022875,0.0046109,0.022344,0.0073819,0.027734,-0.01875,0.018152,0.031306,0.00073018,0.0084165,0.022419,-0.03784,-0.0092855,-0.01782,0.0094017,-0.010113,-0.0093372,0.0079761,-0.0056091,-0.024087,-0.10225,0.058375,0.016094,-0.030461,-0.019533,-0.0135,-0.0017907
-0.0059808,4.0007e-05,0.014097,0.0059465,-0.01047,-0.019292,0.012762,-0.0099697,0.0010264,0.011061,0.0021961,0.002708,-0.0055896,0.012474,0.027293,-0.01001,-0.013534,-0.0022213,0.017336,0.0025448,0.0073666,0.003445,0.01336,-0.0012387,-0.0060043,-0.017816,0.018238,-0.0060214,0.0035768,0.0047061,-0.011798,0.0038507,-0.009096,-0.01888,-0.012526,-0.012422,-0.00061963,0.043137,-0.006495,0.015908,0.0039409,-0.00015148,-0.04018,0.00028285,-0.0027747,0.0031642,-0.020817,0.037708,0.00024852,-0.004511,0.0083683,-0.014193,0.018857,-0.011773,0.0037127,-0.0063673,0.0081435,0.058579,-0.0050532,0.00086753,0.0037437,0.0047163,0.012376,0.0060704,0.0043447,0.0078282,0.01238,0.0032345,-0.0020145,-0.002868,0.00065818,0.0014458,0.0066067,-0.022537,0.0010643,-0.0019396,-0.0020593,-0.00071735,0.0093686,-0.0039301,-0.006171,0.014252,0.0033039,-0.0037165,-0.00051054
0.0012885,-0.059026,0.011211,0.051805,0.010906,0.0087594,0.032617,0.0020733,0.028061,-0.01144,0.012698,-0.015455,0.012166,0.015978,0.024198,0.016427,-0.0020783,0.0097589,0.005411,0.001299,0.001887,-0.00090529,-0.0043514,0.0059205,-0.0045341,0.019844,-0.024342,0.01738,-0.015201,0.0069688,-0.0032083,-0.003294,-0.0086553,-0.0011281,-9.5808e-05,-0.011674,-0.002003,-0.002746,-0.0086989,-0.00030199,0.00020173,0.001095,0.0061519,0.00012159,0.0047642,-0.0078199,0.010472,0.047487,0.0026796,0.017546,-0.0031487,0.01012,-0.002599,0.0043369,0.003648,0.015221,0.0077795,0.0013009,0.053136,0.01135,-0.0060875,-0.017983,0.031782,-0.0078144,0.0024909,0.022299,0.010778,0.0097761,-0.0061649,0.027785,-0.0017899,0.0054636,-0.010445,-0.0087596,0.0031577,-0.0013786,0.0063313,0.0020043,-0.0026407,0.029799,0.0083846,-0.0089532,-0.0033652,0.0029302,0.00040753
-0.016836,-0.046576,0.051814,0.063899,0.00234,0.0098541,0.0090891,0.017176,-0.073426,0.040075,0.0027082,0.04685,-0.017457,0.028363,-0.046447,-0.011005,-0.11305,-0.015546,0.014494,0.045759,-0.043621,-0.043544,-0.0058476,-0.042941,0.024411,0.019626,0.038642,-0.0071278,-0.036969,0.015721,-0.0084895,0.00043815,-0.012067,-0.0083018,-0.018861,-0.022298,-0.00043163,-0.015105,0.018762,0.030522,0.02667,-0.0060719,-0.021105,0.032993,0.029046,0.022484,0.02384,-0.012206,0.029681,0.054045,0.010989,0.03955,0.033122,0.0099749,-0.022357,-0.015856,0.0002752,-0.087714,0.033165,0.071283,-0.020296,-0.014844,0.097131,-0.020277,0.010149,-0.043697,0.006849,-0.013725,0.026085,0.03447,-0.013295,-0.013685,0.00053018,0.008547,0.012148,0.00074654,-0.018371,-0.024403,-0.008191,0.028388,0.025977,-0.025648,-0.014543,0.0057545,-0.001588
0.0087105,-0.003008,0.027277,0.11031,0.0010172,-0.053188,0.067259,0.049607,-0.0020199,0.05399,0.01127,-0.015203,0.049562,-0.019119,-0.0051267,-0.0027613,0.081878,0.019637,-0.012102,0.0072383,0.047162,0.039223,0.015759,0.026419,0.013586,0.04062,-0.023021,-0.023024,-0.000707,-0.0041296,-0.024655,-0.0067202,0.01101,-0.058423,-0.044445,-0.027306,-0.0018267,-0.0085761,0.00064055,-0.014031,0.0090306,0.0098689,0.023027,0.01308,-0.0043124,-0.0061769,-0.0022127,0.046292,-0.0059132,-0.0044238,0.022582,-0.0091107,0.032581,0.030556,0.00095008,-0.032658,0.020465,0.035442,0.054291,-0.0079145,0.10377,0.039016,-0.0064721,-0.010417,-0.003197,0.021255,-0.022087,-0.0027878,0.017372,0.016493,-0.012095,0.004414,0.01301,-0.053974,0.015647,-0.0090029,0.026837,-0.0053918,-0.025506,0.010971,-0.01893,-0.013775,-0.0013844,-0.0048156,-0.0014688
0.020898,0.035952,0.082307,0.10052,0.005214,-0.023081,-0.0014862,-0.00045771,-0.011787,0.0040803,-0.0025706,-0.01723,-0.035584,-0.0081364,0.018148,-0.0030084,0.059207,0.0059258,0.020469,-0.0064893,0.01326,0.052493,0.028474,0.042294,0.01133,-0.049282,0.0014854,-0.070907,0.0088179,0.0079595,-0.0079345,-0.0055527,-0.008578,0.029632,0.01387,0.031074,0.022013,-0.0083429,-0.0019556,-0.010161,-0.0094332,0.0081656,0.00049956,0.00943,-0.00976,0.018399,-0.036373,0.13089,-0.028216,0.013407,-0.027191,-0.063868,-0.049127,0.042555,-0.015053,0.028238,-0.009451,0.05899,0.011715,-0.024771,0.020501,0.097831,-0.00070511,0.016324,0.0094613,0.010743,0.012496,0.0081229,0.0018372,-0.01913,-0.0017908,0.0068223,-0.014653,-0.0081973,0.0041665,0.005238,0.0030967,-0.0071945,-0.0088357,0.018375,-0.014002,-0.052499,-0.007853,0.019494,-0.00032275
0.0070946,-0.074674,0.0030497,0.019307,0.0030984,0.00075327,0.0096276,0.018613,-0.014679,0.016053,-0.0012777,-0.013866,-0.016387,-0.018478,0.0078939,0.024521,-0.013271,-0.043717,-0.010682,-0.0072703,0.014966,0.00016212,0.0059098,-0.0081623,0.010508,-0.0015215,-0.10493,0.050451,-0.010686,0.0045332,0.009944,0.00013797,0.018799,0.021636,0.010686,0.014513,-0.033239,-0.023065,0.015498,0.024162,0.0085013,-0.011559,0.033547,0.018604,0.0020036,0.01405,-0.039439,-0.051978,0.02588,-0.064339,0.0043398,-0.017861,0.030829,0.02001,-0.032785,0.0039258,0.0011725,-0.0085451,-0.055555,-0.0016529,0.0076291,-0.001833,0.10437,-0.0059883,0.0087662,0.013792,0.0071019,0.0014999,0.010078,-0.029452,0.0067467,0.0054066,0.0062371,0.0017859,-0.0064205,0.0012545,-0.0049415,0.0091748,-0.0042815,0.0092662,0.015885,0.0066007,0.0090429,-0.0054446,-0.00019821
0.0089845,-0.03535,-0.0076389,-0.069954,0.01386,0.0070451,-0.0029221,-0.010457,0.05175,0.09357,0.019114,-0.038204,0.00061309,0.038327,0.015354,0.0026322,0.017109,0.057048,0.075793,-0.015033,-0.0085009,-0.0083855,0.0017557,0.0057153,0.0095781,-0.0092087,0.088586,0.0074715,-0.044066,0.009742,-0.042112,0.023829,-0.00038864,0.0041688,0.013841,-0.011286,-0.0010538,-0.025428,-0.0054859,-0.0028759,0.010311,-0.0049705,0.017671,0.013034,-0.0021983,-0.013463,-0.046956,-0.075866,-0.0055895,-0.064265,-0.017146,-0.021603,0.026023,-0.0013824,0.014095,-0.0018474,-0.0065706,0.014199,0.11548,0.030899,-0.0017739,0.00023283,0.052254,0.082557,-0.012603,-0.02961,-0.005913,0.0015725,0.00062363,-0.029615,-0.0070033,0.02061,-0.012065,-0.032473,0.010728,-0.021926,-0.0014855,0.00079567,0.018252,-0.050462,0.024038,-0.034919,-0.010412,-0.01798,0.0021183
0.024362,-0.10917,-0.0087365,-0.058406,-0.021438,0.005701,0.075842,0.10857,-0.065953,0.011712,0.011336,-0.055777,-0.039504,-0.1018,0.084549,-0.0068015,-0.027827,-0.004361,0.021198,0.050969,0.039319,-0.00077299,0.026272,0.017366,-0.0065148,0.00050469,0.12858,0.024145,-0.007294,-0.041887,-0.021854,-0.0057045,0.052202,0.047223,0.050404,-0.017552,-0.039727,0.15941,0.006301,0.01136,0.018068,0.0061404,0.081355,-0.035009,0.018712,-0.013846,-0.021352,-0.083159,0.031362,-0.015815,-0.0027232,0.048091,0.081276,0.017635,-0.050461,0.08068,0.035929,0.1608,-0.020542,0.026548,-0.016528,0.026295,0.061034,-0.016155,0.091944,-0.015693,0.042051,0.02873,-0.024927,-0.045392,-0.03533,0.0053111,0.033734,0.022413,-0.0050135,0.032066,-0.026566,0.012681,-0.017316,0.056926,-0.0068831,0.11606,0.00051821,0.049364,-0.00072041
0.0051151,-0.032778,0.13452,0.10489,-0.022586,-0.049105,0.044652,0.0078035,0.066704,-0.071898,-0.0025376,0.063708,0.028369,0.010537,0.033269,-0.010509,0.049588,0.012524,-0.0017015,0.025176,-0.0037242,-0.0034459,0.012405,-0.0027425,0.034675,0.0085298,-0.13798,-0.0076697,-0.024668,0.011121,-0.074952,-0.017438,-0.017421,-0.038528,0.0027752,-0.026021,-0.019148,-0.036955,-0.0084351,-0.032075,0.012214,-0.0050937,0.072232,0.0037514,0.0083461,0.017008,0.034557,0.074905,0.041712,-0.011797,0.014999,-0.04291,-0.075396,0.026827,-0.018139,-0.010605,0.016081,0.048757,0.099558,-0.0087319,-0.012066,0.0090292,-0.0025018,-0.028203,-0.0046629,0.16449,0.038057,0.049016,-0.011015,0.013936,-0.006203,-0.0015341,-0.0028822,-0.0010854,0.026534,-0.0098973,0.020615,0.015718,-0.0033655,0.089988,-0.031277,-0.043395,-0.018284,0.0044471,-0.0018475
-0.01176,0.072114,0.099771,0.099893,-0.0020842,-0.048588,0.012471,-0.0016844,-0.062022,-0.052599,0.0014543,0.045657,-0.025254,-0.020949,0.095646,-0.031344,-0.064359,-0.017389,-0.0022979,0.04023,0.0080552,0.026494,0.010702,-0.040712,0.0043289,-0.031989,0.008371,0.035412,0.014334,0.017337,-0.085098,-0.0022571,-0.029403,-0.02352,-0.010093,-0.012765,-0.019124,0.080167,0.012978,0.0018516,-0.0011847,0.0047075,-0.017673,-0.048386,0.017278,-0.01792,-0.033871,0.069567,0.050096,0.23074,0.02205,-0.027391,-0.0056418,0.010542,0.024553,0.018562,-0.013009,0.15433,0.00060089,0.0083246,-0.027305,0.038199,-0.020481,-0.0014307,0.036505,0.070166,0.098012,0.043404,0.0017124,0.011315,-0.016323,0.0037523,-0.0015573,-0.045172,0.019076,0.0086849,-0.018727,0.01032,0.088826,0.068051,-0.024177,0.021221,0.0067718,0.033856,-0.00015504
-0.016706,0.13084,0.02653,0.14276,-0.089338,-0.018212,0.09524,0.0024365,-0.040122,-0.12195,-0.0071047,-0.077162,0.010241,-0.07342,0.10965,0.10423,-0.25066,-0.00030319,0.022094,0.032569,0.027719,-0.025228,-0.040173,0.013003,0.016291,-0.0053733,-0.25441,-0.068145,-0.1066,-0.022884,-0.063968,-0.0036503,0.029006,0.038546,-0.10388,0.028427,-0.022643,0.034572,-0.013124,-0.013583,0.01468,0.0036706,0.053396,0.049175,0.030534,-0.018513,0.0041527,-0.11484,0.094049,-0.18316,-0.010379,-0.02849,0.019008,-0.0075352,-0.10907,0.014685,0.046459,0.09097,0.042957,0.027013,-0.02534,0.003413,0.054181,-0.015185,0.0021327,0.1367,0.063566,0.12642,0.015336,0.025624,0.016713,0.010908,0.00076274,-0.02852,-0.024204,-0.0027874,0.066478,-0.006021,-0.037271,0.053534,-0.025153,-0.10113,-0.018614,-0.022514,-0.00050088
0.0017221,0.062582,-0.13807,0.068169,0.042165,0.071202,-0.17647,0.093892,-0.10584,-0.039794,-0.029802,-0.0044428,-0.077645,-0.068976,0.011649,0.040391,0.045165,-0.049252,-0.015417,0.047591,0.021896,-0.011036,0.026448,-0.02528,-0.028389,0.016762,-0.1021,0.0104,0.069619,-0.019387,-0.057138,-0.015985,0.0069925,0.032433,0.01737,0.061255,-0.040773,-0.14998,0.0080119,0.015498,-0.0046455,-0.00028099,0.012104,-0.010004,-0.024111,-0.012607,0.06933,0.062635,-0.031392,0.1296,0.0048288,-0.015617,0.022552,0.002741,0.017183,-0.066311,-0.0087154,-0.019117,-0.1172,-0.00072316,0.0046655,0.015506,-0.01224,-0.043538,-0.0085387,-0.090054,0.0028864,-0.042056,0.10359,0.027583,-0.014192,0.014511,0.0036938,-0.023123,0.0026815,-0.0011479,-0.0090193,-0.042449,-0.039667,-0.055908,-0.041066,-0.057257,0.0036751,0.049969,-0.0017678
0.0077848,-0.00063651,-0.013409,-0.030015,0.031772,0.047285,0.0096208,0.016947,0.022939,0.015822,-0.006987,0.0056897,0.0086659,0.013005,0.0038141,-0.025721,-0.00029414,0.0077015,-0.010274,0.013115,0.0076519,-0.0022397,-0.00014211,0.0019298,0.0036785,0.015162,0.019208,0.020782,0.0019478,0.0072771,0.042527,0.0030469,0.0010979,-0.0030765,-0.028173,0.023242,-0.0055662,0.011498,0.0078251,-0.0055897,-0.00053106,0.012089,-0.0032756,-0.0077411,-0.012349,0.0002319,0.0016137,-0.0014991,-0.0060366,0.020746,-0.015266,0.010673,0.037621,0.020117,0.024254,-0.0028517,0.0072671,-0.030148,-0.016366,-0.0033768,0.015977,0.011912,0.0030534,-0.0059349,-0.0013046,-0.015371,-0.019264,-0.0021117,0.0021246,0.04807,-0.0029941,0.0044588,-0.0050174,-0.015862,0.0044039,0.0042379,0.0040444,-0.013675,-0.046766,-0.0013417,-0.024888,-0.0063238,-0.00073943,-0.00098204,-0.0004222
-0.038277,0.26542,-0.087304,-0.32463,-0.013694,0.08365,-0.069578,-0.10544,-0.1374,0.0035638,-0.01215,0.10164,0.032922,0.011649,0.0092362,-0.010749,0.047728,0.0075771,-0.067077,-0.068906,0.003824,0.014205,0.04053,0.0018909,0.0044123,-0.014177,0.041546,0.022713,0.042631,-0.043493,0.033618,0.031609,-0.039455,-0.064508,-0.066214,-0.016736,0.040159,0.036397,0.031746,0.031705,-0.0037742,0.016809,-0.033726,-0.0042883,0.0075006,-0.00052356,0.025018,-0.087141,0.10197,0.031709,0.04934,-0.012144,-0.13898,0.04295,0.032474,0.026051,0.011974,-0.13912,-0.0086212,-0.012538,0.024852,0.027876,-0.025971,0.0037575,-0.034357,0.070014,0.024163,0.05127,-0.027634,-0.0034842,0.1098,-0.030258,-0.027391,0.026858,2.394e-06,-0.0077948,0.011976,0.00041356,0.0044424,0.059457,0.01867,-0.0016631,-0.027405,-0.019418,-0.0014292
0.0077088,0.33589,-0.26328,0.16708,-0.057071,0.0062194,0.22926,-0.026047,-0.058729,0.060538,0.025348,-0.053699,0.023314,0.035385,0.025734,-0.034939,0.044305,-0.00033988,0.030046,0.08443,-0.050639,0.01105,0.014221,0.015374,0.026966,0.067521,0.010697,0.039292,-0.097017,0.0535,-0.020314,-0.010048,0.049748,-0.048976,-0.034004,0.093585,0.071582,0.043662,-0.013893,0.0018875,-0.00041249,0.015246,-0.058198,-0.039405,-0.019082,0.049408,-0.014308,-0.022842,-0.089476,-0.10506,-0.040676,0.036715,-0.035646,-0.047005,-0.051645,-0.076826,-0.0057989,0.079062,-0.11919,-0.026346,0.066401,-0.017937,0.14851,-0.035748,-0.012769,-0.046039,-0.058923,-0.02211,0.021353,-0.012488,-0.028053,0.093779,-0.0090422,-0.053899,0.027827,-0.029228,-0.020625,-0.00262,-0.15661,-0.072023,-0.0084352,0.083159,0.058943,0.03568,-0.0018399
-0.046922,-0.067098,0.040206,0.085982,-0.035347,-0.086513,-0.05422,0.014015,0.054223,0.099018,-1.389e-05,0.043423,0.010992,-0.076579,-0.029009,0.049142,0.13709,-0.0069352,-0.028071,-0.060315,0.031321,-0.014397,0.03136,-0.0020548,-0.01535,-0.074575,-0.024682,-0.019475,0.024354,-0.036805,-0.13741,0.008651,-0.0045549,-0.039201,0.041216,0.0052881,-0.023789,0.07263,0.0025617,0.0078306,0.0022713,-0.0060143,-0.09094,0.017431,-0.0077056,-0.024421,0.017493,-0.0010427,0.019531,0.01147,0.010309,0.013996,0.040915,0.013928,-0.00843,-0.0026228,0.031042,-0.032138,-0.12895,-0.016569,0.039096,-0.024713,-0.10286,0.029986,0.035768,-0.036377,-0.013827,-0.0096301,0.020126,0.0062424,0.018983,-0.026729,0.10049,-0.011522,-0.019561,0.015759,-0.016001,0.0066559,-0.047564,-0.032163,-0.048635,0.10571,-0.010307,-0.021229,-0.0057999
0.019564,-0.082828,-0.0060741,-0.12107,-0.033968,0.011937,0.024609,-0.004066,0.094464,0.025888,-0.013098,0.0094823,-0.020692,0.038587,0.013221,-0.022629,0.050146,-0.014433,-0.03844,-0.022715,-0.0035254,0.010899,-0.0082023,0.00081186,0.015163,-0.0009055,-0.012479,0.047839,0.017402,-0.02075,0.024947,0.015382,0.0028821,0.014832,0.027615,-0.011232,0.020884,-0.0059343,-0.010119,0.01828,-0.00016861,-0.018618,-0.022972,0.0016484,0.0035072,0.0019885,0.027222,-0.024025,0.0079527,-0.077466,-0.0095929,-0.0093876,0.021243,0.0089029,0.0084738,-0.0022175,0.011342,-0.074564,0.018549,-0.0030439,-0.015579,0.0019054,-0.0028439,0.0010554,-0.010099,0.031926,0.0014253,0.018419,-0.009001,-0.028013,0.023309,-0.016498,-0.0051737,0.095455,0.016399,-0.01027,0.015758,-0.0041461,0.02113,-0.0043801,0.021049,-0.016981,-0.0046051,-0.014402,-0.0010363
0.042024,-0.17841,0.1563,-0.0056969,-0.092912,-0.0050639,0.051985,-0.028302,0.19636,0.050051,0.0059862,-0.01131,0.083291,0.046022,-0.055594,-0.066463,0.047611,-0.0054084,0.072635,0.027332,-0.045238,-0.0386,0.0018126,0.006784,-0.03603,0.06216,-0.039147,0.076652,-0.078085,-0.029541,0.0039076,-0.012898,-0.01903,0.025601,-0.010758,0.057882,0.027352,0.038079,-0.0275,-0.047959,-0.00050163,0.015211,0.12064,-0.025928,0.0082207,0.048429,0.067861,-0.12406,-0.072222,0.01298,-0.007272,-0.017311,-0.061134,0.072101,-0.0062802,-0.029055,-0.010475,0.0534,0.036761,-0.014297,0.021936,0.046667,-0.023856,0.0082533,-0.0035031,0.002513,-0.0054343,-0.005117,-0.022874,0.0011067,-0.047911,0.011916,0.0097752,-0.012462,0.07958,-0.010423,0.020295,0.0081434,0.01617,0.040817,-0.016526,0.028276,0.015161,-0.037496,-0.0011963
-0.029602,0.20794,-0.022556,0.001251,0.027397,0.10532,-0.1721,0.0021388,0.12188,0.065557,-0.00010158,0.1502,-0.013283,-0.022398,-0.0013978,0.02086,0.01042,-0.087165,-0.11389,0.01775,0.035039,0.015498,0.042355,0.032683,-0.030177,-0.0048583,0.10486,0.065243,0.062408,0.009567,-0.058636,0.032379,0.028835,-0.035839,-0.064493,-0.023739,0.010263,0.017284,-0.016173,0.036692,0.0090403,-0.0094123,-0.074911,-0.016184,-0.014693,-0.025374,-0.0040122,-0.18715,0.055152,-0.076542,-0.011694,0.026483,-0.086657,-0.010397,0.07596,-0.033705,-0.0044048,-0.035045,0.033978,0.024099,0.0019801,0.011649,-0.036963,-0.023988,0.0015873,0.033713,-0.0017546,0.0041405,-0.004571,0.012773,0.036381,-0.027351,-0.00069223,0.046576,-0.023212,0.092774,0.0047068,0.024042,0.088735,-0.069331,0.005259,-0.015224,-0.03223,0.014323,-0.0012949
-0.023591,-0.082545,0.066064,0.17227,0.034336,0.034918,-0.012642,0.13835,0.066229,-0.068822,0.0088301,0.028371,0.014257,0.070334,-0.018317,-0.03714,-0.1774,0.04674,-0.0041093,-0.0066699,0.0056029,0.0012762,0.0063145,0.037697,-0.0084888,-0.0029678,-0.0041159,-0.041809,0.022489,-0.020224,0.0079584,-0.027289,0.019313,0.010572,-0.1099,-0.021758,0.023871,0.063656,0.019447,-0.026091,-0.017569,-0.0096921,-0.0893,0.041334,-0.011381,-0.038004,0.0047193,0.23493,-0.090838,0.037379,-0.036539,0.016711,0.015534,-0.051166,-0.022156,-0.055745,0.027327,-0.032384,0.099911,0.0051547,0.043158,0.022026,0.039148,-0.026794,0.0030216,-0.029175,-0.0046273,0.028448,0.020183,0.12339,-0.026365,0.017561,-0.032844,-0.066644,0.02437,-0.024001,0.11215,-0.00029486,-0.064886,-0.040427,-0.040325,0.058519,-0.023337,-0.013087,-0.00083664
-0.020079,-0.1403,0.015007,-0.20068,-0.024294,-0.090585,-0.096354,0.04532,0.11493,-0.028702,0.035852,0.033645,0.01429,-0.021798,0.026567,-0.078428,0.10561,-0.0064519,0.0012799,-0.018544,-0.040806,-0.011801,0.012505,-0.0083077,0.0027637,-0.052059,0.11752,-0.010853,-0.017395,0.029642,-0.030551,0.017578,-0.0092718,0.040645,-0.019158,-0.0082751,0.03997,0.18316,-0.028628,0.013782,0.013304,0.010592,0.010914,-0.020662,0.0080833,0.0042804,-0.13151,0.014912,0.013954,0.0031694,-0.021515,0.042508,-0.051024,-0.076873,0.084843,-0.0096317,-0.0089062,-0.022649,0.027735,-0.012195,-0.017343,0.0098929,-0.021934,-0.0070164,0.011733,-0.0022559,-0.0026616,0.01733,-0.024949,-0.022692,0.0032741,0.0047007,-0.012154,-0.011179,-0.017809,-0.02192,-0.00042537,0.092892,0.11217,0.019465,0.046995,-0.045039,0.024221,0.014064,-0.0012762
-0.0057103,0.022999,0.012775,-0.038183,-0.014347,0.022193,0.0043435,9.4232e-05,0.024023,-0.026045,0.020697,0.037311,-0.010597,0.011154,0.0065374,-0.028155,0.015719,0.015586,0.01803,-0.0016696,0.013853,-0.014825,-0.0092748,-0.007028,-0.014691,-0.00058971,0.043545,0.027453,0.0092367,0.0050617,0.016779,0.0027995,-0.02034,-0.0019392,-0.034565,-0.012244,-0.0079377,0.067188,-0.0013901,0.006064,0.00039883,0.0061681,0.010125,-0.010034,0.0051703,-0.0070208,-0.012912,0.022902,-0.011496,0.019899,0.011158,-0.0098491,0.004497,-0.004889,0.03422,0.014612,0.0048301,0.019623,0.044176,0.011212,0.012017,-0.0083485,-0.015335,-0.0060508,0.0060164,0.006856,0.017143,0.008572,-0.0023697,0.024138,0.0040459,-0.0056422,-0.0014185,-0.0067635,0.008655,0.0024506,-0.0062942,0.0056411,0.099372,0.0081839,0.010976,-0.019452,-0.0032083,-0.00050662,8.6222e-05
0.0031469,-0.018863,-0.0071178,0.049083,-0.017246,-0.0054222,0.008515,0.0065702,-0.0076818,-0.052221,0.0029079,0.011709,0.005142,0.00010588,-0.0081621,0.0016011,-0.0091449,0.014036,0.0014465,-0.0024147,-0.0093146,0.016578,-0.0087021,0.020005,-0.0049232,0.020989,0.0048498,-0.020521,-0.015806,0.021144,-0.016441,-0.0071294,-0.02028,0.008471,0.0093196,0.018529,-0.027518,-0.01481,-0.0011364,-0.015889,-0.0018704,0.0075366,0.0057396,-0.0085218,0.00029943,0.0030943,0.00093937,0.046973,0.017908,0.05447,-0.0052033,0.0071035,-0.051255,0.0043751,-0.022539,0.017108,0.012457,-0.00061349,-0.017534,-0.021532,-0.011404,0.019355,-0.007657,0.0048777,0.014307,0.034172,0.0099015,0.0072156,0.0027732,0.010791,-0.0099168,0.005198,-0.0013494,-0.00038988,0.0015323,-0.0018882,-0.0064939,-0.00075118,-0.016508,0.05848,0.0091578,-0.0087,0.0056887,0.017354,-0.00033684
-0.036617,-0.10331,-0.10158,-0.064073,-0.053817,-0.016301,0.0042867,-0.027344,0.016141,0.003725,0.010357,-0.034208,0.022957,0.018637,-0.04426,0.013927,-0.041551,0.0083675,0.059755,0.024046,-0.016948,0.034147,0.0046793,0.0044677,-0.016157,-0.0084611,0.099599,0.015664,-0.0075495,0.0020039,-0.025715,-0.0056441,-0.00090102,0.03196,0.016037,-0.016152,0.037363,0.070846,-0.027993,-0.010253,-0.0086308,0.0031001,0.019221,0.028812,0.00975,0.027692,-0.037982,-0.068471,-0.0092001,-0.040594,-0.00097987,-0.025277,-0.052411,-0.048111,0.016454,-0.0072154,-0.010753,0.055526,0.032897,-0.015441,-0.026056,0.015302,0.021586,-0.0046027,0.021146,7.0386e-05,0.028955,0.011946,-0.0012445,-0.036293,0.0027656,0.0029347,0.016543,-0.009005,0.010975,-0.0053795,0.0065823,0.0062302,0.067322,0.059063,0.0705,0.01922,-0.025553,0.0050715,6.5815e-05
-0.0060592,-0.1196,-0.022595,-0.056995,-0.012049,0.013199,-0.034415,0.016164,0.049418,0.050401,0.0069085,0.017872,0.043294,-0.031326,-0.010196,-0.026138,0.063203,-0.037162,0.016134,0.031618,-0.0015331,0.0090676,0.0124,-0.0048787,0.020179,-0.021671,0.075491,0.008857,0.050466,-0.012303,-0.0031882,-0.00063895,0.019802,-0.023793,-0.00029426,-0.027624,0.011498,0.042131,0.0068687,0.010319,-0.0016408,0.00033988,-0.023483,-0.0091667,-0.0028014,-0.0036651,0.0089626,-0.022701,0.01529,0.035479,0.0089688,-0.0034713,0.039065,-0.00087757,0.028547,-0.0043004,-0.025751,0.0048008,-0.03669,0.0043757,0.013333,-0.0062657,0.00018482,-0.0081856,0.0072811,0.0070802,0.001812,-0.0025267,-0.011326,-0.011316,0.0051299,-0.0031697,0.012465,0.0053285,0.0040832,0.0071189,-0.00051395,0.025649,-0.037676,-0.044191,-0.0066234,0.11397,0.0093727,0.0018719,0.00068495
0.032508,0.32137,-0.0035018,-0.03177,0.036919,-0.01189,-0.099732,-0.03329,-0.027174,-0.0043277,0.011169,-0.10824,0.014416,0.010971,-0.055293,-0.040837,0.13325,-0.012947,-0.012128,0.057746,-0.037904,-0.0076453,0.0016229,-0.022965,0.00041818,-0.0084109,0.03754,0.006041,-0.010371,0.020576,0.065254,0.021582,0.01525,-0.047395,-0.031618,-0.014813,0.053563,0.024913,0.025225,0.084746,0.017641,0.02976,-0.0573,0.030085,0.0036282,0.026768,-0.02242,-0.09906,0.047921,0.08633,-0.0057871,0.0091098,0.058251,0.026049,-0.044587,-0.0060835,-0.0013075,-0.018301,-0.10505,-0.024765,-0.016776,-0.0033933,-0.0065785,0.03772,0.0075308,-0.010631,-0.026945,0.0053353,-0.043458,-0.043887,-0.0081507,-0.0057555,0.012397,0.0087477,0.025824,0.0011921,-0.030849,0.015501,0.074247,-0.020049,0.017349,-0.019541,0.066737,-0.0062167,0.00026583
-0.0014408,0.14993,0.015888,0.032307,0.024164,0.010304,0.068284,-0.028257,0.041501,-0.054587,0.025811,0.005905,-0.068232,0.042569,0.0025149,0.05579,0.021458,-0.020637,0.030894,0.053166,-0.015789,-0.0074505,0.051643,0.022556,0.040092,0.013279,0.061892,-0.010354,0.016848,-0.019033,-0.020691,0.0060087,0.040519,0.030442,0.10995,-0.039622,-0.0037933,0.017306,0.00043728,0.010167,0.0091656,0.015749,-0.021031,-0.011468,-0.0020461,-0.0026424,-0.051873,0.013567,0.015583,0.066388,-0.029351,-0.066072,0.014742,-0.01585,0.03107,-0.035531,-0.036461,0.073896,0.0093766,0.004289,-0.020476,-0.0074429,-0.01738,-0.0021662,0.015217,-0.011316,-0.005586,-0.024361,-0.017086,-0.0022081,-0.026299,0.020633,0.02457,0.018731,-0.0014076,0.0074847,-0.020936,0.0031266,0.013204,0.0035564,-0.080446,-0.048139,0.032875,0.067888,0.00061032
0.17901,0.66038,-0.17896,0.28783,0.43119,0.34098,0.50792,1.0188,-0.095865,0.54106,0.11139,0.52617,0.14451,-0.12967,-0.12911,0.033431,0.63056,0.09728,0.091648,0.47546,0.50121,0.18061,0.56408,0.30359,0.05746,0.32174,-0.26348,0.34922,0.14512,0.60112,0.15371,0.57054,0.37561,0.20442,0.27092,0.073986,0.35725,1.2771,0.21325,0.36636,0.33424,0.32129,0.78469,-0.051895,0.23067,0.18535,0.25143,0.76161,0.90016,0.1577,0.62255,0.31062,0.89359,0.1518,-0.080412,0.0026686,0.5733,0.65324,0.68292,0.4114,0.7685,0.49077,0.9126,0.021781,0.39134,0.37581,0.21846,0.14666,0.1368,0.4066,-0.017491,0.08992,0.1931,0.002071,0.19704,0.11782,-0.037413,0.033158,0.89284,0.40845,-0.047934,0.13463,0.25555,0.03102,0.95719
