-0.99015,-1.3375,-0.50329,-0.077692,0.82649,0.13809,3.4321,-1.5133,-0.93625,2.5009,0.31106,-3.7433,-3.815,0.10125,-2.1773,0.236,-2.8416,-0.12753,-0.88354,-3.7996,-1.8517,-1.9159,-3.8767,-1.4282,-0.58059,-0.9089,0.19065,-2.5741,3.2985,0.10732,3.6704,0.84077,-2.1201,-0.10632,1.1924,0.64546,-1.205,-4.0286,1.0701,-1.3415,0.6614,0.2433,7.3101,1.8171,2.0981,1.4016,-0.82283,-2.6082,-2.7554,-1.615,-0.96381,1.5523,4.6998,-0.90336,1.8258,2.5691,-1.15,-2.2769,-2.2252,-1.2297,-1.0634,1.3639,-2.0383,3.202,1.8708,4.4302,1.3846,1.3459,1.6137,-1.7382,2.1242,1.4443,1.9419,5.0449,1.0475,3.7427,1.8902,4.336,-0.45871,2.0705,3.9805,1.9359,0.65802,1.4804,0.24604
0.15759,0.23959,-0.022426,0.090368,-0.1053,-0.12268,-0.13085,-0.10518,-0.00454,-0.11121,0.053612,-0.2935,0.077069,6.0055e-05,0.060695,0.097016,0.025972,-0.019956,-0.068066,-0.050977,-0.00965,0.00039346,-0.051245,0.12234,-0.052829,0.030764,-0.21656,-0.077432,-0.17553,0.02068,0.12263,-0.040245,-0.018336,-0.073225,-0.11192,0.069262,-0.069692,-0.049459,0.0063116,0.062028,-0.0010141,-0.023789,-0.019772,0.055654,0.00021341,0.0081788,-0.10585,-0.34182,0.017013,-0.18189,0.10735,-0.01235,0.026939,-0.020202,0.081214,-0.016548,0.11462,0.10564,0.036691,-0.065036,0.061154,0.063549,0.12749,-0.014062,0.017265,0.1017,-0.013599,0.039295,-0.061574,-0.14696,-0.0091192,-0.0087723,0.016443,-0.067492,0.051716,-0.010656,0.0024444,0.017418,0.025734,0.045912,0.0807,0.08025,0.059613,-0.031885,-0.0019025
0.0013404,0.099378,0.0040038,0.012273,-0.002813,0.021464,-0.033287,-0.012469,-0.0029207,-0.012375,0.0010368,0.017926,-0.0010217,-0.0028783,-0.0095897,0.0033085,0.0098953,0.00433,-0.0023729,-0.0066869,0.0021681,0.00024746,0.00037221,0.0081858,0.0034424,0.016282,0.00010695,-0.019409,0.007904,0.011493,0.011894,0.0031479,-0.0080677,-0.0091419,-0.0049273,-0.0070238,-0.0041307,-0.0013095,0.0050342,0.006186,0.00083358,-0.00094851,-0.00025336,-0.0063668,5.629e-05,0.00086025,-0.01077,0.029107,0.012229,-0.0053056,0.0022524,-0.022436,-0.01123,0.003312,-0.001929,-0.0086123,0.0093986,-0.0058523,-0.0074264,0.0063643,0.0056599,-0.011805,0.0025699,-0.0055214,-0.0075359,0.0091258,-0.0077293,-0.0013966,0.0028546,0.0042801,-0.0023398,-0.0039713,0.0073343,0.0071684,-0.0058886,-0.0019389,-1.7917e-05,0.0011082,-0.0042955,0.0016418,-0.0055072,0.014286,0.0044983,0.0069789,-0.00037479
-0.00059261,-0.055402,0.05624,0.019161,0.010881,-0.02271,-0.02735,0.0099785,0.062576,0.024093,0.0020621,0.016058,-0.0071974,0.002561,0.0031019,0.0075277,-0.040301,-0.0020127,0.0027384,-0.014847,-0.010966,-0.0015298,-0.014666,0.011189,0.029424,-0.005756,-0.042111,0.011377,-0.017594,-0.003311,-0.01598,-0.003165,0.015373,0.0028861,-0.03277,-0.0016908,-0.0079396,0.022307,0.0002654,-0.0098791,0.0056297,-0.0091989,0.016019,-0.0022807,0.00068637,0.0056064,0.0049494,0.026005,-0.0088673,0.0065825,-0.00076486,0.0066975,-0.020809,-0.019458,0.0041449,-0.011745,0.00054038,-0.016391,0.032616,-0.0015491,-0.0010527,-0.0047394,-0.0010181,0.013292,-3.8631e-05,-0.0053458,-0.008969,-0.0046869,-0.0064458,0.0032569,-0.0021838,0.0037189,0.002799,-0.0069608,-0.0046384,-0.0076479,0.0017914,0.013348,0.010478,-0.0095547,0.007096,-0.012553,-0.013728,-0.01034,-0.00086588
-0.0056707,-0.056316,-0.015955,0.14702,0.0079499,-0.016471,-0.046236,0.032464,0.0048629,0.00089889,0.0018212,-0.011173,-0.009128,-0.0043335,0.0024385,0.017838,0.026495,0.0088291,0.003429,0.022955,0.0040553,-0.010305,0.0022778,-0.010291,0.0046543,0.012963,-0.044321,0.019348,0.018841,0.0047703,-0.024298,0.0006452,0.01528,-0.0014078,0.0030509,-0.01262,0.0096944,0.015886,-0.0032677,-0.00012343,-0.00043155,-0.0018643,0.0090315,0.00095568,0.0033101,0.0012002,0.027504,-0.022607,-0.0051154,-0.012785,-0.011817,0.011938,0.0082803,8.0364e-05,-0.011012,0.021662,-0.0090813,0.038733,-0.026708,-0.0094269,-0.014762,0.0022489,0.0034802,0.011222,0.0068505,0.0021173,0.010939,-0.00013314,0.002247,-0.011176,-0.013194,0.0088256,0.0091362,0.00087372,0.0021231,-0.0012343,-0.0044057,0.00090415,-0.00090973,0.00084197,-0.0057947,0.044301,-0.0052572,-0.0068265,0.00033046
0.0097376,-0.086453,0.078001,0.014186,0.040289,0.02563,0.0022388,0.002225,0.022472,0.014567,-0.015745,-0.0082452,-0.023608,0.030595,-0.028707,0.013599,0.023678,0.012555,-0.017602,-0.0023202,0.00038012,0.024846,0.032608,-0.020565,0.010417,-0.018971,-0.015856,0.0098256,-0.0032202,0.029505,0.022098,0.0077014,-0.0093655,-0.00099333,0.043767,-0.0022431,0.019293,-0.06499,0.018456,-0.011634,-3.3943e-05,0.012172,-0.02619,-0.019356,0.0021572,-0.003916,-0.0021978,0.065434,0.029218,0.044241,-0.0026314,-0.01604,0.057634,0.017137,-0.016162,0.019368,-0.012018,-0.0086227,0.0039993,-0.0070159,-0.0038956,0.012073,0.0093358,0.00396,-0.0016756,0.0049418,0.0089463,0.0014301,-0.018212,0.0052069,0.002285,0.012678,-0.0049946,0.017517,0.00043054,-0.0011973,-0.0013492,-0.014373,-0.03147,0.0086414,-0.0067095,-0.0071361,0.01459,0.0099566,-9.9013e-05
0.010895,0.011371,0.05941,-0.074129,-0.016843,0.16432,-0.040337,0.015591,0.047608,0.050572,-0.0017385,0.053343,-0.027901,0.031919,-0.016047,-0.048011,-0.099831,0.0076972,0.0028489,0.0010673,0.020571,0.006628,-0.007194,0.027128,0.021822,0.041575,0.050163,0.026083,0.0043263,-0.0085364,0.042636,-0.0037923,0.023648,0.020923,-0.019937,0.012263,0.0096361,0.0767,0.022451,-0.0024731,0.0082512,-0.010716,0.002269,-0.02622,-0.0060273,-0.0015206,0.0079562,-0.048929,-0.024982,-0.10987,-0.010585,-0.020359,-0.031708,-0.0068187,0.010393,-0.047963,0.0056188,-0.045851,0.035056,0.023662,0.031446,-0.0015619,0.054215,-0.015078,0.0011122,-0.012021,-0.022024,-0.0082197,-0.0033392,0.020581,-0.00059368,0.0099958,-0.011859,0.041245,0.013987,0.0041609,0.028186,-0.0054118,-0.015366,-0.041859,-0.007116,0.012418,-0.0075503,-0.0061558,-8.2839e-05
0.0078979,0.011733,0.017634,-0.030681,-0.015702,-0.0077635,0.12227,-0.024537,-0.0091354,0.0036181,-0.0028895,-0.0010879,0.0034175,-0.00028091,0.014962,-0.011468,-0.0058247,-0.0058945,0.00041666,5.2498e-05,-0.012692,-0.0061662,-0.013942,0.0081036,0.0017864,0.010755,-0.043616,-0.0015832,0.0050898,-0.0015644,0.012789,-0.0020239,-0.0088751,0.011303,-0.021921,0.011669,-0.0040272,0.031511,-0.0066155,-0.0030875,0.0013301,-0.0081657,0.013808,-0.0054539,-0.0055846,0.0026483,0.01369,0.047004,-0.0099686,-0.0041044,-0.0017157,0.023437,-0.014706,0.0021266,0.018176,-0.019002,-0.026758,-0.03112,0.0030108,-0.001614,-0.0037459,-0.018062,0.0092027,0.00082085,-0.0010716,-0.0080156,-0.0039791,0.0032746,0.0049676,0.019125,0.00024008,7.4106e-05,0.00054373,-0.014342,0.0044942,-0.0067598,0.0039673,-0.0080032,-0.016575,-0.0063289,-0.021995,-0.011026,-0.00032694,-0.0099436,-0.0017838
-0.01482,-0.30971,-0.051297,-0.10547,0.038132,-0.012351,-0.025315,0.18939,0.083223,0.093879,-0.024157,-0.029782,-0.019893,0.0018333,0.0026865,-0.010881,0.067802,-0.013457,0.036287,0.047871,0.041584,0.0033476,0.045491,-0.04353,-0.0056699,-0.037319,0.11789,0.061619,-0.0055686,0.0025977,0.0075862,-0.00096017,0.014654,0.025532,0.022195,0.026395,0.048943,-0.047769,-0.016869,0.0072868,-0.0038351,0.00086008,0.090017,-0.035378,-0.0074136,-0.016713,0.064563,0.021584,0.050237,0.05377,-0.016629,0.018978,0.035801,-0.010438,-0.0089988,-0.024195,-0.0096376,-0.03538,-0.0088375,-0.021934,0.0050763,0.050561,0.0026231,0.021642,-0.00083305,-0.016811,-0.0022182,-0.00099316,0.022744,0.0057034,0.0050707,0.02108,-0.0067358,0.0020296,0.015363,-0.0051424,0.018209,-0.0086101,-0.056055,-0.021436,0.0083215,-0.041872,0.011874,0.003973,-0.0014718
0.0062841,-0.033536,0.016066,0.019812,-0.047049,-0.032487,-0.0285,0.0029695,0.12644,0.0096717,0.020566,-0.00091128,0.0094266,0.01616,0.014213,0.017568,0.011138,0.0011748,0.031942,-0.02156,-0.002224,-0.037746,0.0057149,0.0017544,-0.012961,0.0045084,0.010682,0.044234,-0.017815,-0.013711,-0.0084079,-0.0016222,-0.0046697,-0.0031392,-0.014876,-0.0019143,-0.0073514,-0.002135,-0.0049681,0.00051845,0.0031702,0.0029908,0.025886,0.010824,-0.00034916,-0.0075035,0.01702,-0.008,0.0070028,-0.027692,-0.002786,0.022794,0.021106,-0.004607,0.012992,0.0356,0.025252,-0.023079,0.0047817,0.0035578,-0.0015013,-0.020722,-0.0010518,0.0073386,0.0048221,-0.0015418,0.0006323,0.0061307,-0.007157,0.012833,-0.00015817,-0.002754,0.013504,-0.00028231,-0.006969,-0.005974,-0.0065548,0.0052014,0.030123,0.0028653,0.0090974,-0.02338,-0.0074072,-0.0027992,0.0011545
-0.011643,-0.022403,0.025508,-0.081933,0.032281,-0.0023567,0.064868,3.1143e-05,0.042188,0.10776,0.00032252,-0.012964,0.022473,-0.025614,-0.010518,0.012092,0.015366,-0.003269,-0.003259,0.0084573,0.0088905,0.011986,-0.0078116,0.017865,0.01322,0.021211,0.032693,0.011438,-0.027801,0.017326,-0.023135,-0.0038002,-0.0016244,-0.021273,-0.013204,0.014723,-0.031508,-0.06954,0.015339,0.0097491,0.010448,-0.010125,0.027288,0.0085898,-0.0079429,0.0033239,0.02597,0.070622,0.0076667,0.075746,-0.013495,0.0017323,0.04267,0.021811,-0.039982,0.0097023,0.027213,-0.036109,-0.0076269,0.020098,-0.0049928,-0.0045744,0.0092094,-0.0037343,-0.012032,0.01607,-0.020068,-0.0043358,-0.011369,0.0075648,0.01331,-0.0062059,-0.0023846,0.011938,-0.007,0.0078591,-0.013497,-0.0057687,-0.025988,0.003298,0.015989,0.0058035,0.0025958,0.0059553,-0.00042529
-0.012282,0.18184,-0.14285,0.1176,-0.077948,-0.099314,-0.058958,0.019484,0.023678,0.16605,0.09771,0.099891,0.020355,-0.042883,-0.024199,0.020644,0.047055,0.097057,0.047783,0.012929,0.068152,-0.11382,-0.047857,0.021462,0.086418,0.01998,-0.14796,0.13789,-0.029121,0.065819,0.031081,-0.029092,0.016277,-0.01632,-0.068647,0.057538,-0.079231,0.14926,0.058634,-0.00066272,0.0096928,0.010863,0.13709,0.061287,0.0030626,0.0014529,-0.05679,-0.20445,0.04326,-0.094094,0.031048,-0.052048,0.042057,0.014666,0.031064,0.11229,-0.019986,-0.062307,0.01792,0.017641,0.02836,-0.058341,0.064006,-0.068405,-0.012015,0.0043359,-0.035902,0.0086402,0.033801,0.032132,-0.028889,0.015884,-0.016196,-0.074328,-0.036593,0.00034434,-0.062095,-0.0091533,0.097662,0.066035,-0.029153,-0.040529,0.0097635,-0.004842,-0.00023558
0.009493,0.049894,0.098073,-0.06709,-0.006525,0.027555,0.0021517,0.024627,0.083986,0.053074,-0.0067187,0.1589,-0.013907,0.070102,-0.041256,-0.06107,-0.0010717,-0.023871,-0.047628,0.0097809,-0.0077566,0.019392,0.0054069,-0.022211,0.0096043,-0.0029312,0.09376,-0.0096352,-0.0027043,0.016371,0.0075775,-0.00025564,-0.036541,0.03019,0.020945,-0.014936,-0.028677,-0.077915,0.017147,0.023347,0.010659,0.0090805,-0.036893,-0.022388,-0.0091873,0.0035942,-0.0009018,0.040956,0.0097762,0.073938,0.0058561,-0.03553,0.018745,0.014191,0.029011,0.0026196,-0.026614,-0.044584,-0.065247,0.00076587,0.011898,0.019533,-0.0013328,0.020886,-0.0024928,-0.0034345,-0.0073299,-0.006556,0.025117,0.0030303,-0.011406,-0.00094003,0.0039403,0.016068,0.0015863,-0.025344,0.0045829,0.010056,-0.037844,0.0011087,-0.01782,0.021017,0.012948,0.022928,0.00096811
0.0018208,-0.09043,-0.055617,0.013387,0.022539,0.0053144,-0.06459,-0.0098236,0.044991,-0.046263,-0.0039072,-0.028933,0.062873,0.020563,-0.059818,-0.019071,-0.0031707,0.020312,0.030042,0.053254,-0.019878,0.034905,-0.0078615,0.011577,0.023496,0.013107,-0.012835,-0.031049,0.028691,0.0057759,-0.0081003,-0.004407,0.0084273,0.013595,-0.083996,0.015993,0.021289,0.040534,-0.024728,-0.0098765,0.0087051,0.021047,-0.0063527,0.012963,-0.004523,0.021729,0.0011878,-0.056259,-0.0027141,0.02991,-0.0062668,0.0071322,-0.035136,-0.015632,0.032627,-0.025277,0.0019385,-0.028475,0.054631,-0.0028434,-0.016923,0.035001,0.0070692,-0.020049,0.001226,0.014901,0.0012824,0.01509,-0.0036462,0.014772,0.0034256,0.00098113,-0.00076463,-0.032673,0.013052,-0.0044673,0.02164,0.0048081,-0.064144,0.04655,0.023404,0.0011922,-0.0039689,-0.001947,0.00045983
0.015009,0.036623,0.060819,0.046657,-0.034613,-0.0040941,0.11212,-0.064399,0.091452,0.0043939,0.0073193,-0.0089949,0.053868,0.11465,0.0061154,-0.034787,-0.060568,0.0076488,-0.0017372,0.012275,-0.010784,0.032858,0.0065524,0.0051673,0.029106,0.011027,0.0012119,0.041395,-0.046741,0.012167,0.024287,0.0205,0.0078738,-0.033227,-0.013634,-0.030246,-0.013927,-0.0055266,-0.030488,-0.0030964,0.00028173,0.014847,-0.040833,0.023243,-0.012189,0.012309,-0.011294,-0.094562,-0.010865,-0.055736,0.017568,0.0061639,0.016939,-0.0033317,-0.027057,-0.029475,0.024932,0.041757,-0.033943,-0.026641,0.037083,-0.0094251,0.058641,0.045395,-0.0073,0.001345,-0.0044193,0.0071629,-0.0070962,-0.039081,0.0053502,0.01716,0.028457,-0.016397,0.004451,-0.016154,-0.0081405,-0.0011804,-0.075981,-0.0003139,0.022448,0.010654,0.016752,-0.014216,0.0016816
0.00051616,0.13223,0.0065652,-0.082949,-0.0069132,-0.02504,-0.022254,-0.011114,-0.059428,-0.03378,0.021354,-0.019169,0.00064923,-0.040186,0.024017,-0.0046108,-0.0033001,0.013775,-8.2537e-05,-0.0051037,-0.023227,-0.042038,0.010705,-0.0085144,-0.00021666,-0.005327,0.0024999,0.018859,-0.056731,0.0040828,0.0073693,0.0053918,0.022639,-0.035948,-0.022666,0.027122,-0.0026084,0.031188,0.010849,0.010205,0.0077374,-0.012782,0.027938,-0.0031524,0.0064011,0.0083022,0.019451,-0.0071637,0.012651,-0.047159,-0.018377,0.019077,-0.027651,0.023314,0.04753,0.041718,0.042165,0.0065123,0.0037563,0.0084243,-0.014178,-0.011578,0.0089965,0.0022275,0.0019383,-0.0013769,0.0072456,0.0050007,-0.013293,-0.0097285,0.0052,0.0073557,-0.011573,-0.00014813,0.0047179,0.0066196,-0.017712,0.0095822,0.028137,0.024511,-0.0089573,-0.013009,0.0024474,-0.024123,0.00063445
-0.051637,0.12429,-0.14206,0.085619,0.10914,-0.01508,-0.0088041,-0.057092,-0.19314,0.0078097,0.011024,-0.039988,-0.0011136,0.01601,0.0016582,0.12485,-0.0055828,0.031379,-0.038102,-0.032821,2.1202e-05,-0.0037524,0.046381,0.011733,7.0974e-05,-0.012368,-0.13392,-0.018495,-0.024883,0.0075748,-0.0049113,0.021294,-0.0074732,-0.02926,0.081261,0.012078,-0.0044754,-0.045798,0.013431,-0.016659,-0.010221,-0.0044934,-0.070701,0.022908,0.006372,-0.0089725,0.028151,0.075177,0.053061,-0.011636,0.0069498,-0.0025603,0.017441,0.0013673,-0.008838,-0.011688,-0.025693,-0.034445,0.0086843,-0.015416,-0.040618,-0.06343,-0.010982,-0.01193,-0.0068936,0.0061207,0.0058768,0.012129,-0.015869,-0.017502,0.044504,0.0090032,0.0037467,-0.012798,0.0070197,-0.0029091,-0.0083642,-0.026948,-0.013307,-0.060488,-0.012908,0.084143,0.017256,-0.004086,-0.00088509
0.0057341,-0.081007,0.0070283,-0.057022,-0.025529,0.010167,0.02202,0.0052702,0.044838,-0.014249,0.0027418,-0.0038371,0.007604,0.008068,-0.010717,-0.010438,0.11745,0.0078578,0.012279,-0.0093442,-0.0046586,-0.028862,0.010962,0.0058952,-0.025005,0.001838,-0.012319,0.019211,0.01555,0.0059355,0.011457,-0.0024947,-0.020419,-0.005104,0.009307,0.00083541,0.021637,-0.026302,0.0037218,0.012744,-0.0040655,0.0023003,0.017599,-0.011841,0.0024253,0.0035177,0.013036,0.024612,-0.0021918,-0.028429,-0.015146,-0.014897,0.018215,0.01425,0.027583,0.011483,0.00067843,0.031132,0.018374,-0.0029735,0.0040891,0.009521,-0.0088276,-0.003077,-0.0084869,0.0036021,-0.011381,-0.0049615,-0.0092716,0.00019897,0.0027872,-0.003272,0.00044859,0.012263,0.014518,0.0041723,0.0031362,0.0032837,0.048116,0.017581,0.0062502,-0.0027229,0.0048678,-0.015625,0.00015634
0.0011787,-0.078963,-0.16479,0.12726,0.0075126,0.0047172,0.015943,-0.0063309,-0.0046913,0.11583,-6.699e-05,0.020351,0.084634,0.029773,0.027514,0.024275,-0.034929,0.064451,0.0069393,0.020875,0.0078923,0.077376,-0.006747,0.023279,0.048293,0.019068,0.13758,-0.049276,-0.0068766,0.027482,0.03397,-0.0060622,-0.017194,0.038176,0.024205,0.0073172,0.018641,-0.07963,0.00923,-0.0087561,0.0077189,-0.0036367,-0.035443,0.017565,-0.0042706,-0.012282,0.016242,0.033664,-0.02429,0.034441,0.021785,0.034869,0.031207,0.048934,-0.042347,0.0024234,0.02413,-0.085391,0.026827,0.025599,-0.012022,0.029159,0.0085499,-0.004064,-0.011448,0.0405,1.8953e-05,-0.015395,0.03614,0.049218,-0.0078296,0.010509,-0.045395,0.028965,-0.011947,0.00073656,0.0001234,-0.017739,-0.089941,0.016454,-0.014215,0.064482,0.011373,0.0086818,0.0007388
-0.0044226,-0.21546,0.053213,0.07083,-0.02228,-0.017037,-0.071343,0.0086324,0.0040744,0.005828,-0.00092216,-0.058241,0.026612,-0.0060698,0.029525,0.018988,-0.069846,0.019873,0.083925,0.020813,0.0033017,-0.0015357,-0.019639,-0.014176,0.012186,-0.027631,-0.021571,-0.019396,-0.021682,-0.029694,0.0032961,0.0050791,-0.0041995,0.028617,0.050122,0.021194,-0.002337,0.05458,0.0029871,-0.012591,-0.00044109,-0.0010568,0.075384,0.019618,0.011226,-0.0071899,-0.010638,0.027203,-0.015754,0.067302,-0.0061009,-0.026893,0.053375,-0.010469,0.014934,0.037957,0.00034399,-0.0070078,0.014457,0.039272,0.0046178,-0.017425,0.045573,-0.0005409,-0.0014797,-0.014227,0.0046549,0.0013936,0.025832,0.034365,-0.01573,0.0020617,0.00092529,-0.020283,-0.013379,0.011918,-0.0099391,-0.020286,0.00089149,-0.021696,-0.0090363,-0.024139,-0.013317,0.013234,0.0017634
0.0032106,-0.10444,0.031821,-0.079226,0.0069004,-0.0039629,-0.026879,0.055676,0.12194,0.019427,-0.011543,0.032036,-0.017116,0.064321,-0.065336,-0.028099,-0.13084,-0.02537,0.021556,0.080273,0.0032054,0.050715,-0.008571,-0.0058454,0.020171,0.012506,0.049385,0.011937,0.032754,0.028043,-0.045298,0.0084078,0.027592,0.02685,-0.010989,0.043448,0.026226,0.046271,-0.023589,0.020913,0.016222,-0.00036876,0.057924,-0.02654,-0.011817,0.007826,0.038327,-0.064944,-0.049938,0.010142,-0.015684,-0.0060442,-0.0063934,-0.049354,-0.03107,-0.021734,-0.0043164,0.050092,-0.041834,0.015845,-0.032045,0.0066127,0.0046341,-0.0047809,-0.0065389,0.014736,0.013651,0.0032629,0.014697,0.0084773,-0.0018211,0.010848,-0.0068677,0.024753,-0.0015634,0.018751,-0.0090234,0.0047317,-0.013501,-0.029921,-0.01214,-0.065102,0.0070369,0.0070812,-0.0024584
-0.03281,-0.072281,-0.0023014,0.095672,-0.0026028,-0.024155,0.16551,0.066027,0.02398,-0.011011,-0.0040599,0.070893,-0.021139,-0.00062448,0.041548,-0.016022,0.022488,0.010863,-0.0027527,-0.035479,0.14581,-0.0084675,0.044732,-0.012729,-0.024727,0.031296,0.054812,0.022788,0.010544,-0.0025056,-0.056642,0.0098061,-0.01698,0.0089689,0.020155,-0.018316,-0.022649,0.018297,0.031327,-0.018579,0.0093509,-0.020772,0.066476,-0.0087404,-0.0022467,-0.028016,0.08132,0.036986,0.034591,-0.02106,0.02155,-0.011509,0.045441,0.074823,-0.053147,-0.03736,0.040753,0.07575,0.04025,0.0059649,0.030692,0.0035588,0.014956,0.022705,0.016671,0.05389,0.037677,0.0042728,0.0031272,-0.029535,0.0064521,-0.020206,0.018624,0.03016,0.019814,-0.0086124,-0.0017822,-0.020253,-0.0099517,-0.017353,-0.011843,0.0080434,-0.019558,-0.031703,0.00088383
0.0051898,0.025062,0.087816,-0.056971,0.077311,-0.0057785,0.084486,-0.0031856,0.0049268,0.051584,0.0051885,-0.038475,0.025584,0.026753,0.10258,0.027786,-0.051257,0.044675,0.00041005,0.032406,0.0040501,0.12898,0.018608,0.035212,0.083153,-0.021469,0.022467,-0.0023822,0.018806,0.019239,0.0093486,0.0060634,0.01965,0.019247,0.020607,-0.0085049,0.021008,0.042594,-0.00031037,0.0058908,0.0073531,-0.0044696,0.01358,-0.0013458,-0.011406,0.011747,-0.0041877,0.0929,-0.0071671,0.049854,-0.012337,-0.044782,0.015466,-0.031007,-0.010892,-0.011119,0.0017919,-0.0067694,0.11437,-0.00936,-0.013562,0.029021,0.030522,-0.00059937,-0.0022648,0.052061,-0.0059821,0.0013154,-0.022724,-0.031792,-0.0035706,0.014579,-0.016453,0.03641,0.019566,-0.027225,0.019066,0.0075508,-0.034153,0.009584,-0.0056741,-0.024144,8.3128e-05,0.021971,-0.00050666
-0.0065727,-0.11784,-0.082227,0.061447,0.021933,-0.026891,-0.035984,-0.037052,-0.044882,-0.015844,-0.010135,-0.047582,-0.0040096,-0.0064711,0.11548,0.046418,0.17218,-0.056717,-0.037765,-0.090375,0.05174,0.036016,0.095338,0.011829,-0.042473,-0.031401,-0.11242,-0.031592,-0.017001,-0.046413,-0.015721,0.028845,-0.034015,-0.005809,0.055751,-0.023299,0.0007507,-0.087478,-0.024689,-0.011561,0.011168,0.029936,-0.032818,0.0038983,0.00035787,0.007448,-0.026591,0.094482,0.073016,0.14993,-0.036527,-0.010068,-0.013792,0.14164,-0.048273,-0.039852,0.011811,0.10206,-0.039468,0.0037864,0.019024,0.029755,0.0012316,0.054411,0.010128,-0.0061311,0.0032008,-0.013868,-0.011034,-0.021863,0.032496,0.010058,0.0031772,-0.02179,0.0066663,-0.029684,-0.010565,0.0050253,-0.0032867,-0.017145,-0.022096,-0.040351,0.032372,-0.0021023,-0.00039035
0.017342,-0.0020239,0.094053,0.044054,-0.054585,0.072049,-0.081226,0.019035,-0.097706,0.068765,0.045593,-0.012748,-0.018407,0.0069278,0.11425,0.054007,-0.21681,0.030641,0.012711,-0.0077732,0.043164,0.055307,-0.032376,0.0902,0.032527,-0.028272,-0.046042,-0.053552,0.01849,0.01616,0.075097,-0.0052923,-0.0018809,0.026102,0.055561,-0.042913,-0.062134,0.17794,-0.011082,0.028668,-0.0067574,-0.0241,0.05503,0.04948,-0.0061161,-0.045876,0.00151,0.12608,-0.0075748,-0.016254,0.039498,-0.068227,-0.0060974,-0.041631,-0.02475,0.081872,0.0096809,-0.082491,0.095622,0.011586,-0.0057432,0.003197,0.10532,0.02334,0.006144,0.047757,-0.029843,0.020537,0.019533,-0.0043757,-0.023516,-0.018869,-0.022484,0.0044582,-0.028506,-0.0077205,0.023543,-0.011662,0.012561,-0.0043081,-0.049475,-0.00042813,0.0028434,0.0027634,-0.00091858
0.0191,0.077232,0.12665,0.05617,0.10722,-0.057427,0.0071879,-0.0058218,0.1147,-0.023492,-0.0057123,-0.0087009,-0.024991,0.0050571,0.10646,0.053337,0.033261,-0.0017844,-0.077881,-0.033893,-0.02373,0.053382,0.019893,-0.050999,0.11776,-0.0054123,-0.1446,0.060952,0.0043302,0.012842,0.0017357,0.023735,0.035304,0.012395,0.047486,0.0084087,0.013227,-0.11869,0.0051107,-0.011878,0.017879,-4.4927e-05,-0.013927,-0.0022848,0.015698,0.027066,-0.012876,-0.029728,-0.0058645,-0.057969,-0.022938,0.013324,-0.013519,0.051767,0.0018664,0.089925,-0.010414,-0.11496,0.084598,0.0060114,-0.030935,-0.0063178,0.054973,0.0055209,-0.0053282,0.017924,-0.020161,0.0031324,-0.020138,0.016147,0.019073,0.0017042,-0.010973,0.055092,-0.024921,0.02147,-0.019959,0.038595,-0.039958,0.027568,-0.022877,-0.077124,0.018024,0.035105,0.004704
-0.012482,0.01306,-0.017147,0.13355,-0.051253,0.041166,0.1091,0.050717,-0.065971,-0.013351,-0.020452,-0.038058,0.012647,-0.018065,0.0091176,-0.020571,0.021606,-0.031775,-0.030072,0.040112,0.020045,0.0055857,-0.0312,0.0019827,-0.010196,0.1664,-0.018018,-0.029496,0.00015899,0.026814,-0.023821,0.0022175,-0.020052,0.050444,0.037963,0.015253,-0.025211,0.064246,0.013464,0.014103,0.00042314,-0.0070815,0.028081,-0.04375,0.0012013,0.0084231,0.075469,0.024504,0.044983,0.017287,-0.019576,0.017535,-0.076732,-0.025919,0.0098072,0.0052201,0.0015616,-0.12471,0.0041024,-0.0057777,-0.0076311,-0.032452,0.0043042,-0.0076886,0.005082,0.018163,-0.0039867,0.010306,-0.0082778,-0.0082663,-0.018745,-0.0039017,0.016164,0.038362,0.0032592,0.0013389,0.030114,0.0004809,-0.11024,0.025718,-0.00040866,0.0020525,0.0026816,-0.0029774,-0.00063982
0.00040202,0.026793,-0.021679,-0.012301,-0.022424,-0.0018754,-0.036657,-0.0041994,0.050531,0.037325,0.0096369,-0.0057365,0.024442,0.025817,-0.017201,-0.0014013,0.0016379,0.0063632,0.01339,0.0045288,0.0067956,0.019456,0.0055608,0.021893,0.0025056,0.0040665,0.085336,-0.010592,0.010186,0.0084957,0.0036523,-0.00083601,-0.0049671,0.0073162,0.00088914,-0.010583,-0.0008287,0.021433,-0.0080505,-0.012197,-0.0012947,0.0050615,0.029885,-0.00044429,-0.0038142,-0.0034855,-0.004773,0.026116,0.0031387,0.047471,-0.0075402,0.0012815,-0.0032072,0.0020618,-0.010782,-0.0051023,0.0067562,-0.0045159,0.014681,0.00085672,0.0076088,0.0048486,0.0081236,0.0088292,0.0002998,-0.0029449,-0.0045691,-0.0083063,-0.0030183,0.0070056,-0.00056825,-0.00558,0.0011089,0.016141,-0.00617,-0.00010207,-0.0063035,0.0036727,0.003771,0.01304,0.010469,-0.0052152,0.00062059,0.0073886,0.0002464
-0.0060809,0.042231,0.00072261,-0.18984,-0.042028,0.056729,0.11479,0.02207,0.07213,-0.012375,0.017719,-0.0015529,-0.020862,-0.046809,0.074961,-0.0083099,0.046275,-0.054575,-0.034628,-0.017749,0.0077574,-0.024661,0.0062578,-0.051691,-0.017091,0.060339,-0.025152,0.16656,-0.033767,-0.033402,0.039242,0.011501,0.00013921,-0.0045766,-0.015557,-0.00049824,-0.016285,0.02326,0.00022964,-0.00048346,0.022842,0.0040599,0.05342,-0.050744,-2.0149e-05,0.016931,0.019142,-0.19554,0.013133,-0.078059,0.012323,0.022822,-0.008623,0.072614,0.050325,0.012251,0.00011437,-0.071394,-0.033099,0.0094224,0.0013769,-0.023664,-0.022561,-0.00037398,-0.003661,-0.00052922,-0.0039368,0.0069217,-0.006894,0.053048,0.022508,0.0090331,-0.0061794,-0.0014177,0.020956,0.00065193,-0.0068123,0.021876,0.079493,-0.03118,0.0021317,-0.025144,0.0065025,0.004096,0.00096779
0.011092,-0.10188,0.046993,-0.01797,0.0086283,0.082202,-0.023562,0.059018,0.025414,-0.055462,0.0040227,0.082528,-0.069635,0.036796,0.045388,-0.045393,0.040338,0.034722,-0.055032,0.0015043,0.074594,0.041566,0.032849,0.0078145,0.0089458,-0.033856,0.044537,0.085705,0.13372,0.012788,0.024756,0.015095,-0.0416,-0.010534,-0.078787,-0.054881,-0.0022633,0.056367,0.0062921,-0.020358,-0.0080703,0.0098012,-0.041792,-0.031258,-0.010896,-0.04282,0.036667,-0.031891,-0.022988,0.065442,0.017514,0.0030398,0.04202,-0.006325,0.053817,0.031399,-0.028384,-0.057857,0.0021928,4.6191e-05,0.0050269,0.0061204,0.03554,0.02007,0.0033889,-0.0068762,0.010718,0.010302,0.011028,0.016835,0.027116,-0.015799,-0.022583,0.054906,0.018421,0.0034717,-0.0083483,-0.010876,0.058076,-0.048818,-0.032381,-0.019901,-0.0062697,0.0081166,1.3547e-05
0.025009,0.21527,-0.094018,0.12438,0.03405,0.088194,-0.014062,0.026024,0.18819,0.060949,-0.0011956,0.12556,-0.047991,0.056064,0.042744,-0.033907,0.056689,0.011975,-0.025014,0.071937,0.03397,0.032933,-0.0084742,0.014506,0.046892,-0.082681,0.086803,0.086042,0.093332,0.16999,0.02596,-0.0024702,-0.015916,-0.015059,-0.0021612,0.036832,-0.037449,0.030073,0.049414,0.079568,-0.00017087,0.0024938,-0.088759,-0.0025239,-0.018828,-0.00040086,-0.00037844,0.10434,0.014021,0.038238,0.0021667,0.028668,0.067953,-0.098828,-0.046628,-0.022778,0.017128,-0.0049904,-0.089097,-0.010132,-0.01866,0.01878,0.13474,-0.0028579,0.0010107,0.019374,-0.021157,-0.0276,0.041721,0.021032,-0.0057763,0.015163,0.0040174,0.069853,0.0066123,-0.0029449,-0.012022,-0.0036984,0.10299,0.014394,0.040209,-0.0169,0.017469,0.010226,0.0020506
0.038263,0.034075,-0.0034859,-0.037773,0.044396,0.024864,-0.010069,0.0062312,0.0057067,-0.0197,0.0087993,-0.0033277,0.056911,0.052657,-0.081563,-0.035178,-0.11978,0.021018,-0.018328,0.010632,0.0067905,-0.012066,-0.02624,0.0046755,-0.022372,-0.010296,0.059253,-0.014585,-0.02845,0.014383,0.14476,0.008381,0.052179,-0.027354,-0.031421,0.022697,0.016044,0.045179,0.014537,-0.022179,-0.010974,0.010334,0.10257,0.011805,9.448e-05,0.014739,-0.032937,-0.043076,0.0058862,-0.0068381,0.023741,-0.021496,-0.0072494,0.0032904,-0.0087164,-0.0050037,0.0077153,-0.0055551,-0.010763,-0.0136,0.054619,-0.014755,0.0041219,0.0085876,-0.003476,-0.00866,-0.016999,-0.012532,-0.015448,-0.028172,0.018257,0.014067,-0.0087616,-0.016441,0.011875,-0.0010986,-0.0039358,-0.0021795,0.0059231,-0.0077042,0.041486,0.030999,0.0092061,-0.036958,0.0021078
-0.014985,0.15024,0.16018,-0.039681,0.087233,-0.043928,0.16103,0.045148,0.10383,0.23421,-0.0031239,0.21557,-0.020804,0.05709,-0.013246,0.073388,0.18446,-0.017409,-0.1536,-0.054863,0.13523,0.04418,0.056601,-0.056681,-0.052801,-0.066451,-0.11438,0.074442,0.070353,0.079655,-0.0034126,0.18305,0.095674,-0.040863,-0.028162,-0.071071,0.21548,0.2355,0.018199,0.0072614,-0.013164,0.044614,0.1111,0.0481,0.017787,-0.0035179,0.11994,0.056485,0.089849,-0.033465,0.052253,0.037274,0.17119,0.12872,-0.049429,0.0074378,0.070739,0.15002,0.29067,0.068443,0.064292,-0.061696,-0.046836,0.11455,-0.034828,-0.0044542,0.018955,0.026621,-0.049349,0.058581,0.052817,-0.045595,0.041704,0.10605,0.028354,-0.0080034,0.015243,0.017448,0.22172,-0.14533,0.023869,-0.14431,-0.028493,-0.12059,0.0012899
0.0011709,0.013889,-0.062285,-0.032512,-0.011956,-0.092064,0.06532,0.037666,-0.016582,0.012164,-0.011268,0.07343,0.044716,0.043351,-0.068685,0.015041,-0.0082499,-0.032628,-0.087415,-0.015708,-0.0043844,0.075126,0.052336,-0.033358,0.0085644,-0.041162,0.046538,0.054663,0.034432,0.0057499,0.0045229,0.031187,0.033295,-0.051487,0.0073373,-0.038083,0.036523,0.018164,-0.047404,-0.04385,0.0037985,0.01193,0.048505,-0.023948,0.010749,-0.0081166,-0.040239,0.039585,-0.030872,-0.030417,0.017706,0.019701,-0.0035823,0.025009,-0.0039114,0.027152,-0.0071358,-0.019135,-0.031837,-0.0019779,0.063712,-0.022856,-0.013564,-0.0032688,-0.00062839,0.0043989,-0.0015455,0.01147,-0.0069244,-0.03003,0.030083,-0.0052941,-0.014397,-0.0026941,-0.011364,0.014196,0.013641,0.026085,-0.017505,-0.069241,0.019888,0.056549,0.027271,0.02156,-0.0033681
-0.0081228,-0.060076,0.0017801,0.039536,0.050242,0.019106,0.024021,0.076248,-0.051158,-0.020084,-0.012355,0.051047,-0.081494,-0.0020599,-0.02664,-0.025112,-0.14385,0.016073,0.044757,0.014917,0.015231,-0.001024,-0.032198,-0.01816,-0.0068681,0.0044254,0.026588,-0.054713,0.018537,-0.019267,0.027425,0.012296,0.0080979,0.14421,0.098967,0.028726,-0.0071918,0.11616,0.027597,0.039686,-0.0040377,-0.01794,-0.0050876,-0.0075557,-0.0099971,-0.017534,-0.0068889,0.091587,-0.02995,0.0055127,0.005619,0.012351,0.054333,-0.034882,0.00088379,-0.0056639,-0.0085708,-0.047738,-0.074978,0.0022266,-0.050661,0.017686,0.0067163,0.005323,0.033677,-0.034291,0.031076,0.009531,0.0042115,-0.0027047,-0.014026,-0.0071251,-0.0046555,0.032961,-0.007344,-0.02406,0.0062839,-0.012618,-0.011525,-0.043132,-0.028399,0.040205,-0.0010112,0.010822,-0.001519
0.0033502,-0.011985,-0.050589,-0.06205,0.0012757,-0.037331,0.11491,-0.016672,0.012428,-0.070412,-0.0082005,-0.00031161,-0.0057382,0.033204,-0.034886,-0.0062215,0.064475,0.0054398,-0.013336,-0.023144,0.0046339,-0.022588,0.0049673,-0.016533,0.007014,-0.01238,-0.004727,-0.0035379,0.029028,-0.010551,0.0031912,0.010477,0.034805,-0.014445,0.11873,-0.024967,0.018346,-0.0093508,0.025638,-0.0029706,-0.010958,-0.0031551,-0.011322,-0.0073922,0.0051477,0.0085524,0.031943,0.10431,-0.0081882,-0.029426,0.00095558,0.02268,0.073285,-0.0048,0.0070984,-0.020893,0.0040469,0.059447,0.036522,-0.0040318,0.024955,-0.0045827,-0.066965,-0.022359,-0.0033849,0.0093761,-0.00048887,-0.014331,-0.023147,-0.0048215,-0.001998,-0.0016571,0.0064402,0.02328,0.004227,-0.00094639,-0.00081443,0.010155,0.05186,-0.022963,-0.010294,0.026359,0.004217,-0.006237,-9.7689e-05
0.0029152,-0.019781,-0.13389,0.043181,0.0050242,0.066118,-0.11118,-0.02713,-0.056795,-0.03463,-0.043202,-0.095926,0.0050145,-0.068435,-0.020052,-0.0054146,-0.042371,-0.023464,0.06386,0.054182,0.0033254,0.001479,-0.0025488,-0.0097997,-0.045786,0.016059,-0.012266,-0.037058,-0.053203,-0.038349,-0.0083625,0.013234,0.02401,0.035472,0.042498,0.1029,-0.019682,0.055506,-0.013837,0.008463,-0.010189,0.00105,-0.039222,0.006649,0.00057299,0.008167,0.018061,-0.1119,-0.0051924,-0.05591,-0.018318,-0.0037733,0.039674,0.025129,-0.0062211,-0.021411,0.037749,-0.060509,-0.10361,-0.021494,0.0078066,0.04994,-0.011716,-0.016492,0.0039483,-0.015336,-0.022365,0.013804,0.0081507,-0.01387,-0.018461,-0.0031703,-0.0022814,0.011001,0.016623,0.0056497,0.0088114,-0.032166,-0.095106,-0.061151,0.021789,0.015971,-0.0084636,0.0055487,-0.0013573
0.017785,0.0236,-0.13328,-0.059727,-0.052941,0.065905,0.089595,-0.013848,0.079476,0.020751,0.005481,-0.0077217,0.10329,0.051282,0.0042473,-0.0052587,0.02145,0.02912,-0.022971,0.016955,-0.060485,0.087923,-0.031066,0.058637,-0.056426,0.016633,0.14868,-9.0659e-05,0.051468,0.024684,0.044827,-0.0092238,-0.017217,0.028826,-0.07848,-0.027853,0.11014,0.020032,-0.04939,0.011861,0.0090862,-0.0027283,0.08679,0.0055565,0.00058914,0.0037532,-0.00046202,0.20203,-0.050613,0.094536,-0.019999,0.058816,-0.10264,-0.009101,-0.0064309,-0.030993,-0.033456,-0.010433,0.0492,0.0033258,0.013381,-0.039096,0.049302,-2.0642e-05,-0.0023553,-0.0040154,-0.0059816,-0.0024137,0.0042626,-0.030133,0.021625,0.0063604,-0.0058013,0.018743,0.017998,-0.027766,0.015701,0.00045431,0.032498,-0.0092974,0.06911,0.063851,0.0057586,-0.016865,-0.0023021
-0.0065589,-0.022431,-0.0063989,0.0018998,-0.0087061,-0.017096,0.0069259,0.029836,-0.023999,0.030428,0.0086412,0.032782,-0.0031416,-0.011913,0.017213,0.0044567,-0.078554,0.031905,0.013321,0.0033311,0.016203,0.010009,-0.010285,0.011893,0.0049687,-0.014397,0.023212,-0.005212,0.0057649,0.0008384,0.016081,0.0085852,0.013737,0.010805,-0.044639,0.0061933,-0.01215,0.079614,-0.0067768,-0.0033002,0.0017237,0.0010558,0.014919,0.0027321,-0.0015583,-0.0042879,0.0014902,-0.026401,-0.020292,-0.0098952,0.0021672,0.0066749,0.0077234,-0.0055225,-0.0055382,0.0047173,0.0062914,-0.02294,-0.028904,0.011107,0.018351,-0.0035245,0.012024,0.0059323,-0.0020721,0.0013246,-0.0042369,0.0030886,0.0074693,-0.0072058,0.0024302,0.0023804,0.0037471,0.006838,-0.0063017,-0.0013705,-0.002667,-0.00032367,-0.020519,-0.015776,-0.0020006,0.0033081,-0.0050291,-0.0092235,0.00014334
0.0083096,-0.025824,-0.12069,0.12946,0.16598,-0.047589,-0.0012376,-0.0034261,-0.0051189,-0.014046,-0.053198,0.14522,-0.0067041,0.027663,-0.058228,-0.094365,0.14908,0.022302,0.036983,0.018848,0.039792,0.031836,0.016024,-0.018239,0.106,-0.047687,-0.084704,0.0078702,0.069366,0.046455,0.033588,0.015312,0.0053321,0.026445,0.097014,0.042156,-0.0063854,-0.17617,0.053005,-0.036152,-0.009177,0.010794,-0.10807,-0.051344,0.01574,-0.0248,-0.087147,0.10401,0.043485,-0.077302,-0.023269,-0.081209,0.14379,0.078373,0.029335,-0.043318,-0.034243,-0.11005,0.085329,0.0073013,0.052619,0.04461,0.058278,0.017335,-0.011587,0.010282,-0.0058072,-0.030324,0.021198,-0.018831,0.00018746,-0.034923,-0.0060273,0.08949,-0.0036631,0.015907,-0.0069998,-0.0011084,-0.021569,-0.091852,-0.027543,0.079782,0.038459,-0.029048,-0.001277
0.0020484,0.0029082,0.050282,-0.38856,0.0018002,-0.05512,-0.025714,0.073488,-0.0047213,0.030786,-0.020023,0.030887,0.022233,-0.0058729,0.00016213,-0.022048,-0.019626,0.05325,0.10285,0.033891,0.0050856,0.025777,-0.015667,0.023943,0.020568,-0.0071076,0.0013684,-0.0077969,0.011153,0.0044388,0.026747,-0.0050201,0.0051155,0.018704,-0.05162,0.017939,0.010847,0.01176,0.078644,0.080128,0.022059,-0.015342,0.046243,-0.0026266,-0.012879,0.0090139,0.048157,0.022427,0.034135,-0.039545,-0.027075,-0.027546,-0.04171,-0.016845,0.069686,-0.034753,0.010504,-0.045731,-0.054635,-0.003683,-0.0020358,-0.010683,-0.048941,-0.0090078,-0.03872,-0.0022262,0.0094533,-0.012079,0.010628,0.0064964,0.030776,-0.025465,0.022344,0.012791,-0.0020494,0.012629,0.0066401,0.0062348,0.044471,-0.033431,-0.00034802,-0.0063142,0.011912,-0.042137,-0.0039396
0.0075234,0.22962,0.044051,-0.29092,0.029318,-0.0024555,-0.18642,0.044456,-0.43683,0.030655,-0.072201,-0.14564,0.050565,-0.041299,0.012167,0.022993,-0.25724,0.13415,-0.023337,0.068362,-0.17865,0.17638,0.066951,-0.021478,0.068574,0.1842,0.19169,-0.057257,-0.012785,-0.0089581,-0.0058382,-0.028834,-0.071998,0.03501,-0.22845,-0.0054759,-0.015254,0.042002,0.037932,0.25408,0.13472,0.0068809,0.0065693,-0.024615,0.0259,0.12988,0.11332,0.01151,0.13063,0.045889,0.077819,0.10735,-0.31064,0.028564,0.052977,-0.037335,-0.030731,-0.29763,0.063681,0.060454,-0.1392,0.053678,0.15877,-0.020505,-0.024188,-0.018735,-0.050548,-0.0036896,-0.026492,-0.0006414,0.094214,-0.034252,0.0069969,0.09474,-0.015437,-0.026399,-0.042246,0.048341,-0.24706,0.068861,0.096307,-0.035328,0.029705,0.067677,-0.011047
0.018818,-0.13324,0.10716,0.35322,0.10014,0.12074,-0.0021753,0.0001514,-0.10423,0.06743,0.0085702,-0.089782,0.0061263,0.30919,-0.17838,-0.10068,-0.19689,0.038126,0.064704,0.21122,0.074502,0.065508,0.071466,0.023744,-0.032942,0.050444,0.4636,-0.2002,-0.040199,0.063936,0.096764,0.1206,-0.0096388,0.016253,-0.0075779,0.024358,0.19729,0.1294,-0.025804,0.025866,0.04775,0.13639,-0.1936,0.039887,-0.013705,0.022715,-0.1205,-0.22984,-0.06021,0.10017,-0.025128,-0.04508,0.29153,-0.084069,-0.27737,-0.0013453,0.088799,0.43018,-0.077001,0.0029227,0.012068,0.14689,0.015974,0.15143,0.04104,-0.0040331,0.018546,0.045705,-0.027432,0.031528,-0.049045,0.097051,-0.020048,-0.10206,0.022044,-0.050038,-0.010647,-0.082326,-0.0044889,0.13437,0.01779,-0.21201,0.066062,0.016648,0.0023722
-0.011199,-0.026241,-0.086752,0.0026338,-0.0059506,-0.0019634,0.0030528,0.02234,-0.0046099,-0.01141,-0.0011182,0.020969,-0.028423,-0.0042819,-0.026951,0.0017659,-0.030909,0.00061772,0.011546,-0.0074449,-0.0033961,-0.024763,-0.0083757,-0.013052,-0.017896,-0.0092945,0.029442,-0.012039,-0.012421,0.0017435,0.011553,-0.0071994,-0.011418,0.040606,0.031586,0.012857,-0.0028896,-0.028356,-0.020541,-0.0054233,0.001732,-0.0048207,0.028681,-0.0040144,0.0025124,0.0083874,-0.041082,-0.0081754,0.00091471,0.010696,0.019538,-0.020226,-0.0048436,0.00034977,-0.0067314,-0.01487,0.0015507,-0.049083,-0.0023275,0.010392,-0.00092594,0.0042029,0.014186,-0.0087472,0.006128,0.0053463,0.0081159,-0.006323,0.014277,-0.025068,0.0025959,0.0065358,-0.0060873,-0.026569,0.0024748,-0.014427,0.0016851,-0.0085289,-0.0022109,0.018798,0.017423,-0.0024308,0.0028979,0.008126,-0.0010922
-0.0030063,-0.070376,-0.27817,0.11728,0.009346,-0.10426,0.050903,-0.06773,-0.090565,-0.026036,-0.0074662,0.094949,0.032043,0.0018226,-0.14016,0.07649,-0.057798,0.078961,0.068922,-0.0049791,0.013194,-0.046986,0.01929,0.02486,0.057173,-0.045348,-0.18923,0.05946,0.10397,-0.0308,-0.058837,-0.019416,0.064856,0.011835,-0.091791,0.039034,-0.053504,-0.037519,0.0067839,-0.07509,0.02044,-0.0061288,0.068997,0.12742,-0.0016095,-0.017197,-0.036606,-0.0038666,-0.067475,-0.15211,0.033564,-0.016589,0.032202,0.034025,0.079703,0.082997,0.00076638,-0.075616,-0.0092623,0.025983,0.02581,-0.058175,0.090412,-0.0025552,0.017283,-0.023688,0.045092,-0.004444,0.027545,0.009991,0.032327,-0.025383,-0.0088024,-0.057515,-0.018759,0.0080513,-0.0028828,-0.051439,-0.034173,0.0094025,-0.018895,0.044328,-0.017991,0.003433,-0.0016928
-0.022318,-0.0017219,-0.10266,0.12662,-0.00067301,-0.18413,0.17214,0.019976,-0.3248,-0.33046,0.06465,-0.031275,0.10041,-0.0068159,0.030735,-0.0017274,0.31329,0.064569,-0.052767,-0.018635,-0.11235,-0.0083189,-0.19315,-0.077313,-0.016319,0.030761,-0.26063,-0.22268,-0.062508,0.075785,-0.052913,-0.018878,0.019397,-0.075658,0.0042551,-0.11533,0.077253,-0.22129,-0.0081641,0.092256,-0.024212,0.043092,-0.21042,0.030542,0.10457,0.0278,-0.0085983,0.15921,0.14999,0.13031,0.01335,0.056662,-0.10527,-0.1997,0.023947,0.011274,-0.038886,0.20216,0.12022,0.027398,0.061494,0.093758,0.0075144,-0.070075,0.013102,0.14383,0.12549,0.038085,-0.022453,0.068983,0.024088,0.077664,0.019506,-0.0016946,0.028045,-0.029796,0.0071096,0.065384,0.17283,0.22098,0.1667,0.12203,0.01035,0.030669,-0.0026264
0.0013638,0.22817,0.06159,-0.023763,-0.063035,-0.035357,0.17752,-0.06382,-0.085905,-0.10458,-0.029384,0.051966,0.03137,-0.11137,0.011916,-0.073854,-0.18019,-0.031326,0.0093124,-0.014709,-0.12064,0.11705,-0.042821,0.068995,-0.0016177,-0.049916,-0.20312,-0.077132,0.04841,0.042803,0.040651,-0.013368,-0.0018895,0.10247,0.030371,0.0087143,0.003423,0.093584,0.00010545,0.016042,-0.0025604,-0.0078353,0.11255,0.029636,-0.0031623,0.09632,-0.15167,0.16672,-0.075922,0.038815,0.028847,0.0024069,-0.21914,-0.039496,0.048912,0.0072052,-0.017537,-0.025493,-0.16438,0.0018813,0.001768,0.058665,-0.10249,0.00079055,0.012518,0.0047801,0.0039389,-0.065394,0.024191,-0.028356,-0.003636,-0.015739,0.0070047,0.055606,-0.025021,0.010922,0.010138,0.043636,0.0021541,0.0084225,0.0017428,0.068357,-0.022961,0.024196,-0.0045361
-0.0019534,0.0082852,-0.034014,-0.14108,-0.049563,0.098542,-0.00087959,-0.0033324,-0.043732,-0.031306,-0.03197,-0.021944,0.049951,0.013608,-0.0062615,-0.014837,-0.081346,-0.02746,-0.045248,-0.011296,-0.011365,0.029981,-0.0078124,0.0094386,0.0084396,0.043405,0.0036213,0.041586,0.010507,-0.015871,0.0086028,-0.0060724,-0.021928,0.012262,-0.027028,0.023472,0.017403,-0.043458,-0.02224,-0.013242,0.0069409,-0.0095129,-0.010181,-0.017949,-0.0042716,0.0023726,0.12958,-0.0018749,0.012259,0.010175,0.032147,0.084892,-0.059986,-0.013089,-0.012146,-0.029624,0.014348,-0.080842,-0.039753,-0.0089766,-0.018062,-0.024201,-0.019727,-0.001996,0.0034628,-0.01191,-0.018446,-0.0019129,0.015525,-0.011652,0.011243,-0.012472,-0.00096236,0.030324,0.012577,-0.0029151,0.011485,0.0057554,-0.03532,0.020275,0.027239,0.053425,0.0009354,-0.010154,-0.0012386
0.0015026,-0.0021867,-0.015953,-0.057383,0.010472,0.0028698,0.0059632,0.014155,0.017845,-0.027617,-0.0028589,-0.02332,0.0044739,0.0034692,0.018459,-0.0026527,0.014867,0.0059354,0.016722,0.0044229,-0.018511,0.0065854,-0.0045473,0.021081,0.016283,-0.0073968,-0.0074657,0.0055528,0.012272,-0.0045271,0.022681,-0.00059477,0.00034197,-0.014186,-0.016867,-0.026156,0.0031315,-0.010531,-0.0093527,0.00014681,-0.0022338,-0.00036245,7.3806e-05,-0.0044337,-0.0018367,-0.006873,0.00010474,0.074177,-0.0010599,0.056053,-0.0043386,-0.0036637,0.015171,-0.010192,0.029301,0.015493,0.0069301,-0.001896,0.025574,0.0012788,-0.0063356,-0.019068,0.01363,0.0021363,-0.0040043,0.0046719,-0.0065551,-0.0059499,0.0017824,0.0087137,-0.0020772,0.00020241,-0.0019221,-0.0061017,-0.00070512,-0.0028938,0.0023712,0.001906,0.0054841,0.004595,-0.0069466,0.020894,0.0021233,-0.00049586,-0.00055526
-0.0051155,0.08722,0.021628,0.090613,0.11697,0.027565,-0.015553,0.019532,-0.15737,-0.049923,-0.024277,0.0056244,-0.0077766,-0.012178,-0.047071,0.024119,0.16835,0.00069358,-0.046221,-0.019608,-0.036652,0.01357,0.020401,-0.014053,-0.038393,-0.030962,0.0041315,-0.025702,-0.021714,0.0092805,-0.034617,-0.0069733,-0.0074865,-0.04206,0.054226,0.035621,0.021177,-0.071939,0.0052557,-0.013736,0.0029615,0.0062091,-0.054454,-0.031334,0.025848,0.010636,-0.019142,0.023675,0.090145,0.077974,-0.019174,-0.029904,-0.049816,0.0043936,-0.01711,-0.060398,-0.016296,0.018792,0.0039669,0.0052687,0.00082652,-0.0060321,0.013614,0.0012726,-0.00032381,0.031404,0.0043896,0.014515,-0.023478,0.012383,0.00037229,0.010795,0.0058424,-0.015023,0.014616,0.0060119,0.0098963,0.0025454,0.019527,0.073439,0.026313,-0.0043477,0.006442,-0.0008351,-0.0019843
-0.00051188,-0.021248,0.044522,0.0067809,0.048897,0.00021521,-0.0041744,0.014935,0.0016628,-0.0038498,0.0059906,-0.0059825,-0.019073,0.010034,-0.022928,0.0042693,0.024867,0.0028121,0.020827,0.025072,-0.01158,0.002251,0.0069192,0.0012876,0.01964,-0.010474,0.046189,-0.0076654,-0.00036452,0.0070864,-0.015865,-0.00041965,-0.0038617,-0.0079788,-0.017426,0.0049832,0.010001,-0.048879,-0.0049765,-0.028573,-0.0083186,0.0096815,-0.012444,-0.0048015,-0.0052326,-0.0090354,0.014439,-0.014749,0.0063493,0.11197,-0.011085,-0.014451,0.010484,-0.012092,-0.014281,0.0050812,0.01268,-0.021566,0.0069169,-0.00083405,-0.021329,0.012708,-0.0045088,0.0060225,0.0069983,0.0041788,0.0016586,-0.0077828,-0.005002,-0.0084172,-0.023061,0.0087109,0.0066384,-0.0010174,0.015513,-0.0049489,-0.017391,-1.3543e-05,0.014558,0.034865,-0.0014548,-0.023932,0.0072007,0.010435,0.00042676
0.022593,0.076872,0.094993,-0.10849,0.021765,-0.030658,0.019414,-0.042342,-0.13085,0.0057208,0.00562,0.024544,-0.04305,-0.075204,0.071979,0.070277,-0.16804,0.035098,-0.0072463,-0.0078218,0.088731,-0.013476,0.03675,0.011993,-0.050761,0.077962,0.0038806,-0.078806,0.023621,-0.011356,-0.064049,-0.032588,-0.036071,-0.0031245,0.033053,-0.057208,-0.049353,0.036558,0.059107,-0.017364,0.022491,-0.033659,0.072882,-0.012697,0.010824,0.011657,0.11796,-0.033575,0.012759,0.20193,0.13653,0.052615,-0.064037,-0.082672,0.0036221,-0.077819,-0.033154,-0.018749,0.026725,0.01536,0.015061,-0.041306,-0.03294,-0.024744,0.012572,0.037488,0.057182,-0.0088843,-0.0016585,-0.092725,0.0044584,0.0024512,0.01632,-0.070105,-0.0040086,0.00081786,-0.0057583,0.023926,-0.012154,0.019077,-0.051717,0.044604,-0.02408,0.010361,-0.0019073
0.043728,0.28174,-0.17555,-0.2859,-0.054042,0.070657,-0.032625,-0.028309,-0.11007,-0.014552,-0.017006,-0.025,0.024702,-0.030654,-0.033603,-0.029061,-0.16305,0.053278,-0.10576,-0.012191,-0.099474,0.015374,-0.023082,0.025899,-0.0076985,0.047648,0.20247,0.056729,0.062592,0.047971,0.065572,0.00039384,0.00077372,0.056345,-0.0634,-0.027352,0.058658,0.034174,-0.024708,0.020977,0.026449,0.0012298,-0.014144,-0.041515,-0.00019152,0.018716,0.048859,-0.16468,0.037241,-0.15976,0.04011,0.1687,-0.079706,-0.094772,0.0097688,-0.021583,-0.045962,-0.082093,-0.049034,-0.011173,-0.0089155,-0.009799,0.0073924,-0.011826,0.0024236,-0.086833,-0.012534,-0.0033853,0.009776,-0.043725,0.028691,-0.006828,0.001444,0.05163,-0.023018,0.014664,0.020026,0.015857,-0.013373,0.0035493,0.011645,0.049689,0.044258,-0.018977,0.00088645
0.013276,-0.057547,-0.002907,-0.06195,0.05654,-0.0071814,0.11319,0.003008,-0.0044604,0.033313,-0.012746,-0.052533,-0.012329,0.02665,-0.006267,-0.0009539,0.050711,-0.016834,0.010349,0.019245,0.038642,-0.026842,0.01813,-0.031336,0.0042862,0.0084922,-0.02441,0.040698,0.01357,-0.0092491,0.015772,0.013912,0.022375,-0.042932,-0.0036689,-0.014303,0.0025846,-0.029518,0.0017466,0.01115,0.0091413,0.0023025,-0.0089888,-0.0018131,0.0045119,-0.008182,0.019733,0.005743,0.034316,-0.078074,0.012054,-0.012497,0.10816,0.018603,-0.026233,0.0010037,0.02151,0.055559,0.051009,0.0021082,0.010063,-0.017132,0.019907,0.0073533,-0.00072355,-0.0037279,0.0060394,0.0023536,-0.013643,0.02318,0.011056,-0.0057256,0.014896,0.01233,-0.0028109,0.005413,-0.012409,-0.012597,0.003197,-0.030036,-0.031524,-0.0124,0.0045019,-0.022111,0.00015192
0.0053429,0.017772,0.013579,0.067152,0.017135,-0.031673,-0.036006,-0.035119,1.948e-05,-0.01855,-0.014485,-0.012424,0.061248,-0.0068412,-0.034378,-0.00030484,0.12089,-0.023066,-0.0099223,-0.023031,-0.043952,-0.0072382,0.010547,0.00020626,-0.027599,0.021379,-0.026601,-0.013797,-0.05068,-0.018817,0.0042852,0.0077534,-0.0006416,-0.024376,0.01633,0.0121,0.01482,-0.079638,-0.019669,-0.030683,0.008475,0.018076,0.0758,-0.0055287,0.0077521,0.025302,0.0006762,0.0072332,0.035597,0.018567,-0.015294,-0.019717,-0.014718,0.10351,-0.011118,0.0071697,0.0054397,0.061366,-0.0074488,0.01229,-0.022919,0.0076663,-0.018876,0.011283,-0.0050498,0.021815,-0.014621,-0.0066323,-0.016504,-0.016923,-0.0026853,-0.0033056,-0.010876,-0.0056301,0.028548,-0.011308,-0.012179,0.0044237,-0.0096824,0.020241,0.030263,0.027993,0.0020835,-0.0063467,-0.00060751
0.0073569,-0.13755,-0.0060612,-0.058695,0.03448,0.020771,0.053055,0.0072795,0.013837,-0.012356,0.0041056,-0.0020302,0.031018,0.012168,-0.0074678,0.0040663,0.024426,-0.013571,0.028474,0.00341,-0.022183,-0.025327,0.02935,-0.0090472,-0.035649,0.028533,0.033081,-0.01001,-0.05735,-0.036948,-0.001979,-0.0062423,0.00035877,-0.039524,-0.028083,0.037561,-0.042229,0.033517,-0.0059535,-0.0042046,0.0012283,0.014872,-0.082594,-0.020863,0.0017223,-0.015208,0.0048945,-0.17046,-0.0040171,-0.009883,-0.016207,0.0082213,-0.018137,0.030284,0.11506,-0.0071178,-0.0004693,-0.047174,0.030246,-0.0012643,0.042679,0.010397,-0.027265,0.00081816,0.0045323,-0.003071,-0.019555,0.019777,-0.018058,0.0015001,-0.0032161,0.015405,0.0028634,-0.045247,0.025848,-0.0029025,0.0087086,0.0036004,-0.064619,0.012907,-0.012408,-0.0028397,-0.010694,0.0023765,0.00048992
-0.0037553,0.0056513,-0.058319,-0.0074207,-0.0088349,0.038008,-0.017848,0.030527,0.046116,-0.034207,0.014502,-0.049852,0.045267,-0.02169,0.024943,0.01311,0.046823,-0.044007,0.049901,0.052298,0.015691,-0.0089925,-0.04298,0.021916,0.037653,0.031421,-0.0756,0.055297,-0.017942,-0.0072759,0.034969,0.0052076,0.031219,-0.018315,-0.022285,0.00046887,-0.012167,-0.032559,-0.0046344,0.014656,0.011761,0.0052502,0.06412,0.02175,0.016545,-0.031474,-0.024126,-0.019989,0.053803,-0.04929,0.0021934,-0.0085926,0.10826,0.019878,0.00839,0.07554,0.027878,0.025596,0.081564,0.0057148,-0.0098558,-0.044805,0.0066845,0.024254,0.0053701,0.046243,0.014936,0.014071,-0.0011201,0.0044661,0.014505,-0.0027839,-0.02673,-0.0075325,-0.0074952,0.0013682,-0.015456,-0.0024088,0.053783,0.051743,0.021093,-0.018958,-0.00022995,0.0083464,0.0025174
0.0044203,-0.078692,-0.090312,0.11504,-0.068913,-0.086279,-0.23958,-0.015151,0.022585,0.064871,-0.023142,-0.045302,0.029326,-0.045279,0.056434,0.023041,0.14108,-0.035105,0.010481,-0.072913,0.059182,-0.019893,0.058868,0.0092439,-0.033823,-0.0094505,0.016195,-0.092957,-0.10426,-0.0052939,-0.040903,0.0014029,-0.026786,-0.080509,0.071879,0.039444,0.003281,-0.12972,-0.043795,-0.025219,-0.0098798,-0.017026,0.011715,0.05033,0.018849,0.021069,0.0030371,0.11903,0.076068,-0.093648,0.023547,-0.020711,0.042944,0.10536,-0.13894,0.064522,0.16032,0.02045,0.020894,0.0038395,0.032971,0.011383,0.037542,-0.030375,0.028279,0.034537,-0.005275,0.0098702,0.03609,-0.070053,-0.015415,-0.025876,0.009076,-0.013503,-0.014784,0.010038,-0.0094085,-0.036323,-0.17167,0.07805,0.022863,-0.046953,-0.030197,-0.01845,-0.0026662
-0.010279,0.0057354,0.01891,-0.0038898,-0.013005,-0.024043,0.016759,-0.016572,-0.00014572,0.020869,0.0019147,0.0046746,-0.010005,0.022454,0.04483,-0.017813,-0.032253,-0.003983,0.026674,0.0013979,0.0089776,0.006163,0.021134,-0.0017094,-0.0089671,-0.026292,0.035319,-0.01075,0.0037452,0.0065138,-0.013297,0.0058642,-0.015482,-0.028586,-0.022369,-0.017172,-0.0030173,0.06739,-0.0096797,0.028479,0.0067826,-0.0019585,-0.076075,-0.00035498,-0.0060382,0.0052599,-0.034401,0.060334,0.00043995,-0.013095,0.013077,-0.022846,0.028828,-0.021075,0.011427,-0.014828,0.013443,0.078119,-0.009399,0.0017249,0.0052543,0.0070317,0.023211,0.0093476,0.0048034,0.0087142,0.016455,0.0037679,-0.003246,-0.0045817,0.0030382,0.0021411,0.0083133,-0.034926,0.0018655,-0.0045335,-0.00092939,-0.001999,0.0066954,-0.0096065,-0.0088525,0.024892,0.0061801,-0.0065988,-0.00074119
0.0026958,-0.087624,0.014903,0.083921,0.021143,0.017376,0.045865,0.0024215,0.042015,-0.016646,0.019689,-0.026431,0.015339,0.020655,0.037504,0.025739,-0.0019803,0.0125,0.008724,0.005073,0.0050376,-0.0020537,-0.0072858,0.008636,-0.011046,0.030236,-0.034009,0.025992,-0.020094,0.010097,-0.0063137,-0.0056562,-0.013212,-0.00016277,0.0044326,-0.018394,-0.0027867,-0.0040761,-0.013738,0.0029782,-0.0014123,0.0015564,0.0038101,-0.0018768,0.0057245,-0.013983,0.016439,0.071765,0.001426,0.02929,-0.0059355,0.014513,-0.0024975,0.0053155,0.0057575,0.022634,0.010441,0.005083,0.071995,0.017425,-0.011082,-0.030329,0.046522,-0.013379,0.0040532,0.030973,0.016961,0.013326,-0.0091329,0.04267,-0.0042113,0.0081425,-0.015695,-0.012932,0.0036966,-0.00055919,0.009495,0.0033965,-0.0091718,0.041996,0.011622,-0.010039,-0.0042154,0.0061627,0.00077198
-0.024094,-0.076369,0.10588,0.13558,-0.017969,0.002778,0.024637,0.010997,-0.12472,0.047104,0.0061969,0.058734,-0.032635,0.047302,-0.073887,-0.025425,-0.18122,-0.027908,0.024907,0.071492,-0.078841,-0.073112,-0.010907,-0.068347,0.035018,0.017742,0.066032,-0.033703,-0.06865,0.024606,-0.014936,-0.002577,-0.030393,-0.022055,-0.029264,-0.037507,0.0024212,-0.021671,0.025589,0.04395,0.038402,-0.010086,-0.055662,0.057268,0.045814,0.039713,0.028152,-0.039175,0.032469,0.080822,0.01373,0.060194,0.047662,0.015723,-0.04871,-0.028543,-0.0027758,-0.12745,0.035297,0.10385,-0.034781,-0.011527,0.14237,-0.025455,0.016384,-0.074062,0.0074103,-0.021408,0.038836,0.038398,-0.027425,-0.022474,0.0013084,0.0081428,0.026071,-0.0032491,-0.029415,-0.042292,-0.016324,0.043442,0.044006,-0.043579,-0.022298,0.0072383,-0.0022929
0.0092361,-0.0016038,0.042451,0.17069,-0.00084142,-0.088139,0.11072,0.078296,-0.016542,0.074698,0.017742,-0.033814,0.073959,-0.036981,-0.0019526,-0.00048691,0.11514,0.034947,-0.017847,0.014181,0.062421,0.069076,0.012827,0.037741,0.031539,0.068472,-0.038993,-0.033922,-0.0027581,-0.0099481,-0.049377,-0.01499,0.018734,-0.089742,-0.065488,-0.046422,-0.0027475,-0.020213,-0.0010157,-0.02394,0.013726,0.012143,0.03099,0.017516,-0.0052955,-0.012586,-0.0047905,0.072788,-0.012157,-0.0077908,0.029586,-0.0082285,0.040462,0.036176,0.0059424,-0.051504,0.02496,0.051474,0.084838,-0.013868,0.15404,0.055462,-0.023336,-0.021506,-0.0059589,0.032442,-0.031916,-0.0044045,0.029237,0.0268,-0.021451,0.0086552,0.019899,-0.080147,0.022445,-0.014152,0.041614,-0.0078586,-0.031268,0.022583,-0.028254,-0.030153,-0.0037241,-0.0022245,-0.002132
0.030248,0.086632,0.12545,0.14658,-0.0003264,-0.030595,0.00056205,-0.01336,-0.038327,0.0091724,-0.0020279,-0.025884,-0.057911,-0.020558,0.024231,-0.0012939,0.098441,0.0027138,0.025952,-0.016468,0.015622,0.075922,0.04331,0.064312,0.017149,-0.073504,0.0025635,-0.11027,0.015248,0.011231,-0.010467,-0.011569,-0.019114,0.043026,0.012256,0.048959,0.032936,-0.014072,-0.0036705,-0.014607,-0.013762,0.011228,-0.0052098,0.015041,-0.014582,0.032145,-0.056838,0.19588,-0.040188,0.0057374,-0.040592,-0.099881,-0.097422,0.071059,-0.014542,0.049732,-0.02592,0.06945,0.015197,-0.038235,0.03221,0.14605,-0.0014885,0.0223,0.012615,0.01125,0.019913,0.015203,0.0040034,-0.02951,0.0048783,0.0087181,-0.023709,-0.019194,0.0020827,0.012145,0.0032754,-0.010142,-0.015682,0.028423,-0.020837,-0.083382,-0.014777,0.030721,-0.00044972
0.0096436,-0.13573,0.014015,0.027789,0.0029138,0.0028969,0.010453,0.023587,-0.018977,0.014016,-0.0040621,-0.015444,-0.028401,-0.026099,0.0043953,0.033678,-0.0084137,-0.077359,-0.021177,-0.022449,0.022515,-0.0021472,0.010281,-0.013753,0.010154,-0.0077564,-0.16308,0.077605,-0.011025,0.0014263,0.015104,-0.00041993,0.023544,0.037861,0.019169,0.021177,-0.052493,-0.049081,0.021793,0.031013,0.0089132,-0.016722,0.044854,0.026621,0.0012606,0.020065,-0.071658,-0.08147,0.035991,-0.094116,0.0024163,-0.032603,0.048063,0.034201,-0.05062,0.0052009,-0.0020897,-0.0098973,-0.093845,-0.0067071,0.013915,0.00037413,0.15137,-0.0087599,0.013506,0.018641,0.011274,-3.5841e-06,0.015188,-0.049495,0.0093514,0.0067488,0.0099676,0.0014906,-0.010785,0.00228,-0.0065079,0.017068,0.0010309,0.016592,0.025148,0.0076558,0.013321,-0.0094413,-7.168e-05
0.014386,-0.04471,-0.025501,-0.14422,0.021347,0.022795,-0.018822,-0.011757,0.07093,0.1322,0.028274,-0.061108,-0.0069157,0.053933,0.024948,-0.00062504,0.016739,0.097428,0.12543,-0.022453,-0.018685,-0.015888,0.0019181,0.0090515,0.015574,-0.015153,0.15034,0.0063054,-0.062581,0.014483,-0.073967,0.035132,-0.00366,0.0082051,0.025843,-0.019422,-0.0073285,-0.049211,-0.0065857,-0.0057994,0.014332,-0.011652,0.016942,0.015961,-0.0048988,-0.026007,-0.080127,-0.13149,-0.01103,-0.11256,-0.028771,-0.036475,0.028889,-0.015209,0.038476,-0.0067879,-0.018697,0.0044024,0.18557,0.048713,-0.0050249,0.0032316,0.075214,0.12846,-0.021581,-0.04938,-0.0082088,0.0044477,0.00618,-0.047821,-0.01208,0.033465,-0.023021,-0.055041,0.017839,-0.031575,0.0044168,0.0019497,0.021782,-0.091037,0.031614,-0.050066,-0.019294,-0.024525,0.0031837
0.049781,-0.19352,-0.011683,-0.15686,-0.033575,0.047354,0.1293,0.15933,-0.076237,0.027238,0.011286,-0.09924,-0.044394,-0.14096,0.13616,-0.024172,-0.040722,0.0011623,0.015355,0.072143,0.051685,0.002824,0.033396,0.029248,-0.0098454,0.017129,0.21848,0.052935,-0.024715,-0.074377,-0.00044458,-0.016598,0.072535,0.072341,0.072282,-0.025427,-0.064294,0.21519,0.012511,0.013438,0.02667,0.0082851,0.13719,-0.059555,0.026698,-0.020009,-0.027069,-0.17263,0.033813,-0.0524,-0.013551,0.080633,0.11021,0.039099,-0.076411,0.13035,0.060613,0.19641,-0.01006,0.042822,-0.031203,0.029901,0.10737,-0.031878,0.13216,-0.032767,0.043133,0.045214,-0.047195,-0.069878,-0.050524,0.0043624,0.044164,0.053881,-0.0043415,0.049454,-0.03158,0.017009,-0.05876,0.093422,0.0065382,0.18147,-0.0058429,0.07436,-0.00012226
0.011017,-0.035308,0.19042,0.11413,-0.034559,-0.054892,0.063528,0.0087377,0.09593,-0.093246,-0.0077896,0.10234,0.045183,0.019453,0.026378,-0.030095,0.07195,0.020311,-0.0083361,0.042148,-0.0096315,-0.0067429,0.018102,-0.0081264,0.048557,0.01492,-0.17428,-0.0086513,-0.025865,0.0099354,-0.10258,-0.025287,-0.020751,-0.05931,0.0027828,-0.046041,-0.023951,-0.058257,-0.011444,-0.05049,0.018004,-0.0072492,0.1115,0.0042618,0.0056978,0.024754,0.055224,0.078797,0.047211,-0.038088,0.023986,-0.055822,-0.11905,0.038848,-0.02333,-0.032806,0.014967,0.059589,0.13521,-0.014978,-0.0096348,0.0083939,-0.019183,-0.043106,-0.013135,0.22941,0.047374,0.065235,-0.017156,0.018818,-0.0045914,-0.0050675,-0.0028485,0.0095297,0.040195,-0.012953,0.028915,0.021109,-0.0103,0.10649,-0.049689,-0.060489,-0.028061,0.006203,-0.0026933
-0.0084913,0.13558,0.15497,0.15075,-0.0041746,-0.06805,-0.0026196,-0.022228,-0.080343,-0.058676,-0.00017218,0.048479,-0.020376,-0.027183,0.14003,-0.056007,-0.11955,-0.033788,-0.018373,0.058372,0.0003611,0.054845,0.010265,-0.059129,0.008971,-0.039085,0.023847,0.068686,0.014558,0.032117,-0.11167,-0.004906,-0.040902,-0.043674,-0.022427,-0.0051137,-0.02926,0.11834,0.019702,-0.00077872,-0.0057252,0.0059569,-0.023737,-0.077902,0.02324,-0.023884,-0.068051,0.086493,0.068123,0.36667,0.028837,-0.044868,-0.018171,0.026859,0.047102,0.028361,-0.018072,0.21219,-0.00696,0.0070725,-0.035694,0.064119,-0.034161,-0.0025801,0.051827,0.095698,0.13639,0.060083,-0.00089873,0.011265,-0.026743,0.0051289,-0.0073448,-0.069388,0.031901,0.015664,-0.026689,0.015254,0.12088,0.1023,-0.025675,0.03583,0.016191,0.051399,0.00054345
-0.019059,0.21057,0.016902,0.16994,-0.13631,-0.011334,0.14305,-0.002546,-0.009799,-0.17856,-0.013798,-0.14081,0.013368,-0.10853,0.15218,0.16458,-0.38375,-0.0062197,0.037821,0.056931,0.038785,-0.034056,-0.063673,0.021723,0.036243,-0.028376,-0.36327,-0.10446,-0.14997,-0.036269,-0.07443,-0.0018637,0.050755,0.070696,-0.15931,0.041275,-0.029869,0.023679,-0.022212,-0.019142,0.020764,0.010637,0.074953,0.079705,0.040565,-0.034903,-0.0025184,-0.19768,0.13564,-0.28873,-0.027133,-0.052161,0.079839,-0.012807,-0.16505,0.026201,0.067257,0.11046,0.043454,0.04558,-0.040685,0.0010942,0.080897,-0.017005,-0.0037395,0.18253,0.076293,0.18441,0.028286,0.032129,0.028405,0.012629,0.0048432,-0.024303,-0.045671,-0.0035925,0.099582,-0.0098021,-0.056438,0.043337,-0.039821,-0.16236,-0.017039,-0.034152,-8.7137e-06
0.0063319,0.11359,-0.21441,0.083973,0.044868,0.10341,-0.28068,0.12242,-0.13947,-0.074539,-0.037381,-0.014722,-0.093624,-0.10338,0.022891,0.065025,0.11934,-0.08384,-0.029675,0.067601,0.01599,-0.022816,0.038934,-0.032876,-0.053066,0.029359,-0.19732,0.024048,0.098737,-0.027167,-0.094084,-0.02109,0.0072213,0.030173,0.0082767,0.092931,-0.056706,-0.23492,0.0027189,0.024387,-0.0069244,0.0081154,0.023268,-0.015017,-0.034137,-0.013971,0.10013,0.10086,-0.040271,0.20588,0.0057714,-0.029285,0.015631,0.0093381,0.039839,-0.10663,-0.0086029,-0.0073693,-0.15732,-0.0022815,0.014111,0.016788,-0.03559,-0.07027,-0.020328,-0.12587,0.0066912,-0.058516,0.15435,0.047645,-0.015179,0.024932,0.0082824,-0.043672,0.0088638,-0.0034529,-0.013312,-0.055626,-0.030202,-0.070401,-0.050381,-0.10352,0.0094341,0.072035,-0.0030799
0.013514,0.0092515,-0.03147,-0.055984,0.049774,0.071112,0.0063442,0.015682,0.031394,0.025903,-0.011247,0.0001278,0.018505,0.015444,0.010081,-0.039702,0.0045783,0.013166,-0.017285,0.01662,0.012343,0.002199,-0.0022047,0.0070556,0.0044729,0.017653,0.02724,0.026305,0.0045304,0.011561,0.069281,0.0034622,0.0024003,-0.0048519,-0.03682,0.038101,-0.011562,0.024228,0.014127,-0.0084759,-0.0032312,0.019413,-0.0046012,-0.008068,-0.021436,0.0035377,-0.011888,-0.0060822,-0.011341,0.03479,-0.024919,0.012307,0.058793,0.030987,0.039303,-0.0071139,0.010237,-0.038357,-0.036504,-0.010944,0.026875,0.024362,-0.00148,-0.0095415,-0.0013068,-0.022585,-0.031057,-0.0043134,0.00011421,0.070966,-0.0038743,0.0064356,-0.0063225,-0.02963,0.0052532,0.007451,0.0059425,-0.019895,-0.075341,-0.0011475,-0.03933,-0.0019508,-0.0016741,-0.00055183,-0.00080464
-0.06044,0.37438,-0.17108,-0.45172,-0.027617,0.11976,-0.12803,-0.15216,-0.19695,0.02084,-0.01732,0.14333,0.03785,0.026371,0.0091122,-0.015854,0.074747,0.009008,-0.071206,-0.085414,0.010075,0.0036588,0.060014,0.0046096,0.020776,-0.019357,0.071123,0.033695,0.066849,-0.072354,0.037957,0.046301,-0.050455,-0.093559,-0.077449,-0.0080069,0.057616,0.065728,0.049462,0.0507,-0.012063,0.025181,-0.042277,-0.0086568,0.0068466,-0.0039955,0.046603,-0.13246,0.14269,0.061184,0.070719,-0.020946,-0.19734,0.052282,0.028814,0.05512,0.028208,-0.19913,-0.039975,-0.027616,0.035361,0.057636,-0.031769,0.0056154,-0.047748,0.10449,0.040567,0.07418,-0.037595,-0.008558,0.15668,-0.038137,-0.0409,0.036173,-0.0031553,-0.010876,0.0080867,-0.0093948,-0.020289,0.095246,0.014136,0.0071582,-0.043719,-0.022508,-0.0022865
0.0092828,0.58373,-0.43586,0.18758,-0.10903,0.020425,0.36753,-0.048729,-0.099902,0.079436,0.03939,-0.033537,0.028712,0.050121,0.051298,-0.07657,0.10107,0.00053114,0.023328,0.11192,-0.072852,0.0046326,0.013055,0.025901,0.041162,0.10741,0.019872,0.070826,-0.13914,0.073717,-0.035812,-0.021564,0.065603,-0.098255,-0.085403,0.13396,0.11638,0.058623,-0.018199,0.0056469,-0.0026241,0.014513,-0.1137,-0.072793,-0.028422,0.070977,0.0027998,-0.036164,-0.13505,-0.19239,-0.049144,0.057512,-0.075208,-0.08026,-0.056878,-0.12411,-0.0057299,0.090181,-0.16902,-0.038884,0.11019,-0.045569,0.22826,-0.06944,-0.026816,-0.05586,-0.091254,-0.028955,0.034818,-0.027099,-0.025041,0.13407,-0.017176,-0.064043,0.048314,-0.048458,-0.029585,0.0012615,-0.2393,-0.11708,-0.0096294,0.15303,0.082656,0.050111,-0.003607
-0.071786,-0.09051,0.072414,0.16586,-0.061436,-0.11552,-0.087736,0.018821,0.12388,0.15889,0.0060352,0.070047,0.017643,-0.11092,-0.04857,0.079445,0.19094,-0.0044136,-0.047097,-0.091233,0.050885,-0.026555,0.034231,0.0010196,-0.015772,-0.11967,-0.046562,-0.029085,0.025935,-0.055637,-0.20709,0.0077434,-0.0033988,-0.05589,0.065686,0.018964,-0.040567,0.11288,0.0040371,0.0075541,-7.3835e-05,-0.012303,-0.14423,0.034367,-0.01559,-0.045424,0.018545,-0.014948,0.013554,0.0019549,0.010256,0.010531,0.069181,0.021068,-0.016606,0.0015772,0.053626,-0.076058,-0.19625,-0.028843,0.06563,-0.04365,-0.15629,0.044143,0.055942,-0.05588,-0.028185,-0.015,0.040007,0.019748,0.028128,-0.037421,0.15569,-0.01778,-0.031021,0.023987,-0.021631,0.0046562,-0.088181,-0.044341,-0.084866,0.16077,-0.019245,-0.033847,-0.0089941
0.029583,-0.15847,-0.027848,-0.14395,-0.057706,-0.0064184,0.040859,-0.0089439,0.12996,0.041767,-0.017294,-0.0078253,-0.034579,0.052653,0.023212,-0.027511,0.084463,-0.018312,-0.043773,-0.029408,-0.0076726,0.0060001,-0.012316,0.0019321,0.021614,1.8992e-05,-0.044085,0.065632,0.016706,-0.040162,0.022348,0.021027,0.007325,0.013723,0.03842,-0.0097918,0.026377,0.00048648,-0.020249,0.02512,-0.001244,-0.028776,-0.045935,0.010324,0.0064191,0.0019828,0.03641,-0.040537,0.0044109,-0.11688,-0.020939,-0.021237,0.042845,0.013095,0.011433,0.00105,0.021765,-0.098062,0.02163,-0.0056452,-0.024186,0.0041626,-0.005253,-0.0021912,-0.014142,0.050021,0.0056793,0.032533,-0.010556,-0.04263,0.029211,-0.02008,-0.006254,0.13344,0.026825,-0.017518,0.022204,-0.014497,0.020585,-0.00080414,0.026118,-0.028933,-0.0072363,-0.019984,-0.0019837
0.06226,-0.24043,0.22962,-0.016846,-0.12962,-0.0202,0.031457,-0.050533,0.29465,0.090982,0.0099157,0.0028952,0.11736,0.058761,-0.091861,-0.087551,0.075884,-0.00865,0.10515,0.039239,-0.068197,-0.073873,0.0024185,0.0020218,-0.046708,0.089734,-0.072951,0.13528,-0.10964,-0.05223,3.9753e-05,-0.017776,-0.022258,0.044253,0.0041911,0.088918,0.031098,0.051933,-0.032235,-0.069363,-0.0010286,0.017844,0.19116,-0.035915,0.016732,0.070303,0.10602,-0.21115,-0.10889,0.023485,-0.0053303,-0.027402,-0.085287,0.11482,-0.0080592,-0.034581,-0.027333,0.063717,0.053028,-0.02212,0.021017,0.060524,-0.047582,0.0086241,-0.0076224,-0.00465,-0.0023572,-0.014011,-0.035923,-0.0056254,-0.07015,0.0095828,0.014292,-0.006732,0.11612,-0.0090245,0.022209,0.012375,0.039576,0.056227,-0.038776,0.055138,0.026637,-0.053772,-0.0017205
-0.043809,0.34718,-0.027953,0.04225,0.045252,0.16524,-0.26844,-0.0032437,0.20755,0.10875,0.0005652,0.2287,-0.012845,-0.026477,-0.00025717,0.035891,-0.010922,-0.13275,-0.17682,0.039353,0.045336,0.025635,0.063598,0.061012,-0.048828,-0.0082075,0.16759,0.10577,0.090332,0.018084,-0.097077,0.048655,0.04879,-0.054808,-0.12037,-0.029004,0.016191,0.012156,-0.031199,0.05815,0.010664,-0.018215,-0.12197,-0.015521,-0.031311,-0.036706,-0.0013818,-0.31187,0.074539,-0.1222,-0.023239,0.046637,-0.15763,-0.027702,0.12053,-0.055911,-0.006401,-0.061739,0.053205,0.031496,-0.0042801,0.02277,-0.042351,-0.034858,0.0014478,0.052881,-0.005605,0.0040367,-0.0039232,0.016859,0.051519,-0.037532,-0.00038124,0.065109,-0.035294,0.15237,0.0083957,0.036439,0.12382,-0.11087,0.0090144,-0.025224,-0.055265,0.019667,-0.0017859
-0.048736,-0.085985,0.089236,0.26374,0.071576,0.048961,-0.04887,0.21584,0.10693,-0.11326,0.017456,0.050898,0.0087511,0.11728,-0.047508,-0.056906,-0.22683,0.063778,-0.0037195,-0.011987,0.014324,-0.018622,0.022021,0.048768,-0.019981,-0.0081199,0.013781,-0.053979,0.044513,-0.023401,-0.00010261,-0.035063,0.027,-0.0036802,-0.16019,-0.044852,0.035937,0.067013,0.045115,-0.026199,-0.023766,-0.0111,-0.17337,0.070901,-0.01344,-0.061084,-0.0089851,0.37207,-0.12002,0.076065,-0.057614,0.015825,0.068823,-0.078237,-0.049588,-0.078847,0.054837,-0.014778,0.15275,0.015626,0.057138,0.02709,0.050582,-0.033412,0.0072849,-0.053212,-0.0021225,0.037094,0.028971,0.20247,-0.039872,0.024845,-0.04603,-0.10661,0.035775,-0.030234,0.16035,0.0024567,-0.052072,-0.060326,-0.058406,0.098712,-0.030506,-0.0158,-0.00078124
-0.030512,-0.28648,0.0087243,-0.28754,-0.031549,-0.14489,-0.14421,0.073554,0.16014,-0.041999,0.045297,0.028835,0.022153,-0.036914,0.047834,-0.1302,0.17475,-0.013598,0.0072212,-0.026764,-0.051824,-0.026264,0.017601,-0.016024,0.0069585,-0.080577,0.15724,-0.02987,-0.030128,0.046081,-0.0513,0.029589,-0.010054,0.0713,-0.0081645,0.0009569,0.063817,0.27415,-0.045709,0.011648,0.019058,0.011814,0.026299,-0.028329,0.012283,0.0030252,-0.20701,0.050793,0.014729,-0.013646,-0.039836,0.066705,-0.049647,-0.11433,0.11447,-0.023682,-0.011227,-0.020172,0.034946,-0.019662,-0.027572,0.01565,-0.019385,-0.01077,0.015623,-0.014997,-0.0073476,0.020237,-0.028388,-0.038109,-0.001692,0.008877,-0.023425,-0.016371,-0.031094,-0.036189,-0.0015726,0.13788,0.15452,0.016067,0.066244,-0.067847,0.040756,0.016125,-0.0020318
-0.0086752,0.047925,0.018141,-0.048149,-0.021713,0.040043,2.2412e-05,-0.0048782,0.025974,-0.04214,0.028837,0.046427,-0.015362,0.012578,0.0080816,-0.041683,0.020558,0.021042,0.023947,-0.0018226,0.019522,-0.017999,-0.015618,-0.010029,-0.02077,0.0029442,0.063129,0.034598,0.014702,0.0042291,0.023993,0.00083109,-0.029888,-0.0014217,-0.053553,-0.014201,-0.014709,0.097073,-0.0022265,0.0094185,-0.00012471,0.0068126,0.01407,-0.014304,0.0062289,-0.0083637,-0.013631,0.041108,-0.02372,0.028522,0.014135,-0.015557,0.00014729,-0.0071506,0.044916,0.018201,0.0055589,0.026193,0.060618,0.014754,0.017785,-0.012667,-0.0258,-0.013487,0.0080997,0.0078964,0.023327,0.012117,-0.0032534,0.033625,0.0064169,-0.0090305,-0.0019799,-0.0074813,0.013143,0.0050122,-0.0072152,0.0077515,0.13785,0.0061746,0.015824,-0.026608,-0.0047046,0.0001099,0.00011866
0.0046759,-0.040111,-0.013729,0.050232,-0.027708,-0.007065,0.022379,0.010765,-0.0030062,-0.07176,0.0031483,0.035827,0.0057271,0.0057501,-0.022387,-0.0011512,-0.020875,0.021938,-0.0057822,-0.012232,-0.0095967,0.027455,-0.010472,0.029195,-0.011403,0.033019,0.024493,-0.024751,-0.018698,0.031646,-0.023962,-0.0078091,-0.033392,0.010373,0.012171,0.028652,-0.047469,-0.028006,0.001652,-0.029617,-0.0038414,0.011567,0.0056551,-0.016702,-0.0026976,0.0011403,0.0071878,0.070542,0.024352,0.089643,-0.0086586,0.016218,-0.078966,0.014258,-0.034242,0.023697,0.016826,-0.01603,-0.037582,-0.035494,-0.012338,0.028557,-0.02061,0.012549,0.019355,0.044956,0.012003,0.0079185,0.0058733,0.020552,-0.011707,0.0052568,-0.0026465,0.0052284,0.0014496,-0.0025786,-0.01121,-0.0031224,-0.030485,0.075279,0.012125,-0.012881,0.0092215,0.02558,-0.00039901
-0.062288,-0.17739,-0.14758,-0.092241,-0.073242,-0.032733,0.01778,-0.038193,0.028693,0.003923,0.012932,-0.057472,0.021836,0.031794,-0.064733,0.030531,-0.055788,0.011425,0.090289,0.034381,-0.017733,0.053884,0.017932,-0.00018785,-0.020328,-0.01148,0.15018,0.033656,-0.013468,-0.0024826,-0.04932,-0.0085359,-0.00095029,0.044156,0.032277,-0.030921,0.057773,0.091674,-0.042415,-0.024657,-0.014708,0.0037258,0.02257,0.039894,0.01463,0.040795,-0.050655,-0.1084,-0.01579,-0.065403,-0.0066321,-0.047556,-0.071371,-0.065264,0.033189,-0.010453,-0.019649,0.09693,0.062106,-0.026493,-0.04699,0.021156,0.028711,-0.0025721,0.034245,-0.004544,0.044188,0.017366,-0.0037212,-0.05664,0.0016752,0.0048451,0.029258,-0.014778,0.018511,-0.0076232,0.0074176,0.0080718,0.10357,0.087151,0.10064,0.027603,-0.043495,0.0094046,0.00026373
-0.010126,-0.18921,-0.038267,-0.067808,-0.021018,0.018559,-0.050516,0.023908,0.08622,0.077783,0.013173,0.02451,0.06876,-0.052487,-0.012074,-0.038164,0.10575,-0.062565,0.032716,0.050061,-0.0041505,0.0089174,0.017849,-0.0081522,0.032649,-0.034179,0.11138,0.014225,0.071031,-0.019865,-0.0058491,-0.00013025,0.032093,-0.037304,-0.0016289,-0.039022,0.018632,0.060574,0.0093633,0.015672,-0.0030191,0.00094372,-0.032558,-0.012181,-0.0040849,-0.0047286,0.012475,-0.027523,0.025186,0.053568,0.013152,-0.0084551,0.065777,0.0049607,0.042506,-0.0035185,-0.037154,0.015416,-0.053398,0.0087609,0.019412,-0.010573,0.0025224,-0.011477,0.011405,0.014753,0.0048285,-0.002455,-0.018667,-0.012823,0.0071423,-0.0029041,0.017584,0.004253,0.007448,0.0093216,-0.0020357,0.039321,-0.060157,-0.07118,-0.0080443,0.17392,0.013952,0.003314,0.0012127
0.041653,0.51476,-0.0052532,-0.013588,0.046191,-0.016712,-0.18317,-0.055554,-0.045014,-0.010959,0.019958,-0.16863,0.016581,0.0091969,-0.075605,-0.06201,0.18821,-0.019353,-0.021961,0.088082,-0.056795,-0.027168,-0.003425,-0.046212,-0.00098258,-0.012409,0.047166,0.01465,-0.022761,0.017612,0.088308,0.024441,0.015059,-0.075383,-0.063421,-0.032492,0.074472,0.026064,0.036688,0.12535,0.026681,0.043712,-0.09891,0.057689,0.0066233,0.035193,-0.014408,-0.16594,0.065961,0.16683,-0.011895,0.021847,0.084763,0.052608,-0.076453,-0.00010838,-0.0087746,-0.06115,-0.17514,-0.035815,-0.03775,-0.018167,-0.021648,0.060987,0.014255,-0.018246,-0.03907,0.013901,-0.063127,-0.066204,-0.018204,-0.012174,0.012332,0.0064648,0.04162,0.0024502,-0.045933,0.019008,0.10584,-0.033824,0.018455,-0.039189,0.097333,-0.0069582,0.0011747
-0.003681,0.2326,-0.0074137,0.012841,0.020067,0.011902,0.13004,-0.059446,0.071824,-0.096087,0.039459,0.0085198,-0.095382,0.066022,-0.0074241,0.096344,0.037528,-0.030481,0.051689,0.072614,-0.026964,-0.025141,0.086394,0.035211,0.044673,0.023457,0.10615,-0.0059915,0.025278,-0.044556,-0.03101,0.0098545,0.065708,0.047362,0.1687,-0.06839,-0.0044498,0.030764,-0.0066147,0.015446,0.016051,0.024735,-0.026923,-0.012038,-0.0010135,-0.0044804,-0.081368,0.00090649,0.030881,0.075443,-0.034756,-0.10102,0.01789,-0.017443,0.063552,-0.067827,-0.059076,0.11494,0.017294,0.0062308,-0.021116,-0.01813,-0.040004,-0.0018868,0.022167,-0.023607,-0.007485,-0.035661,-0.028287,-0.0068944,-0.031071,0.027452,0.045356,0.020634,0.001575,0.011806,-0.023672,0.0027097,0.018938,-0.00083747,-0.12542,-0.067478,0.050722,0.097798,0.00088963
0.21858,0.93463,-0.22287,0.29886,0.57355,0.60377,0.52737,1.2811,-0.14821,0.5797,0.14178,0.75307,0.15361,-0.29073,-0.26319,0.053839,0.70587,0.12215,0.16836,0.53998,0.56896,0.081858,0.69079,0.488,0.11697,0.42998,-0.60525,0.38593,0.3306,0.71555,0.21987,0.74414,0.53657,0.39427,0.47701,0.090218,0.40335,1.7096,0.30331,0.39577,0.37537,0.39824,0.95868,-0.07835,0.28429,0.18181,0.40853,1.11,1.0392,0.14098,0.86499,0.48966,1.1385,0.015907,0.09359,0.042881,0.67759,0.74171,0.9023,0.5432,1.0066,0.63825,1.0373,-0.033206,0.4985,0.34911,0.23123,0.13107,0.22965,0.66249,-0.076606,0.088335,0.21497,-0.0041018,0.18257,0.20389,-0.020937,0.02605,1.2374,0.45267,-0.20578,0.31024,0.29297,0.06818,0.94732
