-0.83675,-2.3026,0.14837,-4.3417,0.4821,0.6245,5.9938,-2.5757,-0.65336,4.808,0.18312,-4.3639,-3.7317,0.93141,-3.7761,-0.15524,-4.306,-0.29607,-1.2957,-3.8871,-1.5507,-2.9766,-3.5691,-0.77433,-1.701,-0.94952,2.3345,-2.8206,2.8501,-0.1812,3.4472,0.89598,-2.0225,-0.39718,0.64231,0.55796,-1.6556,-3.5504,0.91692,-1.0568,1.0012,0.29546,8.2761,2.2401,1.6614,1.2315,-1.3858,-2.9807,-3.0107,-2.2886,-0.61407,2.1291,5.5862,-0.89963,0.9386,1.7031,-1.1333,-0.92601,-2.4601,-1.5024,-0.92193,1.0235,-1.0713,3.8529,1.8363,4.9874,1.5414,1.8476,0.75229,-1.6872,2.8563,1.0955,2.3032,4.8044,0.77046,3.9061,1.6711,4.6844,-0.37053,2.0306,3.9836,1.5091,1.0467,1.3178,0.25415
0.17333,0.17994,-0.043138,0.034119,0.019647,-0.17539,-0.17464,-0.078182,-0.001839,0.0076369,0.043162,-0.32279,0.11222,-0.018594,0.089472,0.16861,0.098194,-0.0024848,-0.075781,-0.050718,-0.056193,0.018348,-0.012587,0.12617,0.011614,0.0076585,-0.24602,-0.004438,-0.18557,0.012259,0.13876,-0.034195,0.052746,-0.14869,-0.11667,0.092802,-0.076848,-0.13293,0.00043585,0.020958,-0.0025676,-0.020244,-0.019303,0.035098,0.0025634,-0.003952,-0.10458,-0.35824,0.062708,-0.14204,0.066023,-0.03553,-0.00012843,0.058679,0.1637,-0.010351,0.12255,0.055366,0.081284,-0.074283,0.10632,0.048282,0.12603,-0.04121,-0.0028773,0.11879,-0.021559,0.022485,-0.085033,-0.13811,0.014324,0.003855,0.042519,-0.065943,0.056457,0.0099467,0.0026673,0.031653,-0.043157,0.071508,0.039033,0.13277,0.090011,-0.043871,-3.7403e-06
0.0037027,0.074714,0.0067963,-0.0014405,-0.002492,0.025992,-0.033381,-0.0075115,0.0090062,-0.016827,0.00061839,0.02675,0.0030935,0.0026975,-0.020271,-0.0074529,0.0076808,-0.0067439,-0.0034308,0.0064241,0.0014908,-0.010416,-0.001686,0.005609,-0.0035303,0.010693,0.0077068,-0.01611,0.0086504,0.013028,0.013742,0.004337,-0.006397,-0.011338,-0.0083163,0.0012008,-0.0064633,-0.0015153,0.005671,0.0095328,7.0288e-06,0.0022831,0.00019935,-0.0090445,-0.00099808,-0.00063304,-0.00047571,0.0037902,0.015159,0.0052692,0.0041322,-0.014447,-0.0014294,-0.00088446,-0.001434,-0.01316,0.010797,0.0053536,-0.024108,0.0051613,0.006554,-0.0056668,0.00084178,-0.0071075,-0.0069705,0.011578,-0.0043341,0.0010805,0.0021647,0.004404,-0.0016908,-0.0043475,0.0069517,0.0049952,-0.0014903,-0.0008382,-0.0015728,0.0010931,-0.0058151,0.0044722,-0.0029897,0.013614,0.0071728,0.0070238,-9.2805e-06
0.0024556,-0.1314,0.033109,0.036526,-0.001903,-0.037375,-0.0231,0.018918,0.084381,0.01564,0.00011432,0.015353,-0.0053917,0.0030855,0.0055436,0.0032949,-0.0035988,-0.00991,-0.0032029,-0.012274,-0.011453,-0.016662,-0.01437,-0.005761,0.010992,-0.010629,-0.047441,0.01982,-0.02,-0.0088788,-0.019132,-0.0042157,0.016778,0.014256,-0.011764,0.0056815,-0.0015023,0.015421,-0.0048601,-0.0045481,0.0036858,-0.004597,0.031675,-0.0031434,0.0029199,0.0071977,0.0078427,-0.0013425,-0.0084443,0.020257,0.00049216,0.014749,-0.020599,-0.0033003,0.016811,-0.019622,-0.0074116,0.016673,0.021065,-0.004776,-0.0047287,-0.0083443,-0.0058989,0.014895,0.0057054,-0.0084832,-0.0031191,-0.0064679,-0.0082,-0.001959,-0.002544,0.005352,0.0076322,-0.01122,0.00022078,-0.0085941,-0.0043058,0.020058,0.014833,-0.0044776,0.013684,-0.0063004,-0.0063094,-0.015408,-0.00019699
-3.275e-05,-0.056,0.015452,0.12275,-0.0051309,-0.0012931,-0.040318,0.030457,0.013311,0.011529,0.0012812,-0.01796,-0.0048328,0.0023012,0.0070626,0.01035,-0.0038561,0.0042652,-0.0032378,0.02133,0.0055248,0.0010422,-0.0094404,-0.0013738,0.0068029,0.012507,-0.046722,0.015842,0.014825,0.0039681,-0.011271,-0.00065402,0.012027,0.0025131,-0.0075903,-0.011066,0.012867,0.034135,-0.0067347,0.0010668,0.0021733,-0.00066684,0.023999,0.00034122,0.0018825,-0.00021387,0.027487,-0.016019,-0.012789,-0.004852,-0.011004,0.014943,0.00079308,-0.0027419,-0.020277,0.022914,-0.012767,0.02874,-0.028892,-0.0099942,-0.0071539,0.0086341,0.0084748,0.014276,0.0056814,0.0054555,0.0059149,0.0062964,0.0015619,-0.0060831,-0.0093382,0.0079916,0.0079264,-0.0015862,-0.00083323,-0.0033793,0.00072118,0.00073467,-0.0062851,0.0032755,-0.0054891,0.033393,-0.0012457,-0.0073286,9.9582e-05
0.011056,-0.10831,0.081551,0.013532,-0.00054348,0.035667,0.023263,0.0038405,0.016731,0.011933,-0.0061519,0.009105,-0.025193,0.019935,-0.036866,0.0042847,-0.0043184,0.031413,0.0016648,0.019324,0.024553,0.0062119,0.021019,-0.00627,-0.0018767,-0.021201,0.00074499,-0.016965,0.0032896,0.037148,0.025033,0.0036642,-0.019553,0.0087815,0.012594,-0.01312,0.017788,-0.018905,0.026689,-0.0029064,-0.0030654,0.0068665,-0.000462,-0.013078,-0.0013113,-0.0095232,0.015206,0.058773,0.013743,0.015976,0.014297,-0.0075989,0.066828,-0.0037623,-0.01996,0.019563,-0.0049974,-0.0065956,-0.0020355,0.0022397,-0.0086399,0.0098683,0.022442,0.0056982,-0.00055322,0.0097233,0.012511,0.0056364,-0.012989,0.0036663,-0.0038762,0.0075108,-0.0075489,0.021194,-0.0014724,0.0030054,-0.002563,-0.02002,-0.032143,-0.0055047,-0.003227,-0.00038629,-0.001666,0.0018259,-0.00091277
0.013489,-0.01673,0.043742,-0.021692,-0.032318,0.17429,-0.066518,0.012131,0.029632,0.025398,-0.0090607,0.049572,-0.029822,0.022414,-0.0058585,-0.054371,-0.066509,-0.0047481,-0.010365,0.00018223,0.024441,0.013063,-0.003581,0.010653,0.01817,0.042644,0.031292,0.022199,0.001567,-0.0092366,0.037009,-0.0052439,0.010441,0.029058,0.0016532,0.019815,-0.0018188,0.071072,0.021909,-0.0069502,0.0061072,-0.0094542,-0.0027122,-0.03545,-0.0011199,0.0015912,-0.002883,-0.09679,-0.017371,-0.11618,-0.0044416,-0.016051,-0.036235,0.011011,0.011173,-0.060547,0.0009562,-0.027411,0.019299,0.023591,0.024458,0.0077482,0.058895,-0.015026,0.0066284,-0.013753,-0.019243,-0.006044,0.0019848,-0.00096168,-0.0074229,0.0081329,-0.015893,0.04987,0.020019,0.0052645,0.023677,-0.0058167,-0.014118,-0.048778,0.0056088,0.017461,-0.0085381,-0.0022711,-7.4197e-05
0.0053764,0.018247,0.027657,-0.019902,0.0082685,-0.010604,0.10328,-0.018909,-0.011035,-0.0030565,-0.0066237,-0.0027141,-0.0061118,-0.0049185,0.0091,0.0026032,-0.00028603,-0.012253,-0.0023667,-0.00024746,-0.016248,-0.0015433,-0.0054599,0.0041669,0.0097932,0.010508,-0.048762,0.003595,0.010257,-0.0014335,0.0062131,-0.00021125,-0.0040653,0.010076,-0.010259,0.01074,-0.0085984,0.0016649,-0.006385,-0.0057148,0.0020709,-0.0082103,0.0083528,-0.0089205,-0.0045854,0.0031406,0.015702,0.05246,0.0018242,-0.0005818,-0.003971,0.019368,-0.014333,0.0011244,0.013395,-0.017004,-0.031346,-0.036269,0.0067425,-0.0048271,-0.0065154,-0.017752,0.0056653,-0.0019347,-0.0027176,-0.010786,-0.0012898,0.00066995,0.0054585,0.0142,0.0032501,0.0010169,0.002714,-0.015194,0.0016806,-0.0057185,0.0032293,-0.0074729,-0.016882,-0.0040371,-0.024309,-0.018225,-0.0010576,-0.0046149,-0.0016059
-0.020865,-0.25121,-0.052739,-0.058172,-0.022753,-0.0099571,-0.0038174,0.14444,0.047817,0.13147,-0.01304,-0.049423,-0.016963,-0.007291,0.0071411,-0.018753,0.057757,0.022356,0.048143,0.051851,0.025552,0.0033621,0.037702,-0.031378,-0.013721,-0.030207,0.16535,0.038887,-0.026827,0.0047486,-0.0013727,-0.0029037,-0.00074986,0.0079702,-0.027366,0.012489,0.053613,0.013409,-0.028446,0.017906,0.0009875,-0.0051824,0.057275,-0.008252,-0.0074648,-0.0076587,0.05429,0.022051,0.028512,0.021188,-0.016465,0.016975,0.025982,-0.010038,0.0009706,-0.0088173,0.0056341,-0.03743,0.0017465,-0.0042528,-0.013149,0.041353,0.016564,0.036772,0.0025553,-0.019737,-0.014255,0.0045178,0.017742,0.0071899,-0.0061385,0.017991,-0.015179,0.0066924,0.014597,0.00073527,0.014783,-0.017035,-0.039195,-0.030689,0.019793,-0.0416,-0.0022607,-0.0018666,-0.0024575
0.0065956,-0.038642,0.012679,0.027348,-0.035913,-0.044827,-0.03072,0.0020266,0.12193,0.028222,0.019764,-0.0050008,0.015735,0.011401,0.02945,0.029996,0.022815,0.0003267,0.027449,-0.026902,-0.0097639,-0.031741,0.0089432,-0.00099541,-0.008804,-0.0028123,0.0069882,0.04528,-0.021256,-0.016327,-0.013063,0.00083827,-0.0022485,-0.007545,-0.011206,0.0024948,-0.0092775,-0.0078519,-0.011201,-0.0027571,0.0032834,0.0034939,0.01907,0.0079881,0.00075282,-0.010337,0.013439,-0.00039783,0.01393,-0.027568,-0.0093171,0.025543,0.021246,0.0048896,0.024546,0.035528,0.022906,-0.016454,0.0085363,0.0055642,0.00041893,-0.025407,-0.0063057,0.0066235,0.0031957,-0.00065414,-0.00013512,0.0045737,-0.0098637,0.015267,0.0025632,-0.0037823,0.01828,0.0088152,-0.0097957,-0.0014619,-0.0079243,0.0098097,0.027401,-0.0048995,0.0069181,-0.017892,-0.0016887,-0.0041157,0.0014957
-0.0083603,-0.029406,-0.0072453,-0.095881,0.019517,-0.021819,0.094832,0.0033997,0.04207,0.070044,0.0011914,-0.014753,0.021188,-0.021076,-0.013835,0.011681,0.06633,0.00071818,0.0063036,-0.0069784,0.017826,0.0093929,9.7749e-05,0.012524,-0.0066465,0.03231,0.022672,0.014199,-0.018981,0.01531,-0.019128,-0.004788,-0.006226,-0.015492,0.019414,0.0034643,-0.017357,-0.059953,0.015701,0.0067123,0.0021094,-0.0097981,0.035749,-0.010676,-0.0033776,0.0066162,0.027508,0.091932,0.0047564,0.068339,-0.0065944,-0.0019342,0.034591,0.020211,-0.025376,-0.00091133,0.015078,0.00557,-0.0073902,0.0087649,-0.0017562,-0.0081772,-0.016143,-0.005073,-0.0090134,0.011058,-0.013421,-0.0048778,-0.014474,-0.0015066,0.0063737,-0.0024909,0.000311,0.0089242,-0.00070676,0.0011298,-0.015145,-0.00274,-0.0021756,0.00021674,0.015449,0.030485,0.0039263,0.0021563,-0.00065776
-0.013856,0.29505,-0.15298,0.15353,-0.060905,-0.12765,-0.11719,-0.0061293,0.010333,0.12162,0.11036,0.025778,-0.016352,-0.057389,0.0089311,0.088145,0.16016,0.041727,-0.034206,-0.0060305,0.061366,-0.13901,-0.016601,-0.011882,0.065282,-0.020921,-0.11446,0.16102,-0.024122,0.048644,0.013087,-0.0076596,0.026069,-0.022159,0.045273,0.053415,-0.068649,0.071711,0.043078,0.034935,0.017707,0.034781,0.039058,0.055559,0.011816,0.004922,-0.068853,-0.25434,0.098821,-0.010269,0.024566,-0.054616,0.088655,0.018222,0.033593,0.11699,-0.055132,0.038228,-0.019179,0.0043126,0.035078,-0.028949,0.034415,-0.089567,-0.0021406,0.0013118,-0.024947,0.0086578,0.00040754,0.024709,-0.012382,0.029302,0.00040674,-0.10305,-0.045902,0.007517,-0.079245,0.022592,0.19871,0.09112,-0.0059969,-0.052343,0.058311,0.027478,0.0039114
0.0032847,0.11165,0.075997,-0.10119,-0.011953,0.021837,0.02811,0.011059,0.065663,0.059587,0.0026048,0.16095,-0.021076,0.07343,-0.034423,-0.054945,0.0015737,0.0041129,-0.024697,-0.0005207,-0.0058214,0.0095386,0.013224,-0.0087485,0.0077555,0.00090111,0.11586,-0.016652,-0.0020171,0.010459,0.0065489,0.0022086,-0.033419,0.023064,0.013902,-0.034712,-0.019584,-0.035779,0.018733,0.029412,0.010206,0.0027609,-0.055418,-0.022197,-0.0098369,0.0031081,-0.0020798,0.068928,0.0061244,0.042176,0.007126,-0.046122,0.0084882,0.003024,0.052807,-0.0040818,-0.022952,-0.039791,-0.050635,0.0030012,0.014901,0.0067497,-0.002038,0.025579,-0.0044915,-0.0036154,-0.0075609,-0.0080347,0.01708,0.0075583,-0.011356,0.0019865,0.011134,0.016732,0.0019466,-0.02787,0.0066446,0.01165,-0.031311,-0.01105,-0.026853,0.051034,0.0088734,0.017014,0.000766
-0.014193,-0.079658,-0.062627,0.039531,0.069223,-0.027902,-0.1174,-0.01473,0.017087,-0.060386,-0.012464,-0.076596,0.057273,0.0022658,-0.025978,0.052954,0.027984,0.029445,0.047799,-0.00058378,-0.006041,0.07774,0.02064,0.023718,0.026041,0.0095859,-0.037976,-0.049804,0.054235,-0.0142,-0.037594,0.0050872,0.0083157,0.017493,-0.033035,0.0017002,0.0045628,0.047058,-0.025835,-0.026384,0.0061301,0.019294,-0.031889,0.0017306,-0.0044479,0.01497,-0.0271,0.056104,0.018472,0.089762,-0.0052685,0.0012824,-0.052469,-0.0057259,0.036523,-0.047282,-0.015935,-0.03681,0.056401,-0.013059,-0.0046537,0.035475,-0.028106,-0.019909,0.00082004,0.021204,0.015887,0.018657,-0.0045355,0.029169,0.013225,0.00040531,0.013763,-0.049208,-0.0032585,-0.0035902,0.025536,0.021682,-0.045867,0.027625,0.0095604,0.02501,-0.0063424,0.01216,0.00089904
0.0051277,0.052246,0.051162,0.095552,-0.017672,-0.033216,0.083282,-0.060653,0.077472,0.0049214,0.0097055,-0.0012264,0.04721,0.13186,-0.026728,-0.010437,-0.10021,0.0053845,-0.017847,-0.003836,-0.019205,0.02127,0.026253,-0.019891,0.029123,0.0074498,0.017942,0.029956,-0.061223,0.015868,-0.0019031,0.02509,0.011161,-0.032044,0.0092663,-0.01888,-0.018713,-0.052305,-0.028081,-0.01004,-0.0019226,0.010147,-0.069758,0.029394,-0.010973,0.015089,-0.01548,-0.094301,-0.0041675,-0.053567,0.014308,-0.0071203,0.022272,-0.0029106,-0.015352,-0.013107,0.039191,0.046187,-0.033548,-0.02631,0.030651,-0.01199,0.056463,0.047129,-0.0012116,-0.0065751,0.0046001,0.0028647,0.00073255,-0.049725,0.0031923,0.022203,0.034485,-0.014802,-0.0062389,-0.0096858,-0.017194,0.0047514,-0.067605,-0.00091495,0.023846,0.020851,0.017896,-0.01586,0.0021021
0.023654,0.17147,-0.0038634,-0.12389,-0.037682,0.0039516,-0.0006894,-0.045675,-0.082329,-0.087681,0.013961,-0.075949,0.0069063,-0.07181,0.072882,-0.011485,0.0014416,-0.031005,-0.034158,-0.018832,-0.0271,-0.021279,-0.002656,0.010297,-0.037335,-0.015072,-0.055828,0.021875,-0.08248,0.0077263,0.033263,0.0035867,-0.0083237,-0.0079421,-0.0093753,0.048852,-0.036915,0.020023,-0.012162,0.03714,0.01995,-0.01358,0.067587,-0.0041703,0.0099875,0.009428,-0.032409,0.023553,0.014395,-0.066617,-0.0089153,0.04512,-0.034194,0.031668,0.025836,0.064585,0.043125,0.0293,-0.024925,0.0097704,-0.022092,-0.016983,0.039475,0.013568,0.0089729,-0.0029507,0.017642,0.016091,-0.015391,-0.018605,0.022658,-0.0053997,-0.028605,-0.0040147,-0.0082908,0.0068956,-0.016624,0.018146,0.033544,0.028568,0.010055,-0.051145,0.020758,-0.012674,0.00040872
-0.036012,0.10746,-0.12183,0.10104,0.039896,-0.016462,0.016769,-0.092885,-0.19735,-0.0097251,0.023417,-0.0094746,-0.015598,0.017145,-0.024391,0.10552,-0.12939,0.049648,-0.01599,0.010172,-0.0093138,-0.02079,0.014016,0.038285,-0.022939,-0.037224,-0.13501,-0.03515,-0.032079,0.029747,0.016348,0.01869,-0.015648,-0.0030028,0.051677,0.022088,0.0043077,0.016448,-0.0021841,-0.013149,-0.0072,0.0015899,-0.051229,0.038219,0.0085551,-0.0075258,0.067242,-0.044521,0.028885,-0.07573,0.028211,0.015842,-0.0038617,-0.019324,-0.033985,0.014416,-0.032131,-0.02106,-0.044911,-0.0019366,-0.067231,-0.064131,0.02041,-0.012783,0.0014874,-0.0016899,0.012256,0.032659,-0.006653,-0.044474,0.040297,0.0029788,-0.009192,-0.02242,0.0019578,0.0063607,-0.015131,-0.045982,-0.021758,-0.061469,-0.0013528,0.065352,0.018014,-0.020399,-0.00093749
-0.0027685,-0.088245,0.037953,-0.02874,-0.0069593,0.019465,-0.029257,0.021634,0.037089,-0.011451,-0.0013429,-0.0050996,-0.0096442,-0.0064074,0.0052729,0.0067731,0.089436,0.00624,0.02093,-0.016247,0.0093606,-0.017587,0.013765,0.011822,-0.0080492,-0.0037515,-0.034002,0.0133,0.018304,0.0092095,-0.0016871,-0.0059012,-0.031672,-0.0027558,0.0082765,0.0054158,-0.0051568,-0.043832,0.017713,0.012301,-0.0040423,-0.0052369,0.015582,-0.0071176,0.00073677,-0.0042451,0.011719,0.034396,0.0078286,-0.0062802,-0.012139,-0.020388,0.024909,0.014269,-0.00018896,0.017431,0.01113,-0.0081993,0.0051569,-0.00029842,0.0023272,0.020894,0.0064377,-0.0028261,-0.011815,0.0066549,-0.01326,-0.0029549,0.0052064,-0.006269,0.0037782,-0.0067753,-0.00017461,0.01247,0.0062165,0.0052918,0.0015582,-0.0034134,0.026437,0.017078,0.0046893,-0.018199,-0.0068237,-0.0068977,-0.00016926
0.0029738,0.02753,-0.10575,0.056797,0.029479,0.026097,0.020451,-0.021009,0.0032434,0.087537,0.00064545,0.010113,0.057972,0.060023,-0.027305,0.013346,-0.036806,0.058737,0.0030397,0.036081,-0.0055575,0.079227,0.011775,0.029785,0.042901,0.034077,0.19742,-0.045972,-0.018798,0.022002,0.023917,-0.0019757,-0.0051282,0.015316,0.021248,-0.021992,0.042738,-0.12469,0.00023481,0.01764,0.016884,0.0059821,-0.10295,0.0029135,-0.0049844,-0.002204,0.043427,-0.022094,-0.0094533,-0.027591,0.048776,0.040349,0.046994,0.011383,-0.073869,-0.032635,0.012298,0.0075213,0.046147,0.0018491,-0.014553,0.051694,-0.019544,-0.0056309,-0.018516,0.046481,0.011346,-0.0051442,0.013447,0.029363,0.004989,0.019255,-0.035929,0.017965,-0.0014168,-0.0030298,-0.0021164,-0.017753,-0.078939,0.031758,-0.016835,0.048671,0.017017,0.017923,0.0012301
-0.0027636,-0.17714,0.010971,0.0089455,0.0019452,-0.0077564,-0.058494,-0.024563,-7.9375e-05,0.00056709,-0.001635,-0.081815,0.027133,0.019249,-0.035935,0.0057953,0.017118,0.036077,0.092914,0.039318,-0.02773,-0.034774,0.0027043,-0.010968,0.0084128,-0.019369,-0.00040829,0.015159,-0.032476,-0.047743,-0.0004791,0.013032,0.015487,-0.0032927,0.035279,-0.0091033,0.022584,2.2687e-05,-0.0074703,-0.0058432,0.0049151,0.011138,0.059292,0.026646,0.014755,0.0066875,-0.025914,-0.0037044,-0.011332,-0.003537,-0.012938,-0.03053,0.093509,-0.014578,0.010482,0.038394,-0.0024604,0.039874,0.057771,0.03287,0.0051483,-0.04291,0.055938,0.0051721,-0.0088673,-0.01882,-0.00012643,-0.0044569,-0.00036844,0.038064,-0.0090333,0.003161,0.010521,-0.015809,0.00056945,0.015218,-0.019699,-0.01896,0.023224,-0.022457,-0.0011103,-0.030805,-0.012517,0.023275,0.0030577
-0.0158,-0.043839,-0.024343,-0.034759,-0.016541,0.001337,-0.022565,0.035192,0.098597,0.0068492,-0.010606,-0.013798,-0.010324,0.044622,0.0016423,-0.018831,0.014512,-0.00048776,0.016627,0.086487,0.0108,0.059643,0.004077,-0.019106,0.042104,0.050784,0.074504,0.013571,0.039226,0.01664,-0.058292,0.017268,0.025436,-0.0083641,0.0015524,0.0030293,0.034683,0.09264,-0.025735,0.024064,0.017252,-0.0050454,0.055868,-0.029456,-0.010679,0.017184,0.034599,-0.056443,-0.044647,0.011067,-0.035679,-0.013594,-0.020547,-0.015656,-0.013665,-0.062053,0.0018832,0.030347,-0.020795,0.021243,-0.041912,-0.0047334,0.0073521,0.0037777,-0.018975,0.027613,-0.0067785,-0.0043945,-0.0016422,0.0046162,-0.0044747,0.016734,0.0012691,0.040713,0.015309,0.014337,-0.012304,0.007054,-0.011518,-0.042785,-0.0038347,-0.042845,-0.0017601,0.0077146,-0.0031891
-0.020162,-0.038162,0.017173,0.054153,0.0045184,0.005134,0.2344,0.029824,0.026899,0.025578,-0.0089176,0.06262,0.016313,0.019914,0.023666,-0.03935,0.057041,-0.0025585,-0.03444,-0.01408,0.10239,0.035387,0.037206,0.0088064,-0.023364,0.033749,0.077819,0.057086,0.0061842,0.0042753,-0.031794,0.016465,-0.013525,-0.021551,-0.025478,-0.017896,-0.015929,0.0068521,0.0085953,-0.011795,0.019287,-0.0074738,0.031456,-0.0083568,-0.00254,-0.01661,0.076527,0.059527,0.018762,-0.0097146,0.0041873,0.003147,0.051897,0.087096,-0.050488,-0.022826,0.030183,0.077526,0.043101,0.0041511,0.038805,-0.005083,-0.0067926,0.025232,0.013601,0.056748,0.024598,0.0027957,-0.019822,-0.012622,0.012893,-0.024356,0.0050705,0.041682,0.033281,-0.00332,0.0051606,-0.018746,0.0085772,-0.019102,-0.00030794,-0.0078134,-0.0062609,-0.026584,0.0015862
0.023078,-0.11334,0.073826,-0.10218,0.049391,-0.032302,0.14968,-0.018686,0.00043971,0.087096,-0.014562,-0.042144,0.028573,0.05166,0.068368,0.018327,-0.075569,0.052248,-0.0086291,0.019152,0.0075537,0.16001,0.047891,0.034826,0.056518,-0.047573,0.049564,0.0066271,0.024599,0.016584,-0.00076655,-0.0033249,0.0033823,0.045377,0.051924,0.014751,0.0024611,0.035839,-0.0049426,-0.011341,0.0013432,0.0030257,0.068176,-0.008609,-0.013532,0.012402,-0.024015,0.075139,-0.018209,0.096458,0.0030272,-0.05116,-0.0056834,0.019748,-0.024416,-0.0092997,-0.0095296,0.0086043,0.097875,-0.022007,-0.013127,0.043748,0.034041,0.012054,0.0096781,0.067013,0.0058843,0.018106,-0.019166,-0.06644,-0.005579,0.0060986,-0.025722,0.049599,0.019289,-0.028247,0.0094744,0.012913,-0.043606,0.014526,-0.00099646,-0.04421,0.0059069,0.027173,-0.0012043
-0.015094,-0.1267,-0.064236,0.073791,0.0091339,-0.014335,-0.074435,-0.028582,-0.020118,-0.0016381,-0.00081525,0.0049879,-0.034818,0.0010593,0.036053,0.018181,0.063317,-0.036267,-0.011206,-0.06284,0.071529,-0.0075524,0.10279,0.01848,-0.041377,-0.0087317,-0.10773,-0.057466,-0.02803,-0.036645,-0.041742,0.020922,-0.021503,0.0049195,-0.015595,-0.021562,0.0007937,-0.10729,-0.0097097,-0.0058044,0.024758,0.027468,-0.010545,0.043122,-0.010297,0.021269,-0.0017178,0.047303,0.066577,0.09775,-0.035578,-0.02856,-0.0067787,0.12515,-0.087664,-0.033615,0.047427,0.1073,-0.021601,0.01788,-0.0078044,0.03006,0.044435,0.062771,0.014406,-0.019223,0.0084176,-0.015335,0.0022088,-0.037575,0.032624,0.013433,-0.0030129,-0.036463,0.0014651,-0.037307,-0.015541,-0.015051,-0.019766,0.001378,-0.041129,-0.097691,0.008833,-0.015578,-0.0022195
0.031623,-0.018624,-0.0077353,-0.016534,-0.0086869,0.05715,-0.094718,0.026267,-0.14116,0.015269,0.050488,0.0041713,-0.025748,0.031595,0.071626,0.062378,-0.064736,0.0048556,-0.0076555,0.013658,0.020023,0.031633,0.010353,0.093109,0.0045231,-0.057305,-0.03165,0.0082397,0.050249,0.0067686,0.095198,0.01103,0.030621,-0.015697,0.10674,-0.075516,-0.06047,0.10758,-0.021928,0.039178,-0.022875,-0.0037453,0.018267,0.02515,0.0012225,-0.048441,0.036493,0.082617,0.019975,-0.026841,0.039115,-0.044612,0.018524,-0.019844,-0.019475,0.10471,-0.0082249,-0.037385,0.069858,-0.021028,0.00041209,0.007799,0.055687,0.030796,0.0087237,0.056536,-0.024402,0.0094797,-0.005505,-0.02503,-0.026949,-0.021409,-0.026632,0.018022,-0.0011492,-0.0033959,0.0072023,0.0070393,0.075205,-0.0097935,-0.043077,0.026925,0.017135,0.010496,0.0017411
0.024468,0.042996,0.16367,-0.040649,0.059186,-0.056586,0.12974,-0.032382,0.14661,-0.017738,0.0022246,0.0076047,-0.010959,0.0068471,0.14421,0.017299,-0.0042925,0.01986,-0.02886,-0.033654,0.0082803,0.027928,0.014328,-0.012829,0.091089,-0.00096342,-0.15475,0.056756,0.029387,0.0057973,0.0011601,0.028939,0.032666,0.010078,0.0047728,0.0045579,-0.0036642,0.044178,0.013034,-0.0020272,0.010951,-0.0098869,0.0045341,-0.011644,0.0073964,0.019741,0.014113,-0.066968,-0.035019,-0.11591,0.014273,0.051068,-0.035683,0.0037295,0.042411,0.03907,-0.01807,-0.078862,0.069057,0.0043915,-0.02071,-0.0086702,0.057442,0.021492,-0.0093688,0.028157,-0.0099268,0.024878,-0.035357,0.026168,0.026864,-0.010035,-0.0070149,0.059597,-0.017252,0.031304,-0.015262,0.044358,-0.020401,-0.019553,-0.040459,-0.051695,0.0016056,0.016505,0.0038699
-0.013547,0.076369,0.045871,0.12299,-0.0341,0.02441,0.09088,0.042948,-0.097889,-0.0013716,-0.020426,-0.036885,0.0033891,-0.0095572,-0.015809,-0.020597,0.025798,-0.044004,-0.048186,0.043071,0.00031436,0.018792,-0.029223,0.0012179,0.0013845,0.15949,-0.0064121,-0.031916,-0.023533,0.026711,-0.042788,0.010223,-0.0087904,0.016774,0.027642,0.013701,-0.02502,0.044576,0.0052193,0.0070171,0.0029248,0.00017074,-0.00047653,-0.048701,0.0016617,0.010724,0.083302,-0.001504,0.055411,0.010525,-0.020092,0.02785,-0.064371,-0.021255,-0.012469,0.0078749,-0.0018301,-0.086715,-0.011351,-0.016618,0.0011352,-0.023505,-0.0064159,-0.0036074,0.0028612,0.024692,-0.0056447,0.022558,-0.015338,-0.025539,-0.018865,-0.0028616,0.021855,0.038319,0.0068872,0.0057774,0.017489,0.0018185,-0.10501,0.027208,0.0010051,-0.026715,0.0062013,0.00097213,-0.00017641
-0.00055318,0.033201,-0.020255,0.0038564,-0.022605,-0.0019238,-0.045822,-0.0036867,0.059482,0.024393,0.010931,-0.011451,0.023318,0.025956,-0.0093494,-0.0042675,0.017745,0.0074332,0.014172,0.0078461,0.0022101,0.016422,0.0064617,0.013674,0.0020133,0.0078737,0.080894,-0.0018212,0.0087056,0.0094639,0.0070086,-0.00093202,-0.0037754,0.0055931,0.0064054,-0.010305,0.0026363,0.016966,-0.007812,-0.0075302,-0.00045924,0.0070702,0.023745,0.00073558,-0.002132,-0.00032933,-0.0017696,0.018174,0.008628,0.053331,-0.010955,-0.002849,-0.0028081,0.0055805,-0.0015358,-0.0018359,0.0075931,-0.0010787,0.017745,0.00068375,0.0032135,0.0038884,0.0070999,0.0074098,0.00075776,-0.0045888,-0.0032548,-0.010751,-0.0064349,0.0064523,-0.00033997,-0.0026654,0.0013315,0.013241,-0.0019116,-0.0023115,-0.0065324,0.0020004,0.0041885,0.023415,0.011717,-0.0045824,0.0031458,0.0074272,0.00064474
-0.020408,0.022857,-0.00043419,-0.19402,-0.041698,0.061906,0.14992,0.037769,0.067438,0.016496,0.021899,0.012796,-0.039693,-0.06757,0.075224,-0.0039966,-0.0095218,-0.045038,-0.014271,-0.012625,0.031014,-0.047558,0.007302,-0.054197,-0.019303,0.075519,-0.03378,0.16334,-0.035088,-0.03789,0.0076715,0.0062481,-0.0015597,0.0050917,-0.03887,0.00092495,-0.041918,0.052952,0.011946,0.0021394,0.025355,-0.010055,0.060962,-0.043294,-0.0072347,0.010213,0.022474,-0.23243,0.0094412,-0.12831,0.029042,0.020704,-1.9879e-05,0.061138,0.05724,-0.003632,0.011193,-0.066663,-0.021858,0.019454,-0.012806,-0.038585,-0.0076452,0.0017489,-0.0042075,0.00088912,0.0054174,0.0099538,0.0036108,0.063756,0.023174,0.0031994,0.0017155,0.0050413,0.013788,0.0088418,-0.009597,0.020899,0.072435,-0.060719,-0.01297,-0.016641,-0.011232,-0.0012317,-0.00012088
0.011328,-0.036061,0.072933,0.018694,0.015872,0.098912,-0.04635,0.043387,0.026231,-0.058725,0.0021779,0.076013,-0.081157,0.025595,0.036823,-0.046272,0.040014,0.047222,-0.061051,0.0069285,0.063566,0.053905,0.026869,0.015435,0.03825,-0.019101,0.030126,0.094654,0.12972,0.021639,0.021237,0.015155,-0.037014,-0.018786,-0.10014,-0.073615,-0.00042788,0.027119,-0.0028022,-0.029629,0.0026352,0.0098455,-0.046904,-0.020789,-0.0094603,-0.034589,0.024216,-0.044203,-0.019887,0.0088867,0.010822,-0.006862,0.048181,-0.01138,0.029735,0.041905,-0.027044,-0.075818,0.031336,0.0055489,-0.0044688,-0.0005282,0.064175,0.018624,-0.002069,-0.01167,-0.00053099,0.0075449,0.0087192,0.012627,0.028502,-0.017935,-0.024138,0.062735,0.014096,0.0030651,-0.0060377,-0.019049,0.048673,-0.041688,-0.029633,-0.043126,-0.011649,0.014181,-0.00061726
0.027216,0.2918,-0.08716,0.039396,0.019944,0.056548,0.02818,0.0033648,0.16412,0.064634,0.0023925,0.13401,-0.04649,0.067806,0.024585,-0.028477,0.088243,0.028001,-0.019517,0.027302,0.029213,0.023433,-0.00028824,0.029334,0.044428,-0.089697,0.099236,0.077345,0.085188,0.15686,0.025513,0.0057481,0.0014927,-0.040453,0.010061,0.014756,-0.009534,0.08525,0.037155,0.046857,-0.005792,0.0042843,-0.071637,-0.028572,-0.016905,-0.0024093,-0.0012239,0.13101,0.010867,-0.032277,0.0052098,0.038524,0.044545,-0.097393,-0.038736,-0.060566,-0.002366,0.050245,-0.078769,-0.025943,0.013373,0.018934,0.11264,0.0022359,-0.0060304,0.020163,-0.031226,-0.01736,0.027256,0.018608,-0.0038514,0.017476,0.019668,0.07328,0.0095552,-0.0060732,-0.011254,0.0066234,0.13862,-0.0069186,0.030927,2.2043e-05,0.022358,-0.0049489,0.00149
0.032922,0.045126,0.025782,0.010954,0.069527,0.020008,-0.032009,-0.017639,-0.032053,-0.0040325,-0.0024778,-0.034872,0.04357,0.039303,-0.06409,-0.012156,-0.16434,0.01281,-0.028883,-0.011932,-0.00017715,-0.0024118,-0.0080661,-0.00077407,-0.030166,-0.026246,0.059288,-0.026122,-0.03716,0.008705,0.12207,0.014066,0.048577,-0.041181,-0.017842,0.034821,-0.021062,0.0513,0.0099981,-0.030422,-0.0090697,0.0084794,0.059963,0.012908,0.0010719,0.011613,-0.057366,-0.042343,0.032681,0.029974,0.031102,-0.02825,-0.015619,0.012426,-0.011834,-0.020931,0.0063151,0.016257,-0.032257,-0.010912,0.054766,-0.010038,-0.00015582,0.017238,-0.0020778,-0.014477,-0.008138,-0.0073844,-0.018509,-0.039041,0.028575,0.01102,-0.0012573,-0.016255,0.0008172,0.011288,-0.009573,-0.0023646,0.0073909,-0.024259,0.042467,0.031572,0.011649,-0.030885,0.0023093
-0.019665,-0.017239,0.087701,0.073463,0.097269,-0.060525,0.083576,0.092687,0.16414,0.19065,-0.016874,0.25786,-0.051738,0.022093,0.024731,0.091534,0.11548,-0.058948,-0.11901,-0.072945,0.20331,0.0090297,0.045677,-0.06815,-0.06755,-0.096954,-0.21614,0.07305,0.11009,0.09554,-0.026281,0.18073,0.08373,0.046897,0.052559,-0.026621,0.1616,0.22976,0.053872,-0.013205,-0.024744,0.034848,0.17279,0.06033,0.013689,-0.033949,0.1124,-0.025361,0.12271,0.028169,0.080299,0.047016,0.20051,0.12157,-0.093532,0.0034563,0.083527,0.091064,0.22122,0.080915,0.048705,-0.033785,-0.0013024,0.11952,-0.023155,-0.0064283,0.051764,0.024093,-0.0037685,0.056808,0.041837,-0.060483,0.035002,0.1015,0.0096271,-0.014268,0.01709,0.0050003,0.19053,-0.15556,0.028815,-0.14686,-0.038342,-0.1092,0.0017489
-0.024523,0.068675,0.0038385,-0.032601,-0.052965,-0.10703,0.11001,0.05554,-0.017493,0.03209,0.024575,0.1043,0.040755,0.0070253,-0.026358,0.016255,-0.036214,0.0080358,-0.028298,0.04008,0.037271,0.022303,0.035419,-0.016161,-0.0040176,-0.03327,0.12042,0.022794,0.03451,0.00013227,-0.037554,0.0368,0.049297,-0.079099,-0.044213,-0.079552,0.045177,0.13012,-0.040108,-0.0031812,0.0035556,-0.0061919,0.050688,0.0048201,0.00058846,-0.025817,0.018119,-0.0071778,-0.048142,-0.10785,0.042698,0.035765,0.02486,-0.040986,0.010305,-0.0041198,0.017618,0.051679,-0.025258,0.019299,0.057907,-0.054056,-0.0012643,-0.0017536,-0.0055983,0.019833,0.011751,0.012764,-0.014737,-0.033662,0.029253,-0.0082625,0.0069578,-0.011799,-0.0051746,0.028415,0.0082304,0.02993,-0.0087134,-0.10436,0.0071419,0.093582,0.00018032,0.0029853,-0.0036691
0.013346,-0.017917,0.027287,-0.015924,0.073774,0.025944,0.06405,0.058368,-0.059546,0.024779,-0.014497,0.071326,-0.050622,0.011669,-0.038421,-0.05056,-0.12304,0.013028,0.021589,0.029434,-0.037266,0.044295,-0.059973,0.00022378,0.031073,-0.002677,0.0057256,-0.040493,0.0018382,-0.014448,0.076157,0.023141,0.027551,0.13753,0.06397,0.028133,0.027924,0.12219,-0.0050839,0.029965,0.0049799,-0.0057643,-0.010903,-0.023038,-0.0080009,-0.0073794,-0.015333,0.12161,-0.049765,-0.047546,-0.024314,0.026774,0.050328,-0.014792,0.0055474,0.016121,-0.023516,-0.059596,-0.064017,0.0028732,-0.041215,0.016065,0.0013839,0.0033559,0.028049,-0.040701,0.0044498,0.0074626,-0.013353,0.014574,-0.014161,-0.0084224,-0.015107,0.056207,-0.0021325,-0.02581,0.015949,-0.0085712,-0.024423,-0.04595,-0.030189,0.032378,0.020305,0.0030115,-0.0016485
0.01327,-0.0071227,-0.0061459,-0.04821,-0.0033029,-0.025478,0.13168,-0.024637,0.031697,-0.044043,-0.010457,0.028564,-0.003385,0.024254,-0.033768,-0.021828,-0.072364,0.0099739,0.0017184,-0.010392,0.0010965,0.011802,-0.050969,0.013324,0.051811,-0.026059,-0.072131,-0.024719,0.021179,0.011727,0.0070707,0.0033841,0.041486,0.010722,0.10524,-0.0038123,0.00027439,0.0024902,0.023811,-0.0034349,0.0016188,-0.012096,0.0057984,0.019897,0.0020089,0.0059598,0.026773,0.10069,-0.035434,-0.089732,0.0069395,0.038415,0.10787,-0.0325,-0.046022,0.0024537,0.018677,0.054717,0.036365,0.021809,0.021922,-0.0064549,-0.037361,-0.037766,-0.0075153,0.01195,-0.0083485,-0.013759,0.0006518,0.0076132,-0.0097723,-0.0121,-0.0062409,0.035126,-0.021169,0.0042571,0.0033808,-0.0049829,0.0080864,-0.028609,-0.01726,-0.01344,-0.0049949,-0.005686,-0.0015112
0.001529,-0.038288,-0.20042,0.017659,-0.018614,0.062348,-0.075216,-0.023434,-0.056052,-0.0093023,-0.037211,-0.11679,0.022896,-0.078334,-0.0056056,0.015186,-0.039331,-0.0046206,0.07925,0.043512,0.026841,-0.013859,-0.0057596,-0.010232,-0.07205,0.027319,0.017935,-0.06434,-0.056575,-0.053012,-0.0011543,0.016674,0.034295,0.062343,0.080929,0.11101,0.014282,0.09756,-0.017678,0.012967,-0.015976,-0.006155,-0.0061131,0.011371,-0.00023526,0.0023331,0.012421,-0.038791,-0.032122,-0.077891,-0.029876,-0.015543,0.04885,0.029575,0.02527,-0.019646,0.03983,-0.050049,-0.081353,-0.019833,0.020194,0.02959,-0.019128,-0.022843,0.0096967,-0.014517,-0.025751,0.0084611,0.0061354,0.016414,-0.023167,0.00018457,0.0055509,0.01173,0.009739,0.0074731,0.014484,-0.021553,-0.077369,-0.080626,0.01059,0.05649,-0.0023907,-0.0076523,-0.0014469
0.0035904,0.024167,-0.1806,0.062705,-0.0026288,0.0275,-0.010325,-0.0099916,0.064473,0.014074,0.00062201,0.0080597,0.066953,0.024957,0.0014434,0.039087,-0.058805,0.017664,-0.025098,0.0075635,-0.087746,0.071935,-0.01156,0.032838,-0.052883,-0.019096,0.17745,-0.01229,0.053631,0.035979,-0.022454,-0.0063104,-0.011638,0.04733,-0.053367,0.0031932,0.08881,-0.037207,-0.054775,-0.0020757,0.01621,-0.013186,0.022679,0.010613,0.0086667,-0.0076196,0.0020019,0.11502,-0.0047038,0.12414,-0.024637,0.068318,-0.12054,-0.006678,-0.011407,-0.023654,-0.019087,0.00040423,0.019724,0.019732,-0.016636,-0.020859,0.083845,-0.004417,0.0080177,-0.01725,0.020263,-0.0031763,0.024239,-0.072059,0.022348,0.0049844,0.0038486,0.035984,-0.002515,-0.014769,-0.0036348,-0.0031893,0.019013,-0.006363,0.084751,0.074451,0.0064318,-0.012829,-0.001382
-0.0061038,-0.0088419,-0.059134,0.0065499,-0.00052647,-0.025214,0.0039273,0.025096,-0.02912,0.0010364,0.0023451,0.031997,-0.011993,0.0081562,-0.0079237,0.0039362,-0.048424,0.027962,-0.0050493,-0.019328,0.010451,0.007505,0.0067664,0.0021134,-0.0066447,-0.0092436,0.014218,0.01061,0.012622,-0.0001786,0.022965,0.014951,0.015946,0.019512,-0.025325,0.0053947,-0.0093326,0.053607,-0.012473,-0.010614,0.0032277,0.011123,0.001396,-0.0032235,0.0011348,0.0046874,-0.023324,-0.038721,-0.013067,-0.018044,0.0017138,0.0025766,0.023277,-0.0022251,-0.016065,-0.0032398,-0.0017681,-0.0085694,-0.040173,-0.0017719,0.022353,0.0013287,0.011094,0.01171,-0.00014019,-0.0037678,-0.0025853,0.0013358,0.00053349,-0.021637,0.0064281,0.0062299,0.0056659,0.010772,-0.0021963,-0.01276,-0.004065,0.0010601,-0.0078828,-0.0086074,0.0097746,0.004238,0.005868,-0.001493,0.0003103
-0.0072755,0.10881,-0.013807,0.11717,0.17933,0.01992,0.029531,-0.036603,0.013995,0.0082793,-0.030633,0.12449,-0.026169,0.070282,-0.080152,-0.11593,0.09391,0.0057531,0.028496,0.072189,0.043804,0.013025,-0.00097558,0.00043973,0.055867,-0.040305,0.0063891,-0.022389,0.061704,0.049975,0.02069,0.023535,-0.0066621,0.012427,0.070955,0.04828,0.0096669,-0.18472,0.061074,0.065652,0.0060004,0.015072,-0.26187,-0.0083203,0.0038194,-0.026367,-0.095903,0.1889,0.014805,-0.053622,-0.011342,-0.10214,0.26824,-0.016014,0.02996,-0.038346,-0.032393,-0.020985,0.11482,0.015413,0.038922,0.034286,0.061912,0.024101,0.00061261,0.019576,0.014842,-0.023471,-0.0079616,0.015607,0.019555,-0.031414,-0.0063207,0.056327,0.0011233,0.022517,-0.0062102,0.00098383,0.059229,-0.10236,-0.030782,0.072001,0.046715,-0.017749,0.00015024
0.011877,0.091155,0.026076,-0.37249,-0.048343,-0.06694,-0.091092,0.051918,-0.050293,-0.04247,-0.038173,-0.033327,0.013092,-0.0027117,-0.00092973,-0.014714,0.071837,0.02386,0.025459,0.02726,-0.020118,0.050929,-0.015804,-0.02789,0.022152,-0.00037971,0.007696,-0.04299,-0.032198,-0.001745,0.029197,-0.0069865,-0.040169,0.046181,-0.014003,0.01429,0.027302,-0.13636,0.079505,0.10909,0.041118,-0.0013094,0.014302,0.0080569,-0.0018401,0.0386,0.0085838,-0.036492,0.057003,-0.010992,-0.052558,-0.044713,-0.046268,0.048231,0.042097,-0.02306,0.013774,-0.051924,-0.070288,-0.0045318,-0.035885,0.017311,-0.043174,-0.0053203,-0.037113,-0.0083914,-0.0052416,-0.014195,0.011297,-0.025469,0.031608,-0.034127,0.02473,0.01663,-0.0010842,0.0068818,-0.0042237,0.013982,0.077051,0.0036724,0.062753,-0.057622,0.043828,-0.021834,-0.0038915
0.038701,0.0335,-0.076383,-0.37061,-0.0038241,-0.083518,-0.11197,0.086776,-0.43985,-0.044713,-0.067037,-0.10615,0.11435,-0.03329,0.070614,-0.023058,-0.18167,0.13077,0.01353,0.074587,-0.17219,0.15292,0.039692,-0.036913,0.049791,0.14058,0.14046,-0.050944,0.016174,-0.012062,0.049625,-0.019697,-0.041931,0.06554,-0.16335,0.011896,0.042581,0.15511,0.0088109,0.22527,0.11439,0.025753,0.071929,-0.090551,0.036571,0.11576,0.16191,-0.1219,0.13941,-0.024272,0.09231,0.17437,-0.32889,0.020904,0.12511,-0.1072,-0.085422,-0.15223,0.014639,0.043145,-0.10164,0.085513,0.12816,-0.037987,-0.024596,-0.019712,-0.042123,-0.0046226,-0.027688,-0.01349,0.080186,-0.028399,0.018726,0.11822,0.0088113,-0.03447,-0.045996,0.066116,-0.2538,0.040803,0.10275,0.04628,0.069692,0.030341,-0.0097896
-0.043097,-0.435,-0.0011792,0.67461,0.31136,0.032059,-0.21415,0.14949,-0.22463,0.09646,-0.03491,-0.10915,-0.03434,0.23585,-0.062333,0.025952,-0.12595,0.065203,0.10846,0.18662,0.14476,0.078579,0.17612,-0.073275,0.033753,0.046948,0.4356,-0.20269,-0.016437,0.046801,0.018602,0.13956,0.0015873,0.021063,0.14063,0.063344,0.11103,0.0088577,0.038706,-0.033092,0.026332,0.12038,-0.21395,0.015188,-0.0011046,-0.012063,-0.12568,-0.22017,0.047847,0.26148,-0.058128,-0.073603,0.28969,0.037271,-0.27625,-0.013884,0.12774,0.32178,-0.091707,0.014699,0.0025505,0.14416,-0.014391,0.16228,0.033413,-0.011268,0.047797,0.012798,0.023527,0.0081052,-0.052663,0.11191,0.0047289,-0.077984,0.0030689,-0.038781,-0.030359,-0.090258,-0.13999,0.1214,-0.026181,-0.16761,0.046722,0.023221,0.0040501
-0.019371,-0.0019581,-0.066804,-0.038888,0.0098561,-0.017582,0.024494,0.016622,-0.028733,0.030713,0.0030581,0.034392,-0.02443,-0.010197,-0.025818,-0.0025495,-0.013254,0.025382,0.043871,-0.0088171,-0.035772,-0.0052165,-0.013474,0.005308,-0.011706,-0.021268,0.047871,0.00018601,-0.030427,0.000542,0.018462,-0.0043057,0.0012156,0.0078839,0.0068446,0.010113,-0.0021032,-0.010749,-0.039688,-0.0086548,0.0012367,-0.0051844,0.010918,-0.010802,0.0012213,0.014885,-0.046475,0.011205,-0.0015981,-0.003415,0.022217,-0.017144,-0.017939,0.004448,0.0089741,-0.03267,-0.0055598,-0.051757,-0.011397,0.013131,0.015824,-0.0092658,-0.014146,-0.0086124,-0.0039642,0.010493,0.0026869,-0.0095154,0.0077774,-0.032399,0.0047481,0.01185,-0.007759,-0.034309,0.015545,-0.014796,0.0001209,-0.012466,0.005734,0.0017277,0.012207,-0.00047586,-0.00051884,0.0013629,-0.0016886
0.0021415,0.085929,-0.20525,0.086322,-0.029949,-0.11914,0.078281,-0.090624,-0.17423,-0.1386,0.017659,0.022569,0.032856,0.022679,-0.039661,0.10987,0.01949,0.04382,0.02543,-0.035047,0.041475,-0.010227,0.0029384,0.012413,0.052995,-0.078049,-0.23404,0.018359,0.089783,-0.081313,-0.043095,-0.0070985,0.048351,-0.016355,-0.075378,0.011853,-0.0087383,0.030225,-0.011405,-0.038299,0.017462,0.0035251,-0.022342,0.11968,0.007802,-0.024071,-0.018272,0.016324,-0.085782,-0.11101,0.055751,-0.0046505,0.049021,0.017578,0.12584,0.051945,-0.036645,0.053596,-0.018503,0.0072396,0.070233,-0.033166,0.037392,0.0031007,0.025211,-0.01468,0.04468,0.014944,-0.00035199,0.0037495,0.042879,-0.013009,0.014374,-0.096789,0.0070617,-0.0076065,-0.0055991,-0.040284,0.019946,-0.0092807,-0.0056447,0.056728,0.008425,0.011992,0.00046407
-0.01141,-0.070467,-0.13201,0.11022,-0.033072,-0.17484,0.14539,0.0083117,-0.33073,-0.26784,0.03206,0.037316,0.015344,-0.020261,-0.11647,-0.014685,0.036335,0.12065,0.0016532,-0.04353,-0.086661,-0.047925,-0.16914,-0.046691,0.015122,0.04296,-0.26173,-0.25149,-0.030075,0.10344,-0.10818,-0.049184,0.023077,-0.019871,-0.042162,-0.10332,-0.0086179,-0.23523,0.014239,0.01981,-0.015311,0.025264,-0.1316,0.04432,0.096289,0.012147,-0.032116,0.069326,0.15587,0.06645,0.039735,7.7076e-05,-0.21555,-0.20439,-0.049271,0.024596,-0.0045277,0.033195,0.11005,0.041062,0.050658,0.1343,0.13101,-0.055521,0.011443,0.12359,0.13897,0.060837,0.027491,0.035197,0.025191,0.064635,0.014094,0.008073,-0.037269,-0.023029,0.013851,0.033245,0.064577,0.24947,0.13717,0.066343,-0.021917,0.035747,-0.0082234
-0.0093941,0.27263,0.16772,-0.06361,-0.034124,-0.072386,0.12567,-0.041979,-0.10874,-0.11005,-0.037598,0.060539,-0.0049813,-0.13074,-0.018706,-0.057965,-0.20792,-0.06064,-0.038189,-0.022242,-0.1442,0.083653,-0.010553,0.026553,0.015603,-0.085937,-0.16174,-0.078366,0.029453,0.03465,0.0069128,-0.0023921,0.043135,0.074117,0.087999,0.0085325,0.0088206,0.040775,0.009157,-0.021236,-0.0042953,0.0015673,0.13828,0.017563,-0.0037768,0.10147,-0.13249,0.096152,-0.031715,0.078703,0.023693,0.007606,-0.2401,-0.0021913,0.04,-0.013527,-0.02,-0.004445,-0.21281,-0.017334,0.022851,0.10359,-0.12602,-0.00029921,0.012359,0.019677,0.0070433,-0.06123,0.01928,-0.061765,0.0041393,-0.006918,0.037816,0.061528,-0.03063,0.026755,-0.0099819,0.065069,0.0043953,0.042748,-0.014966,0.046199,-0.0066896,0.027819,-0.0024071
-0.012331,0.00067633,-0.061387,-0.11582,-0.071076,0.11508,0.021837,-0.0075157,-0.041476,-0.021883,-0.028899,-0.036937,0.050806,-0.0060075,0.018229,-0.0058547,-0.077757,-0.010046,-0.040644,0.0067214,-0.0034842,0.00077219,-0.0063704,-0.00068215,0.0028026,0.057747,0.040437,0.044924,0.016347,-0.021487,-0.00141,-0.0063641,-0.015939,0.020168,-0.021823,0.015436,0.023059,-0.041813,-0.023895,0.0038958,0.013436,-0.013835,-0.012321,0.0033179,-0.0065668,0.0014252,0.14588,-0.013819,0.015201,-0.0056859,0.030947,0.087112,-0.054009,-0.010081,0.0029434,-0.03123,0.027231,-0.0819,-0.028889,0.0057541,-0.033845,-0.047492,0.0034054,-0.003803,0.0074292,-0.012629,-0.016915,-0.010385,0.011366,-0.0069489,0.01507,-0.012918,0.0091737,0.030924,0.0095055,0.0031076,0.010258,0.0089852,-0.039152,0.035715,0.029429,0.075853,0.00086348,-0.013819,-0.00037527
0.0035205,0.003313,0.0078905,-0.051268,-0.0036109,-0.0044678,-0.010719,0.0078795,0.021923,-0.048328,-0.0059137,-0.025514,-0.0082747,0.0033311,-0.0047034,-0.0042534,-0.010938,0.00027758,0.017012,0.0038173,-0.028643,0.0046643,-0.0034765,0.022039,0.0057219,-0.0083576,-0.00057044,0.001399,0.0073995,-0.0035477,0.012677,-0.0022995,-0.004768,-0.01344,-0.021442,-0.026246,-0.0054126,-0.023878,-0.012192,-4.2536e-05,-0.0011645,0.00055057,-0.0055055,-0.0024672,-0.0011922,-0.0035097,0.0030665,0.057435,-0.00037373,0.053853,0.0053106,-0.00093482,0.015464,-0.016705,0.019919,0.026287,0.008683,0.010219,0.013089,0.00033784,-0.016724,-0.018042,0.013503,0.0059486,-0.00056032,0.0022392,-0.0018123,1.2761e-05,0.0053338,-0.0057281,-0.0048745,-0.0033421,-0.0055644,-0.0090846,-0.0039159,7.7066e-05,-0.0021121,0.0012149,0.019869,0.0064176,-0.0026111,0.0056127,-0.0016384,0.0021136,-0.0008549
-0.0028613,0.054758,0.021791,0.095463,0.10513,0.049137,0.012747,0.040081,-0.14207,-0.034773,-0.015735,0.036709,0.01191,-0.016996,-0.044044,-0.00043381,0.13726,0.011375,-0.02458,0.0072158,-0.010291,0.0074791,-0.014478,0.012774,-0.038808,-0.025318,-0.011935,-0.042688,-0.021068,0.021128,-0.024284,-0.018131,-0.012934,-0.024992,0.0097274,0.04397,0.0099924,-0.037151,0.014702,-0.0058945,0.002622,-0.0027553,0.0010099,-0.012411,0.017252,0.0034846,-0.017912,0.022738,0.066205,0.040054,-0.0078991,-0.017716,-0.02926,-0.027331,-0.041432,-0.06735,-0.0065685,-0.00021558,0.0052828,0.014268,0.0012022,-0.01821,0.050015,0.002503,-0.0029804,0.04351,-0.0010761,0.014836,-0.0098879,0.024415,-0.0063948,0.0038025,-0.0022315,-0.014903,0.015361,0.0033772,0.015381,-0.0054182,-0.0051352,0.063916,0.028761,-0.0072189,-0.010298,-0.0071593,-0.0031945
0.00014177,-0.04756,0.053586,0.046595,0.040615,0.01422,0.012284,0.01324,0.0012659,-0.014871,0.0040802,-0.029315,-0.022484,0.0036124,-0.0071807,0.014847,0.010804,-0.0059889,0.019324,0.022313,-0.0047001,0.01343,0.0033749,-0.00035448,0.0024602,-0.0037364,0.040656,-0.024163,0.0064245,0.009468,-0.020557,-0.0042511,-0.025326,0.015963,-0.0045977,0.014701,0.0017589,-0.057702,-0.0074925,-0.021024,-0.0085977,0.0083184,-0.018859,0.0022978,-0.0063881,-0.012438,0.0012277,0.0146,0.0016638,0.1624,-0.0061558,-0.025163,0.011242,-0.026915,-0.013105,0.010627,0.012311,-0.023323,0.0062879,0.006326,-0.037674,0.0084705,-0.0023845,0.006664,0.014813,0.00028254,0.011512,-0.0091019,-0.0017595,-0.0043707,-0.026662,0.0077457,0.004154,-0.0068466,0.010912,-0.0063223,-0.014796,-0.00066333,0.029556,0.040053,0.0016902,-0.027755,0.0093699,0.018654,0.00011376
0.043898,0.12966,0.037469,-0.16063,0.041248,-0.031161,0.02993,-0.095327,-0.14516,0.059242,-0.0060869,0.0255,0.016387,-0.021923,0.016181,0.018426,-0.051027,0.036325,-0.065323,-0.016373,0.010698,0.010099,0.040461,-0.0013335,-0.021084,0.095924,-0.015804,-0.035286,-0.02513,-0.0031164,-0.026429,-0.032548,-0.028155,-0.061652,-0.0091211,-0.039777,-0.018441,-0.032909,0.047623,-0.064522,0.029181,-0.014029,0.06269,-0.014372,0.016627,0.042453,0.089289,-0.038857,-0.0023186,0.22661,0.0952,0.068978,-0.057507,-0.0078124,0.012181,-0.06043,-0.028973,-0.080425,0.050707,0.0043493,0.027459,-0.044137,-0.045137,-0.0174,0.0050395,0.037956,0.012168,-0.018883,-0.022165,-0.088037,-0.0072542,0.0096659,-0.0071317,-0.050039,0.029059,-0.010209,-0.01043,0.022126,-0.024758,0.046402,-0.035222,0.031591,0.00080387,0.0096418,-0.0023744
0.030542,0.29019,-0.22342,-0.24731,-0.037608,0.084478,-0.072795,-0.007927,-0.12141,-0.0040548,-0.012848,-0.042669,0.037629,-0.035933,0.027646,-0.0018556,-0.14827,0.060388,-0.11017,-0.02352,-0.080916,0.028306,-0.020392,0.027831,-0.00457,0.052637,0.21913,0.059302,0.079499,0.045098,0.073438,-0.00062755,-0.020606,0.059377,-0.054491,-0.029634,0.047115,0.02456,0.00409,0.043191,0.022508,-0.0073076,-0.038556,-0.026276,-0.0033339,0.0094207,0.046884,-0.077093,0.036708,-0.058279,0.031872,0.17716,-0.060003,-0.087382,0.012887,0.0024818,-0.029247,-0.16323,-0.064691,-0.00132,-0.0083492,-0.021437,-0.0019836,-0.0094067,0.0066753,-0.08712,-0.014684,-0.019649,0.0226,-0.011807,0.028328,-0.0040604,-0.00468,0.044014,-0.023751,0.010423,0.020542,0.015722,-0.02068,-0.0025973,0.0048052,0.07869,0.039488,-0.0080543,0.0018633
0.0099526,-0.058395,-0.013834,-0.02695,0.050288,-0.0034643,0.10295,0.005784,-0.017507,0.029645,-0.0097977,-0.063194,-0.0040527,0.015908,0.035178,0.0063445,0.055466,-0.018366,0.0098191,0.013195,0.049819,-0.015611,0.0045698,-0.030228,0.0099514,0.0080045,-0.039125,0.027047,0.01113,-0.0091334,0.024101,0.013506,0.011819,-0.034335,0.0025774,-0.011531,-0.0024979,-0.013817,0.0054631,0.01119,0.0077807,-0.0017185,-0.0037213,0.0047152,0.0047343,-0.012676,0.013646,0.02494,0.033502,-0.05499,0.0096057,-0.0084119,0.11254,0.022877,-0.034837,0.0046088,0.028029,0.027877,0.042384,0.0081085,0.0090641,-0.014292,0.027876,0.0083242,0.0010236,0.00025444,0.00098449,0.0013278,-0.0050712,0.030773,0.005786,-0.0060296,0.010066,0.013718,-0.0046056,0.00012475,-0.011326,-0.01522,-0.0040992,-0.033478,-0.028464,-0.0076876,0.00085227,-0.020454,0.00012481
-0.0077245,0.012401,0.13306,0.06686,0.036743,-0.0095857,-0.062314,-0.011453,0.0032978,-0.0047752,-0.019105,-0.023756,0.053021,-0.010448,-0.0060124,0.012406,0.0046625,-0.010925,0.042695,-0.033634,-0.020718,0.016339,0.018009,0.017804,-0.033281,0.037604,-0.039828,-0.036929,-0.050451,-0.032837,-0.0051783,-0.00065935,-0.014839,-0.028414,-0.0089012,0.018054,-0.0075436,-0.00348,-0.00017818,-0.015718,0.0083876,0.0057617,0.078895,-0.012866,0.0043607,0.016205,0.033126,0.07834,0.044943,0.098376,0.0021055,-0.063101,-0.065167,0.093048,0.014137,0.00085814,0.01167,0.05706,0.0067317,0.023708,-0.03401,0.0067071,-0.037455,0.011797,-0.0099893,0.025035,-0.0032922,0.0026955,-0.010385,-0.0083143,0.0049766,0.00098471,-0.0063461,-0.034329,0.024999,-0.015893,-0.003172,-0.0073507,-0.056888,0.01352,0.00099004,0.049344,-0.022013,-0.010186,-0.0022157
0.005324,-0.089576,-0.0052072,-0.021743,0.02496,0.033402,0.056953,-0.0058545,0.012876,-0.035191,0.0017288,-0.022138,0.014393,0.0048176,-0.0083934,0.022779,-0.0030456,-0.010458,0.027508,-0.023405,-0.0097792,-0.022521,0.030676,-0.0055453,-0.031138,0.055133,0.02207,-0.039942,-0.06505,-0.037311,-0.012802,-0.0118,-0.010638,-0.015757,-0.0021085,0.024892,-0.047702,0.014895,-0.0084898,-0.0078443,0.010658,0.0086783,-0.072487,-0.01204,0.0018303,-0.013985,-0.02768,-0.15648,-0.0040598,-0.053322,-0.0096894,-0.010858,-0.019872,0.015527,0.094525,-0.013807,-0.00096474,-0.051995,0.063799,0.0019197,0.038229,0.0091193,0.0056028,0.0028361,0.007698,-0.0059555,-0.022985,0.022527,-0.014306,-0.0098541,-0.0044396,0.015888,0.008147,-0.055511,0.010977,-0.013249,0.016299,-0.00047847,-0.072166,0.02371,-0.0087433,-0.01456,-0.016824,0.012927,-0.00080965
-0.0071225,0.04279,-0.048414,-0.009985,-0.050415,0.026748,-0.0055278,0.0089398,0.036587,-0.041684,0.019258,-0.069704,0.016864,-0.025113,0.025606,0.0253,-0.014474,-0.031158,0.069393,0.032739,0.01905,-0.031108,-0.030296,0.021436,0.028487,0.029587,-0.043566,0.041567,-0.019626,-0.020868,0.016583,0.0074638,0.033453,-0.013339,-0.017834,-0.012268,-0.0053503,0.021068,-0.012694,0.0086115,0.014324,0.0011975,0.041553,0.018669,0.022379,-0.037299,-0.023467,-0.036097,0.059435,-0.074887,0.010767,-0.029094,0.085941,0.02086,0.029918,0.074648,0.033036,0.051845,0.10677,0.012996,-0.01031,-0.042685,0.011119,0.036613,0.011466,0.041443,0.024142,0.024662,-0.007015,-0.0067084,0.017011,-0.0021381,-0.017307,-0.0096191,-0.020012,0.0065928,-0.016006,-0.00021687,0.074138,0.055958,0.013924,-0.011357,0.003524,0.0007865,0.0026873
0.006698,-0.05784,-0.070716,0.0056252,-0.082155,-0.076154,-0.21505,-0.034168,0.045694,0.066465,-0.014871,-0.064885,0.034462,-0.011812,0.059859,0.0093264,0.14224,-0.061628,-0.0077981,-0.086389,0.065205,-0.055886,0.07489,0.015071,-0.073621,-0.018738,0.08456,-0.10999,-0.11006,-0.019608,-0.032999,0.014964,-0.020371,-0.10518,0.087109,0.043792,0.027896,-0.079496,-0.051357,-0.0048736,-0.014454,-0.014896,-0.037615,0.038828,0.016571,0.020396,0.026139,0.14632,0.085433,-0.082703,0.032391,-0.016174,0.0637,0.060905,-0.10913,0.03622,0.16993,0.080746,0.031351,-0.0073402,0.05573,0.027185,0.0088927,-0.035078,0.0327,0.041786,0.0012407,0.020089,0.004798,-0.064131,0.0014966,-0.022266,0.018423,-0.019933,-0.0035904,0.011874,0.0028556,-0.027805,-0.14126,0.072082,0.02254,-0.033946,-0.014734,-0.025761,-0.0021331
-0.0092651,-0.012775,-0.0087403,0.012665,0.020267,-0.043664,-0.018963,0.0084942,0.010191,0.026351,-0.0036016,0.023373,-0.0096738,0.024566,0.040873,-0.012087,0.01025,-0.015971,0.019096,0.016615,0.010721,0.018125,0.031423,-0.015229,0.013504,-0.040899,0.036519,-0.00098831,0.0062224,0.014968,-0.0067001,0.007083,-0.0075186,-0.035344,-0.0092685,-0.027385,0.0076317,-0.010123,-0.017312,0.029631,0.010813,0.0042428,-0.066116,-0.001886,-0.0064571,0.0096472,-0.05575,0.077128,0.0044751,-0.02979,0.0038335,-0.029151,0.056366,0.0046787,-0.019126,0.00027557,0.014558,0.090366,-0.016546,-0.0038161,0.0081863,0.0056392,0.047191,0.0031834,0.0043683,0.012574,0.015428,-0.0075164,0.0070983,-0.013114,0.0012005,0.0049402,0.010931,-0.04947,-0.0012394,-0.00839,-0.0099452,0.00237,-0.018193,0.0065015,-0.006842,0.025374,0.013484,-0.002704,-7.9126e-05
0.0079498,-0.089336,0.033591,0.085874,0.010988,0.0090319,0.048303,-0.0052065,0.034215,-0.035863,0.018587,-0.025074,0.015163,0.022554,0.016236,0.019714,0.0069429,0.012775,0.0058718,0.0051311,-0.00033928,-0.0032739,-0.0034374,0.0070052,-0.014201,0.037235,-0.031032,0.024733,-0.024288,0.013032,-0.013173,-0.0054384,-0.012772,-0.0082147,0.0017564,-0.024319,-0.0039091,0.0067621,-0.01881,-0.012053,-0.0046021,0.0040671,0.01767,-0.01566,0.0069,-0.01073,0.027664,0.051479,0.0055614,0.0072319,-0.00075807,0.020635,-0.016863,0.0055569,0.0054909,0.009479,0.005977,0.020103,0.072332,0.01085,-0.010692,-0.023682,0.045242,-0.012704,0.0019145,0.033144,0.016185,0.0222,-0.011476,0.026075,-0.0097233,0.0069918,-0.017441,-0.0077045,0.0084078,0.00011942,0.008983,0.0043931,0.00047469,0.041,0.017929,-0.0202,-0.0072741,0.0026033,0.00013866
0.0068879,-0.084484,0.14728,0.044344,-0.091624,0.015894,0.19123,-0.014146,-0.11534,-0.028375,0.0053641,0.010868,-0.041661,0.073176,-0.022068,-0.025315,-0.23538,-0.040024,0.037393,0.032092,-0.074384,-0.045729,-0.018928,-0.05168,0.010059,0.025718,0.036467,-0.040177,-0.037695,0.015692,0.062108,0.0013046,-0.044962,0.029356,0.0442,-0.092601,0.061878,0.06978,-0.0070893,0.06317,0.046289,-0.0045869,-0.016452,0.020662,0.065928,0.050384,0.013345,0.064091,0.018326,0.054609,0.033765,0.053806,-0.011037,-0.020347,-0.02655,-0.06696,-0.067598,-0.088621,0.08328,0.11105,-0.0010565,-0.01918,0.15092,-0.033785,0.02013,-0.10832,0.014404,-0.022525,0.021211,0.054311,-0.013349,-0.022159,0.015208,-0.0063644,0.020381,-0.025087,0.0040633,-0.036751,0.01687,0.044135,0.043332,-0.032549,0.0094602,0.001553,-0.003197
0.0083979,-0.10323,0.018739,0.21202,0.024623,-0.12534,0.15492,0.090012,-0.012682,0.085954,0.0073734,-0.03783,0.071504,-0.046682,-0.02669,0.0077481,0.13335,0.039421,-0.0025989,0.021253,0.048301,0.069136,0.044366,0.030425,-0.00067012,0.076032,-0.041468,0.0010801,0.014916,-0.012423,-0.085763,-0.018636,0.024518,-0.099765,-0.055388,-0.032861,-0.033827,-0.050425,-0.0012361,-0.020407,0.012927,0.014813,0.006313,0.014375,-0.0037851,-0.013723,-0.0013005,0.079934,0.0021689,0.014046,0.038673,-0.0069399,0.035981,0.04561,0.045579,-0.046639,0.022044,0.074319,0.074909,-0.016386,0.15912,0.044745,-0.060028,-0.025198,6.3846e-05,0.026196,-0.006733,-0.010157,0.029172,0.025969,-0.018484,0.0068273,0.019167,-0.08772,0.027284,-0.0031578,0.042832,-0.0064914,-0.013664,0.021234,-0.041552,-0.028186,-0.003546,0.00086558,-0.0018642
0.029063,0.0069994,0.011799,0.15793,0.0073098,-0.028652,0.027484,-0.0013151,-0.010718,0.032935,-0.0013649,-0.010376,-0.0073314,-0.014732,0.069743,-0.025154,0.18856,-0.0016785,0.023478,-0.01771,0.01756,0.059312,0.03626,0.051685,0.032922,-0.078371,-0.022417,-0.086978,0.031089,0.018591,0.025396,-0.010348,-0.012482,0.052346,0.026845,0.077807,0.045835,-0.00064447,0.0081629,-0.030878,-0.019632,0.014683,0.021744,0.017792,-0.017452,0.030526,-0.071673,0.21504,-0.034684,0.046652,-0.072946,-0.097048,-0.094769,0.10175,0.034425,0.044897,-0.024808,0.0042455,0.01137,-0.03443,0.047323,0.15173,0.0089695,0.017531,0.010088,0.014748,0.010986,-0.0020304,0.0054838,0.0057455,0.007981,0.014001,-0.03338,-0.010253,0.016631,0.0052723,0.013726,-0.012427,-0.038222,0.036209,-0.017444,-0.043509,0.00041041,0.024049,0.00020559
0.015724,-0.09636,0.043786,-0.025782,-0.010746,0.015693,0.071251,-0.0022263,-0.033007,0.010508,0.0025622,-0.019938,-0.0062641,-0.0092966,0.027212,-0.00085554,0.011336,-0.074004,-0.0092401,-0.025313,0.007257,0.020407,-0.0061929,0.0068173,0.012828,-0.0065219,-0.19108,0.082477,-0.015145,-0.00034767,0.038679,0.0041696,0.022993,0.015874,-0.019862,0.0135,-0.035355,0.030065,0.0080247,0.038378,0.0067315,-0.013973,0.0055391,0.013198,0.00068726,0.025382,-0.071969,-0.077739,0.023918,-0.1277,0.0038605,-0.027264,0.042189,0.0084939,-0.017806,-0.025827,-0.014386,0.039907,-0.084816,-0.012034,0.03002,0.0029386,0.13173,-0.0076375,0.0065417,0.018924,0.0015694,0.004224,-0.0010207,-0.04356,0.0078036,0.010463,0.010329,0.0057635,0.0066981,-0.0030198,0.0041269,0.015205,0.01473,-0.0032995,0.025508,0.024326,0.017108,-0.022908,-0.00077682
0.01708,-0.11197,-0.041202,-0.19658,0.073931,0.029384,-0.050012,0.028091,0.10406,0.12176,0.019733,-0.046588,0.0018372,0.078227,0.0047942,-0.0050819,0.039333,0.069424,0.11438,-0.012018,-0.024511,-0.013301,0.013554,-0.0049725,0.010995,-0.028065,0.14508,0.039203,-0.047603,0.016486,-0.063175,0.037288,0.00541,0.0031055,0.046022,0.0042495,-0.01117,-0.10956,0.0073293,-0.0029491,0.0076949,-0.003962,0.0095029,0.0040353,-0.0067935,-0.03085,-0.068964,-0.11936,0.00033868,-0.048618,-0.039534,-0.031617,0.048212,-0.015371,0.051262,0.0041362,-0.02488,-0.02479,0.16736,0.035221,0.0055345,0.011886,0.043735,0.12067,-0.022382,-0.050409,-0.0017087,-0.0017266,0.009213,-0.034583,-0.0050299,0.038918,-0.030696,-0.063738,0.028911,-0.033038,0.0091507,0.0058058,0.015331,-0.087136,0.026081,-0.050935,-0.0094375,-0.016522,0.0043369
0.051204,-0.046235,0.028792,-0.21838,0.020428,0.10169,0.07943,0.15796,-0.079245,0.094845,0.025357,-0.14151,-0.046671,-0.10779,0.13717,-0.0060936,-0.10609,0.00047614,-0.036839,0.067546,-0.0067016,0.025304,0.02743,0.024852,0.034308,0.024666,0.29259,0.069381,-0.070629,-0.08242,0.031396,-0.012419,0.096992,0.051512,0.059198,-0.014341,-0.020311,0.15652,0.013102,0.029125,0.049367,0.014532,0.039067,-0.044751,0.033378,-0.0062636,-0.040507,-0.12102,0.024948,-0.01445,-0.069214,0.056133,0.14576,0.039484,-0.07643,0.21855,0.092251,0.13313,0.057269,0.066013,-0.036834,0.032784,0.12362,-0.053532,0.14587,-0.051837,0.014807,0.037344,-0.070587,-0.018266,-0.047396,0.025849,0.036568,0.056529,-0.011108,0.054895,-0.023206,0.013697,-0.061144,0.15156,0.012293,0.18057,0.015062,0.099313,0.0019746
0.0079707,-0.011431,0.21492,0.15968,-0.03357,-0.055697,0.039434,0.010189,0.071215,-0.14095,-0.0064914,0.087513,0.031512,0.0068154,0.071088,-0.0064927,0.05034,0.0082345,-0.0090618,0.02193,0.0014294,0.016275,0.017892,-0.0067905,0.037585,0.0064163,-0.19857,-0.031065,-0.011198,0.0035174,-0.10937,-0.022371,-0.040099,-0.048829,0.022434,-0.051464,-0.037403,-0.04055,-0.0084873,-0.038031,0.014416,-0.013178,0.066949,-0.0021083,0.0076234,0.019534,0.067423,0.1134,0.052888,-0.010134,0.035439,-0.054523,-0.13756,0.011813,-0.013479,-0.035772,0.0092999,0.05991,0.11813,-0.011535,-0.0086032,0.012346,-0.049506,-0.045509,-0.011183,0.22585,0.054887,0.064255,-0.012137,0.02104,-0.0023149,-0.0072772,-0.0031564,0.014779,0.034403,-0.012543,0.034341,0.021816,0.0081907,0.076826,-0.048814,-0.055853,-0.03319,0.013956,-0.0026183
0.010435,0.43203,0.15114,0.2139,-0.017433,-0.038359,0.030053,-0.068124,-0.08485,-0.052537,0.022349,0.068926,-0.010005,-0.035508,0.080496,-0.079196,-0.08796,-0.0057117,-0.074072,0.13697,-0.037546,0.077516,-0.034213,-0.043263,0.047854,0.014151,0.04907,0.093892,-0.006853,0.070744,-0.10642,-0.015563,-0.026077,-0.056778,-0.098639,-0.068751,0.045832,-0.00094082,-0.0093449,0.021533,0.017348,0.016101,0.015565,-0.054264,0.031682,0.0055861,-0.13723,0.13798,0.021539,0.2756,0.0098249,-0.074557,0.025349,0.028803,-0.024051,0.11186,-0.020897,0.28297,0.10657,0.01663,-0.071044,0.024047,0.0074453,-0.018447,0.064094,0.11905,0.13545,0.050693,-0.014304,0.030301,-0.048788,0.0090976,-0.020984,-0.087235,0.034912,0.017704,-0.035824,0.021927,0.16643,0.18339,-0.0053759,0.0050087,0.015247,0.080122,0.00093525
-0.026859,0.12473,-0.22049,0.22578,-0.11662,-0.04042,0.16027,0.01299,0.025661,-0.26433,-0.040105,-0.17155,0.053055,-0.03713,0.12081,0.13483,-0.15911,-0.0094327,0.038452,0.016284,0.0029936,-0.066283,-0.0077291,-0.069891,0.015723,0.007578,-0.49009,-0.029783,-0.16589,-0.046978,-0.061875,-0.0067883,0.052149,0.05928,-0.082554,0.08822,-0.00076398,-0.065312,0.010113,-0.048356,0.00034655,0.031605,0.016516,0.067993,0.055854,-0.010755,-0.034785,-0.22569,0.18245,-0.21313,-0.067231,-0.092345,0.11629,0.074346,-0.080618,0.0063807,0.073643,0.10886,0.036591,0.010411,-0.055653,-0.0012613,0.013623,-0.01986,0.0050082,0.17893,0.084398,0.17914,0.027051,0.037417,0.0071452,0.04288,-0.0014631,-0.020681,0.0099256,-0.044097,0.10156,-0.026045,-0.051882,0.081753,-0.047029,-0.10704,0.0057069,-0.040339,9.6299e-05
0.035543,0.40845,-0.34364,-0.11672,-0.10525,0.18549,-0.17913,0.0035819,-0.24121,0.033224,-0.02203,-0.033763,-0.065461,-0.057188,0.041419,0.0028857,0.15213,-0.0084686,0.0023332,0.020376,-0.047079,0.018403,0.021915,0.068427,-0.081696,0.058369,-0.25706,0.054909,0.10343,-0.045993,-0.03615,-0.030424,-0.015051,-0.042794,-0.17085,0.081353,-0.0070817,-0.04985,-0.030012,0.02129,-0.0053746,0.016755,-0.04018,-0.010031,-0.050949,0.0017563,0.07758,0.31796,-0.17212,0.22455,-0.010424,-0.060116,-0.066535,0.04533,0.12601,-0.1292,0.0019518,-0.067519,-0.16873,0.0096412,0.07871,-0.014624,-0.06989,-0.059653,-0.040292,-0.17843,-0.05424,-0.062305,0.17676,0.14824,-0.030428,0.040622,-0.014449,-0.062375,0.029945,-0.023599,0.00097861,-0.094784,0.0071256,-0.12139,-0.084454,-0.10913,0.019819,0.062426,-0.008625
0.015973,0.0081501,-0.062947,-0.019118,0.049999,0.047977,-0.010024,0.010915,0.015157,-0.022164,-0.014644,-0.011735,-0.0060044,0.0056286,0.013942,-0.015182,-0.015331,0.0031846,-0.020412,-0.0087088,0.024707,0.0038224,0.01145,-0.001754,-0.01657,0.0060761,0.014931,0.0091469,0.019862,0.010287,0.057175,0.0051237,-0.0094552,0.025442,0.014005,0.043247,-0.020613,0.020591,0.012632,-0.0077034,-0.0083039,0.017882,-0.025462,-0.018629,-0.0177,0.0033284,-0.024768,-0.016755,-0.0035374,0.035872,-0.012862,0.0065224,0.054775,0.020328,0.048674,-0.0052087,0.0021385,0.0040425,-0.057229,-0.015174,0.018515,0.036692,-0.016454,-0.01146,0.0095282,-0.034223,-0.013927,-0.0041975,0.0044412,0.058357,-0.006857,0.0040237,-0.0033384,-0.033109,-0.0076477,0.011818,0.0031699,-0.014901,-0.054073,-0.011599,-0.040005,0.009887,-0.00076266,0.0045777,-0.00082429
-0.053337,0.30786,-0.22848,-0.31538,-0.10853,0.087627,-0.17886,-0.1725,-0.255,-0.060099,-0.027783,0.17365,0.063961,-0.025169,0.012616,-0.0075012,0.17439,-0.0031797,-0.1017,-0.064795,0.0069854,0.040697,0.043043,-0.029765,-0.00067965,-0.011474,0.034874,-0.01375,0.086531,-0.070445,0.023988,0.046875,-0.095966,-0.050206,-0.049865,0.0072105,0.064147,0.026617,0.024078,0.069129,-0.024749,0.030746,0.03155,-0.014306,0.021919,0.015772,0.064253,-0.20672,0.14666,-9.1808e-05,0.10681,-0.0066163,-0.25111,0.068761,0.025788,0.094214,0.013085,-0.14767,-0.056373,-0.017442,-0.0060135,0.053364,-0.048616,-0.0057154,-0.047239,0.10791,0.059607,0.079183,-0.01383,-0.073163,0.156,-0.06426,-0.065458,0.081192,-0.0088408,0.0034352,-0.0042163,-0.0040523,0.0047041,0.085086,0.050999,-0.0099939,-0.069129,-0.03361,-0.0039026
-0.0072932,0.62849,-0.38842,0.38509,-0.12228,0.025795,0.32264,-0.061018,-0.12742,0.10047,0.037983,-0.048454,-0.060729,-0.033092,0.062851,-0.022119,-0.067926,-0.043303,0.001819,0.15768,-0.072598,-0.04769,0.003091,0.00036516,0.0059128,0.086764,0.071464,0.014583,-0.16772,0.087667,-0.15343,-0.026631,0.055635,-0.044215,-0.045125,0.18936,0.053245,-0.021672,-0.037951,0.057481,0.024219,0.0030053,-0.19488,-0.03258,-0.032013,0.061398,-0.0021373,-0.20658,-0.1087,-0.22654,-0.01749,0.062639,-0.039224,-0.13297,-0.11964,-0.11649,0.0038842,0.19493,-0.24408,-0.00030574,0.050174,-0.045954,0.33175,-0.088124,-0.0066007,-0.062892,-0.044698,-0.014414,0.058334,-0.074694,-0.0082305,0.12657,-0.0023626,-0.077328,-0.002104,-0.011046,-0.056043,0.0076989,-0.26332,-0.11135,0.0040899,0.1229,0.087669,0.081876,-0.0022326
-0.055138,-0.1088,0.094356,0.19823,-0.045844,-0.10415,-0.095196,0.02485,0.18319,0.10137,-0.0060266,0.10635,0.036675,-0.11571,-0.15274,0.026735,0.34611,-0.031378,-0.083047,-0.024078,0.0093938,-0.012996,0.030886,-0.0099112,-0.0069695,-0.1178,-0.097186,0.023386,0.019877,-0.042569,-0.22026,0.0022473,0.0098394,-0.087575,0.03079,0.018203,-0.03769,0.020983,-0.02415,0.017873,0.0022814,0.0098062,-0.1431,0.019552,-0.011351,-0.024343,0.040383,-0.17327,0.023543,-0.10668,0.014828,0.036849,0.088611,0.027547,-0.043764,-0.0039475,0.041295,-0.020769,-0.21352,-0.061111,0.054981,-0.048898,-0.19025,0.040118,0.055949,-0.073176,-0.04201,-0.019591,0.037275,-0.027126,0.027296,-0.045596,0.17011,-0.002797,0.00023679,0.024805,-0.031334,0.00019465,-0.12465,-0.026293,-0.066969,0.13772,-0.025431,-0.03583,-0.01051
0.032112,-0.20858,0.013116,-0.17671,-0.06557,-0.013879,0.0336,0.031242,0.15695,0.043168,-0.0093238,0.009328,-0.047518,0.045258,0.012594,-0.013476,0.022768,-0.012954,-0.014968,-0.018279,0.034268,-0.0038253,-0.024145,0.02462,0.022424,-0.0028277,-0.046993,0.044707,0.030778,-0.044451,0.021572,0.014515,0.012613,0.02862,0.026567,-0.01829,0.027402,0.018761,-0.01029,0.026183,-0.0062111,-0.038319,0.023086,0.013616,0.00073545,-0.012759,0.063432,0.00058205,-0.013987,-0.12786,-0.0080796,-0.027303,0.045707,-0.015323,-0.017751,0.010985,0.025162,-0.11378,0.024807,-0.006648,-0.012667,0.00054762,0.0031585,-0.0091565,-0.016451,0.06076,0.012895,0.039703,0.0072784,-0.03915,0.029885,-0.021609,-0.0020792,0.11846,0.015029,-0.019132,0.026236,-0.016521,0.0074008,-0.0030445,0.0091494,-0.04395,-0.023105,-0.02512,-0.0026986
-0.0050514,-0.22885,0.30094,0.29358,-0.084933,-0.032003,-0.24541,-0.024349,0.33982,0.16566,0.018483,-0.063238,0.09891,0.0045217,0.012593,0.027665,0.14071,-0.029131,0.099186,-0.0056428,-0.0030161,-0.14093,0.042735,-0.067345,-0.0045301,0.14507,-0.085365,0.11887,-0.17762,-0.10204,-0.12199,-0.020998,-0.080056,0.06775,0.10705,0.12626,-0.065705,-0.060069,0.050355,-0.073926,0.0014394,-0.021017,0.19763,0.032761,0.015687,0.07025,0.10914,-0.19476,-0.074439,0.24277,-0.017949,-0.072622,-0.018532,0.20198,-0.092656,-0.037232,0.039683,-0.12246,0.080103,-0.0037874,-0.014833,0.094085,-0.0032201,0.02168,-0.0069924,0.025699,-0.0030413,-0.04307,-0.013439,0.0018163,-0.091915,0.0050361,0.041705,-0.0077283,0.13207,-0.014956,0.0045773,0.012565,0.02102,0.078816,-0.05044,0.089153,0.0024324,-0.017963,-0.0011943
-0.030767,0.4153,-0.10203,-0.0024773,-0.0018661,0.18095,-0.2124,0.022444,0.28894,0.068707,0.012461,0.25755,-0.016829,-0.030928,-0.0079185,0.056212,0.064432,-0.081752,-0.16161,0.039829,0.083489,0.009161,0.081694,0.077324,-0.067898,0.038302,0.20307,0.14329,0.14281,0.010715,-0.051473,0.044011,0.078061,-0.022302,-0.096537,-0.099866,0.10567,0.022116,-0.043351,0.056926,0.00061581,-0.022629,-0.0056645,-0.038227,-0.029825,-0.029898,0.015054,-0.25634,0.040992,-0.22791,-0.03098,0.0094765,-0.25378,-0.020711,0.16791,-0.048232,-0.033586,-0.079268,0.15773,0.022765,0.0096828,-0.022199,-0.049943,-0.052993,-0.00010076,0.04495,-0.011999,-0.016505,-0.009433,0.018716,0.048364,-0.025409,0.015516,0.056676,-0.042039,0.15823,0.024621,0.05081,0.14939,-0.094422,-0.015643,0.012418,-0.06683,0.0002892,-0.0022151
-0.029144,-0.21074,0.047899,0.3796,0.077488,-0.041208,-0.028617,0.221,0.11034,-0.21575,-0.016125,0.065244,0.03206,0.10286,-0.072728,-0.072761,-0.14411,0.030548,-0.054756,-0.053656,-0.037522,-0.0070716,0.040371,0.031476,-0.039971,-0.050091,-0.052598,-0.058336,0.064749,-0.013027,-0.014856,-0.023773,0.047542,0.022195,-0.10336,-0.044474,0.031816,0.013252,-0.011421,-0.10843,-0.027625,0.010527,-0.15433,0.034709,0.00044114,-0.06454,-0.071179,0.33476,-0.089849,-0.057143,-0.068261,0.061601,0.07101,-0.05228,-0.065285,-0.15467,0.0092613,0.13097,0.14391,0.011055,0.072165,0.046675,0.058354,-0.034844,0.0038182,-0.085059,0.0031042,0.050322,0.030353,0.18106,-0.049141,0.0053927,-0.052619,-0.074481,0.034441,-0.015179,0.19326,0.03099,-0.0046602,-0.11819,-0.034081,0.10768,0.0086206,-0.028012,-0.0012107
-0.035441,-0.36171,0.10693,-0.24962,-0.0053686,-0.15263,-0.24515,0.11481,0.18566,-0.06265,0.044604,0.027456,-0.025994,-0.063855,0.041175,-0.092007,0.081498,-0.018445,0.030977,-0.0012826,-0.050064,-0.020178,0.032138,-0.021716,0.016296,-0.10199,0.20178,-0.030395,-0.011479,0.04886,-0.071073,0.029734,-0.0017679,0.090297,0.017448,0.0039472,0.055987,0.24172,-0.039177,0.02402,0.022327,0.0077446,0.02511,-0.026731,0.018485,-0.0029395,-0.17223,0.080723,0.020033,0.05215,-0.042998,0.042679,-0.067819,-0.12927,0.10452,0.036855,-0.0045585,-0.067024,0.024279,-0.0058756,-0.045536,0.020505,-0.025966,-0.026923,0.020337,-0.031705,0.0085239,0.014438,-0.010534,-0.047241,-0.0024967,0.014768,-0.029104,-0.040127,-0.05723,-0.024803,-0.0053008,0.14238,0.15355,0.038014,0.052547,-0.10386,0.030562,0.029148,-0.00055556
-0.010434,0.020888,0.031204,-0.025455,0.0055266,0.033187,-0.070963,0.021658,0.067657,-0.06343,0.029041,0.068997,-0.026413,0.017435,-0.015967,-0.033025,0.009722,0.0043445,0.017389,-0.0021723,0.021892,-0.028302,-0.015439,-0.028841,-0.016684,-0.0066159,0.072147,0.050739,0.017807,0.01014,0.022798,0.00095416,-0.017863,0.012907,-0.017421,0.0042382,-0.017147,0.030544,0.009776,4.9171e-05,0.0010196,0.012938,0.039303,-0.0088053,0.0066862,-0.011637,-0.0046992,0.032188,-0.014645,0.07024,0.0066973,-0.015419,0.02214,0.003834,0.014614,0.048081,0.011156,0.0069006,0.03658,0.012673,0.01811,-0.003986,-0.027222,-0.024128,0.014713,0.010612,0.034023,0.0095234,0.0083449,0.037122,0.0060874,-0.0061863,-0.0059027,-0.016421,0.0086552,0.0043243,-0.014866,0.0096597,0.15037,0.034475,0.017519,-0.052628,0.00095491,0.010901,0.0015664
-0.0010649,0.00022773,-0.0035775,0.060599,-0.026836,-0.010784,0.028133,0.0084368,-0.02082,-0.081704,0.0080348,0.036852,-0.0036684,-0.0059151,0.0055394,0.00045194,-0.034243,0.028742,0.0023338,-0.015453,-0.0038933,0.027321,-0.014766,0.027647,-0.0014757,0.034819,0.013107,-0.037679,-0.021706,0.031039,-0.034727,-0.0042897,-0.033911,0.0081728,0.010859,0.021569,-0.047085,0.0062973,-0.0013719,-0.026355,-0.0021586,0.0065733,-0.022118,-0.022464,-0.0014157,-0.0011227,0.012425,0.045096,0.032432,0.05973,-0.0045777,0.015736,-0.085346,-0.0026046,-0.023074,0.00046656,0.014842,0.014455,-0.028867,-0.032855,-0.01305,0.032274,-0.018038,0.011351,0.015794,0.041301,0.012933,0.008459,0.0048529,0.016399,-0.011952,0.0065685,0.0066038,0.010873,0.00065542,-0.0022051,-0.0099773,-0.005864,-0.039672,0.061764,0.0087783,-0.0018198,0.0076224,0.021291,-0.00062221
-0.072654,-0.28734,-0.15887,-0.12412,-0.059606,-0.031241,-0.0083155,-0.021575,0.036203,0.050958,0.0066653,-0.072673,0.065082,0.036957,-0.0017398,0.03596,-0.067702,-0.015569,0.078799,0.028844,-0.011699,0.099624,0.012649,0.001319,0.013109,-0.045727,0.14557,0.053969,-0.020742,-0.0057766,-0.028738,-0.005691,-0.0047779,0.030191,0.024658,-0.0035357,0.039444,0.11942,-0.033601,-0.052043,-0.023291,0.0057718,0.039714,0.037185,0.013479,0.030116,-0.051084,-0.082945,-0.0095982,0.059305,-0.034129,-0.037413,-0.084999,-0.02955,0.049542,-0.0053152,-0.0099706,0.0062535,0.034783,-0.024508,-0.026148,0.048402,0.028892,0.0017588,0.033353,0.0089363,0.029396,0.018957,0.0048649,-0.034474,0.0078289,0.0043963,0.02242,-0.0092798,0.025183,-0.0082154,0.013908,0.0099256,0.077891,0.092181,0.11452,0.030653,-0.039042,0.014171,0.00094426
-0.013135,-0.080857,-0.025551,-0.044874,-0.027274,0.043568,-0.082298,-0.0083973,0.086138,0.070151,0.012834,0.01329,0.041109,-0.06172,-0.035506,-0.029372,0.042194,-0.07119,0.036579,0.028769,-0.010055,0.021068,0.016887,0.012185,0.049621,-0.022783,0.10106,0.0029607,0.069167,-0.015127,-0.017977,-0.0031698,0.024199,-0.025949,-0.01063,-0.054663,0.0067422,0.036937,0.0077692,0.014565,0.0091676,-0.0055455,-0.060615,0.00025069,-0.0046578,0.0021235,-0.022146,-0.0040797,0.026643,0.01134,0.025386,-0.0285,0.076024,-0.022408,-0.0069491,0.010657,-0.032745,-0.0055729,-0.044966,0.014887,0.0090493,-0.009415,0.03312,-0.0073898,0.013535,0.009179,0.004183,0.0018406,-0.01593,-0.019583,0.0089732,-0.0060478,0.01158,0.00014841,-0.010742,0.0027432,0.0026218,0.032124,-0.061378,-0.076941,-0.0015445,0.15727,0.0059585,0.022978,-0.00013485
0.041241,0.45334,0.037722,0.12667,0.15318,-0.082586,-0.27977,0.024513,-0.040838,0.0089595,0.014345,-0.16208,0.016876,-0.066287,-0.03902,0.0021964,0.052422,-0.017164,0.036551,0.07722,-0.034861,0.026436,-0.026685,-0.047208,0.030056,-0.033905,-0.094351,-0.017017,0.010147,0.044818,0.07426,0.018262,0.025806,0.0035175,-0.029472,0.0075629,0.04403,0.036778,0.03353,0.12592,0.02894,0.021821,-0.012087,0.060166,0.010648,0.015161,-0.020589,-0.095983,0.092919,0.16005,0.0024815,0.0075497,0.070448,0.0092469,-0.07405,0.010617,-0.03944,-0.067461,-0.18017,-0.014853,-0.059463,-0.065269,-0.017417,0.047255,0.013945,-0.042661,-0.013297,0.0016821,-0.02119,-0.078994,-0.0226,-0.027531,0.016239,0.030785,-0.0022002,0.020803,-0.032489,0.02695,0.080209,-0.10715,-0.024609,-0.03514,0.10152,-0.023378,-0.00040903
0.0094635,0.14737,-0.035605,0.090821,-0.091037,0.02819,0.1438,-0.075553,0.080439,-0.06924,0.048382,0.055329,-0.030853,0.067728,0.015038,0.055507,-0.021225,-0.042982,0.049347,0.11505,-0.018887,0.0010591,0.026766,0.059908,0.045205,0.01069,0.094895,-0.058197,-0.0006397,-0.034367,-0.0034044,-0.0092207,0.018443,0.077219,0.08707,-0.027852,-0.040496,0.11024,-0.00024192,0.0095649,0.012685,0.023429,0.035355,0.025176,-0.0062293,-0.011241,-0.10085,-0.026212,-0.021371,0.1388,-0.034617,-0.0755,0.018168,0.025655,0.050167,-0.037053,-0.033134,0.018743,-0.050255,0.038137,-0.026802,-0.0074704,-0.018692,0.0085532,0.033191,-0.014153,-0.037296,-0.028091,0.016318,0.010287,-0.061509,0.0059614,0.011419,0.035372,0.0064977,0.017909,-0.026752,-0.0172,-0.033365,-0.018726,-0.1144,-0.096377,0.03809,0.098515,-0.0010471
0.16285,1.0858,-0.1242,0.42325,0.70336,0.79749,0.38136,1.2451,-0.20907,0.96728,0.11277,0.65096,0.11119,-0.40364,-0.18936,0.19861,0.85991,0.11762,-0.10012,0.53426,0.46253,0.030819,0.73936,0.42328,0.26743,0.40361,-0.42407,0.41162,0.29115,0.68612,0.14542,0.76514,0.55414,0.28754,0.41427,0.068516,0.33279,1.4295,0.31929,0.39939,0.39764,0.39748,0.79114,0.02996,0.28038,0.14813,0.38091,1.2727,1.0868,0.40613,0.73557,0.49005,1.1378,0.24695,0.12734,0.22644,0.76658,0.32206,1.0808,0.62677,0.9877,0.60877,1.1532,-0.026481,0.48239,0.36838,0.10266,0.095613,0.20264,0.84324,-0.026921,0.071918,0.23498,0.06184,0.092571,0.30013,-0.048422,0.065652,1.1222,0.57429,-0.22383,0.25338,0.31824,0.12849,0.95743
