0.25067,4.3753,8.4683,10.352,1.6346,-6.3905,1.5989,-3.5909,-9.7411,-5.2703,0.33802,-6.5209,-2.4614,-0.5275,2.877,4.0357,-9.231,-3.2306,-0.7823,-7.3049,-2.5825,12.197,-7.3417,-2.2202,2.3181,-4.2215,-9.7403,-6.9406,1.5999,-0.93214,10.656,-0.91917,-4.4819,3.2448,3.9066,0.50669,-1.8709,-0.33884,0.085035,-1.9941,1.0702,-0.19228,14.915,-0.047132,2.4536,4.1237,-3.5953,-0.91387,-4.5461,5.4293,-1.2974,0.36019,-0.63709,3.2652,0.30667,0.65921,-4.1849,2.7628,-11.126,-2.8508,-2.6716,1.7174,-3.671,4.1924,2.0321,5.7079,2.5542,0.43122,0.55342,-6.9037,0.70467,0.75069,1.6761,2.273,1.5705,1.0347,2.7919,5.5455,-1.7461,1.346,6.6989,0.4948,1.4063,-0.33048,0.41195
0.24425,1.0066,-0.58102,0.19058,-0.39812,-0.39023,-0.92694,-0.42291,-0.09719,-0.34239,0.25037,-0.62884,0.35869,0.09035,0.51989,0.45968,0.64046,-0.10903,-0.34269,-0.16644,-0.088128,0.12818,-0.16889,0.33852,-0.011883,-0.11417,-0.33164,-0.29239,-0.46267,-0.015752,0.21885,-0.024403,-0.15823,-0.23076,-0.28024,0.21437,-0.045206,-0.086638,-0.010422,0.1319,-0.061895,-0.077891,-0.080926,0.12097,-0.016466,0.010395,-0.3177,-1.4413,0.063398,0.050919,0.24101,0.018967,-0.14143,-0.050179,0.50566,-0.13603,0.36124,0.63614,-0.039778,-0.065329,0.046581,0.10425,0.51043,-0.0094697,0.039306,0.35586,0.03191,0.097536,-0.23016,-0.27283,-0.0056778,-0.063367,0.15402,-0.1053,0.22771,-0.0041261,-0.037324,0.15024,-0.063005,-0.038255,0.25479,0.73886,0.15743,-0.0058266,0.0044826
-0.00067588,0.055439,0.048201,0.041368,-0.054877,0.055767,0.020814,-0.019855,0.061767,-0.062504,-0.0054741,0.017672,-0.0042212,-0.0010564,-0.058348,-0.00042639,-0.0069573,0.016643,0.043112,-0.039101,0.020853,-0.032438,0.0052323,0.00016443,-0.0048897,0.056556,0.046811,-0.048116,-0.014693,0.018224,0.031288,0.0041719,-0.035264,-0.03924,-0.041976,-0.034936,0.017799,-0.013771,-0.01935,-0.012011,0.0063499,-0.0084251,0.069172,-0.028799,0.0023972,0.0080184,0.00027037,0.10729,0.061519,-0.051031,0.003331,-0.05635,-0.025936,0.023641,-0.042494,-0.087319,0.034355,0.024084,-0.025951,0.032047,0.023896,-0.03912,0.030894,-0.0041089,-0.027995,0.027642,-0.021141,0.0075343,0.010661,0.03174,-0.0076493,-0.0018376,0.046713,0.0080583,-0.013214,-0.027534,0.00067217,-0.014396,-0.082799,0.018821,-0.0096934,0.036885,0.0066804,0.031084,-0.0012642
-0.0072192,-0.2713,-0.046849,0.068539,0.019206,-0.064375,-0.16186,0.038678,0.099333,0.071272,-0.0076226,0.08285,-0.044903,0.013734,-0.087265,-0.010297,-0.105,-0.051771,-0.043278,-0.060239,-0.045191,-0.004873,-0.025143,0.039691,0.083994,0.0073771,-0.15957,0.016154,0.007261,-0.018566,-0.034579,-0.0080706,0.052285,-0.014994,-0.10353,-0.056803,-0.027981,0.1317,0.0064314,-0.052749,0.0046441,-0.020322,0.038419,-0.031577,0.0046067,0.048197,0.07667,0.070092,-0.053261,0.034926,0.023555,0.014615,-0.053719,-0.04982,-0.038239,-0.090826,0.0050998,-0.017054,-0.026395,-0.0092687,0.015975,0.012128,-0.049878,-0.0045631,0.0030704,-0.056963,-0.026884,0.0027979,-0.02389,0.0077583,0.0095743,0.0045451,-0.0037363,0.0025512,0.0024563,-0.040138,0.013187,-0.00019504,-0.034112,-0.091311,0.01525,-0.020197,-0.05905,-0.042935,-0.006341
-0.0083221,-0.25724,-0.043791,0.23257,0.023332,-0.013454,-0.20843,0.084162,-0.013627,0.0043757,0.0061171,-0.077218,-0.012389,-0.0034672,0.056968,0.059997,0.11592,0.057228,0.016348,0.04948,0.015317,-0.046838,0.0067202,-0.0377,-0.0112,0.039364,-0.053881,0.025566,0.036122,-0.018743,0.014735,-0.00538,0.01998,0.029763,0.042392,-0.012599,0.056563,0.10661,-0.0065565,-0.0043253,-0.011137,-0.010925,0.12108,-0.017505,0.021841,0.0042042,0.10471,-0.16241,0.0098242,0.020053,-0.036971,0.069234,-0.057687,0.066284,-0.01595,0.064869,-0.031254,-0.0054114,-0.033222,-0.041865,-0.050399,0.05402,-0.032463,0.060305,0.014887,-0.010263,0.014677,-0.0098018,-0.001648,-0.040074,-0.027168,0.0090544,0.022364,0.020337,0.0039814,-0.0076333,-0.022338,0.023378,0.014979,0.025893,-0.024504,0.14206,-0.017594,-0.033994,0.00019824
0.0051893,-0.115,0.25401,0.11329,-0.21119,0.088614,-0.13825,-0.037674,0.054285,-0.071967,-0.036013,-0.057015,-0.13093,0.093892,-0.16898,0.093881,-0.13136,0.086978,-0.034946,-0.069929,-0.018438,0.1073,0.082094,-0.0498,-0.027967,0.01115,-0.11739,-0.019402,-0.05769,0.073592,0.018348,-0.035681,-0.090161,0.029915,0.10878,-0.030475,-0.024155,-0.24041,0.077352,-0.051153,0.045993,0.050752,-0.090532,-0.0028136,0.0076534,-0.0018445,-0.08138,0.27662,0.061187,0.20206,0.019317,-0.1178,0.18121,0.11129,-0.040279,0.12217,-0.035052,-0.043856,-0.084289,-0.010027,-0.03744,-0.011254,-0.051257,0.013325,0.023462,-0.022439,0.063157,0.025632,0.0054662,-0.039187,-0.0072798,0.048606,0.026846,-0.0099498,-0.035061,-0.040689,-0.022409,-0.093402,-0.11398,0.16442,-0.013196,-0.095402,0.0046834,0.080538,-0.0048996
0.022641,0.12333,0.28378,-0.23667,0.014665,0.48097,-0.27347,-0.11425,-0.0076716,0.41833,-0.029315,0.092537,0.040473,0.091508,0.070584,-0.15342,-0.19286,0.095002,0.0099545,-0.042839,-0.039899,0.090589,0.015319,0.074342,0.17037,-0.010812,0.059211,0.093257,-0.040784,0.01218,0.19185,-0.026933,0.060348,-0.0038264,-0.09385,0.070794,0.11804,0.30806,0.0076338,-0.051672,0.032052,-0.042439,0.00075079,-0.056651,0.01663,-0.012697,-0.12197,-0.12922,-0.033475,-0.32014,-0.025984,-0.031491,-0.20345,0.019212,0.21971,-0.127,-0.011341,-0.20717,0.22874,0.067168,0.10427,0.015142,0.16629,0.039985,0.01298,-0.037434,-0.094869,-0.057446,-0.045908,0.0039069,-0.00033229,0.053321,-0.052838,0.10937,0.038528,0.017411,0.086564,0.012733,-0.030449,-0.073947,-0.063794,0.13967,0.025309,-0.015518,0.0032402
0.007849,-0.058482,0.05129,-0.017625,-0.068568,-0.033999,0.22257,-0.087572,-0.038774,0.044567,0.012471,0.019187,0.010867,0.016412,0.071869,-0.00035382,0.054649,-0.018886,0.05069,-0.024053,-0.026978,-0.028521,-0.020514,0.047428,-0.0089632,-0.0064698,-0.083419,-0.041356,0.037813,0.0025318,0.070901,-0.0035617,-0.037143,0.049525,-0.056487,0.053622,0.02511,0.080235,-0.024389,-0.027303,-0.017715,-0.03224,0.075965,0.010992,-0.008571,-0.0018765,0.040978,0.17773,-0.010873,0.027252,-0.021523,0.059986,-0.07563,0.029354,0.070545,-0.036737,-0.10394,-0.12989,0.018563,-0.00088262,-0.022687,-0.036838,0.024223,0.045654,-0.0019153,-0.045627,-0.0076982,-0.00688,0.014697,0.049519,0.0029923,-0.001246,-0.004283,-0.042951,0.0088635,-0.01645,-0.0071177,-0.023887,-0.010091,-0.028746,-0.042751,-0.028978,-0.0044538,-0.020331,-0.0042374
-0.013374,-0.80382,0.056507,-0.14133,0.036834,0.063361,0.13501,0.30987,0.29524,0.29115,-0.047748,-0.085054,0.073854,0.010595,0.037454,-0.055832,-0.009307,-0.020537,0.15674,0.15349,0.10834,-0.013715,0.083463,-0.074001,-0.0214,-0.21359,0.26839,0.16419,-0.039843,0.017313,0.15468,0.013587,0.1169,-0.058501,-0.14797,0.059437,0.17457,0.32057,-0.1712,-0.022069,-0.047298,-0.032056,0.4755,-0.066018,-0.026703,-0.063962,0.16521,-0.10591,0.19251,-0.005199,0.0094284,0.086208,-0.16587,-0.086242,0.13973,-0.22872,-0.063124,-0.068525,0.053296,-0.021892,0.076572,0.099623,0.080014,0.11357,-0.054943,0.066038,-0.064058,0.019343,0.019927,0.045034,0.013426,0.043655,0.034012,0.054168,0.06435,0.022233,0.098369,-0.022382,-0.34311,-0.15921,0.032145,-0.019745,0.018436,-0.010188,0.00057032
0.031387,0.06901,0.015087,0.049771,-0.12585,-0.14406,-0.05824,-0.072715,0.19097,0.042542,0.056023,0.070194,0.028465,0.082741,-0.024391,0.072049,-0.06372,0.057022,0.1603,-0.09729,-0.02274,-0.037367,0.029985,0.056769,-0.049533,0.017278,0.12396,0.07545,-0.0049795,-0.012511,0.014392,-0.014362,-0.011969,-0.014959,-0.055766,0.022625,-0.024648,-0.16671,0.018539,-0.012014,-0.0023176,0.02165,0.015596,0.027524,-0.0051226,-0.013683,0.0017861,0.14191,0.053829,-0.049057,-0.024769,0.018308,0.066653,-0.048159,0.058087,0.097887,-0.0057361,-0.070015,-0.046249,0.018181,0.011235,-0.077409,-0.053174,0.040304,-0.0040144,-0.0044425,0.030838,-0.010837,-0.040407,0.021566,0.010109,0.012318,0.017668,-0.00066541,-0.034958,-0.0077361,-0.02264,-0.0071554,0.082546,-0.015313,0.035397,-0.054798,-0.0043676,0.026924,0.0034
-0.062905,-0.19407,0.20561,-0.20879,0.089435,0.059846,0.13417,-0.031545,0.12793,0.24411,-0.006018,-0.0041549,0.0625,-0.062506,-0.062274,-0.054787,0.049286,-0.0064338,-0.033458,0.035437,0.023451,-0.091065,-0.035882,0.041477,-0.0055896,0.12629,0.22007,-0.0049626,-0.15358,0.058681,-0.13717,-0.011434,-0.032981,-0.17113,-0.080499,0.033968,-0.13921,-0.21998,0.049426,0.03737,0.023182,-0.030383,-0.04614,0.019804,-0.0077558,-0.01033,0.067599,0.20435,0.053009,0.30551,-0.031015,0.020755,0.14829,0.0095608,-0.13096,0.0088407,0.11483,0.0022289,-0.0085001,0.085339,-0.007815,-0.019774,-0.02825,0.0076653,-0.024371,0.04676,-0.057306,0.019946,-0.071886,0.029024,0.044234,-0.018302,0.0026419,0.01428,-0.008055,0.045697,-0.045604,-0.034088,-0.099098,0.049913,0.035754,0.052589,0.013485,0.050705,-0.0018502
-0.072861,0.057696,-0.76796,0.36724,-0.089431,-0.3958,-0.45464,0.090997,0.045542,0.30069,0.032853,-0.15538,0.10336,-0.44931,-0.21447,0.15828,0.36013,0.17459,-0.12277,-0.19956,0.14323,0.10619,0.048977,-0.081889,0.18825,-0.12124,-0.79494,0.14908,-0.0092753,0.067877,-0.42317,-0.14043,-0.036862,-0.13582,-0.094584,0.14972,-0.14955,-0.19152,0.099951,0.0009007,0.024366,-0.0072212,-0.36105,0.20219,-0.033297,0.010735,-0.20739,-0.56933,0.31805,0.28008,0.051091,-0.37928,-0.14774,0.13778,0.2722,0.0037842,-0.054389,0.037997,0.4381,-0.016601,0.067144,-0.0058551,-0.20917,-0.28424,-0.028468,-0.028832,-0.066914,0.024899,0.13641,-0.029078,-0.1025,0.10041,-0.013497,-0.25834,-0.090783,-0.086315,-0.013235,-0.021,-0.01829,-0.042668,-0.077381,-0.15196,-0.027778,-0.11637,-0.030024
0.05063,0.61037,0.077428,-0.31969,0.035085,0.14246,-0.12094,0.010684,0.0090861,0.038034,0.010968,0.27801,-0.0090123,0.27201,-0.14326,-0.085291,-0.10477,-0.075254,-0.20272,0.080195,-0.066916,0.10243,-0.017976,-0.043997,-0.026943,-0.014957,0.32685,-0.0735,-0.10124,0.033647,0.11068,-0.0054951,-0.087878,0.13509,0.038559,0.057166,-0.013557,-0.33391,0.063129,0.11017,0.018809,0.029026,-0.13354,-0.0156,-0.017371,0.030868,-0.019592,0.12963,0.05168,0.19797,-0.042676,-0.17947,0.050613,-0.023118,0.1345,0.21285,-0.01276,-0.26383,-0.26636,0.0031031,-0.02439,-0.033445,0.038867,0.046708,0.032122,-0.011219,0.010161,0.0024586,0.06084,-0.024018,-0.034796,0.029096,-0.045734,0.02926,0.017678,-0.054154,0.038974,0.036111,-0.14898,0.017377,-0.043705,0.093265,0.075277,0.078302,0.0094766
0.042833,-0.31117,0.13495,0.10334,0.078162,0.16266,-0.30327,0.021176,0.3193,-0.52363,-0.075312,0.0069204,-0.02817,0.24554,-0.22234,-0.11969,-0.14966,0.017522,0.11733,0.13915,0.13363,0.16064,-0.044714,-0.026167,0.08849,-0.051735,-0.63514,-0.028714,0.17116,-0.027736,0.14425,-0.014277,-0.010371,0.17947,-0.38096,0.0214,0.0036556,0.40697,-0.016589,0.030237,0.013433,0.0796,0.13425,-0.078587,-0.0029296,0.052466,0.056383,-0.077466,-0.0027142,0.17113,0.0017157,-0.057281,-0.18169,0.041685,0.086923,-0.24256,-0.059586,0.0442,0.13088,-0.067194,-0.12722,0.25045,-0.10056,-0.047736,-0.014887,0.034439,0.066524,0.074707,0.061855,0.035512,0.062947,-0.046847,0.046098,0.0043414,0.068857,-0.028344,0.093646,-0.020498,-0.16921,0.11606,0.008781,-0.039397,-0.038932,-0.049099,0.00322
-0.0075397,0.080307,0.44845,0.059113,-0.18636,0.13407,0.50978,-0.16789,-0.18507,-0.073655,-0.021107,0.0098951,0.12006,0.10636,0.034351,-0.19772,-0.078477,0.014879,0.029591,0.16021,-0.13947,0.1373,0.05018,-0.00056153,0.073594,-0.029792,0.027863,0.11778,-0.11018,0.072102,0.079456,0.025671,0.029444,-0.16255,-0.041777,-0.16155,0.020587,0.20264,-0.16316,0.035176,0.0088021,0.00034031,0.058496,0.024113,-0.007698,0.053022,0.0087428,-0.53056,0.018238,-0.3807,0.11607,0.094208,-0.14152,-0.056783,-0.024801,-0.2791,0.014374,0.22409,-0.21483,-0.06802,0.10354,0.040598,0.21535,0.11335,-0.042665,-0.044087,-0.027191,0.019241,-0.028243,-0.25886,0.025405,0.037506,0.12049,-0.033733,0.016828,0.020973,-0.041169,-0.011526,-0.26936,-0.050138,0.094284,0.060146,0.022046,-0.03164,-0.0028341
0.031982,0.51588,-0.022599,-0.22474,-0.13485,0.0049721,-0.21402,-0.10594,-0.22295,0.021754,0.047852,-0.088213,0.0023289,-0.090146,-0.13129,-0.08388,-0.011082,0.023361,-0.021256,0.091549,-0.084426,-0.072926,0.061219,-0.059944,-0.094305,-0.015048,0.27319,-0.014079,-0.19735,0.044905,-0.038326,-0.0038405,0.014173,-0.1389,-0.023796,0.052194,0.011589,0.0022174,-0.036628,0.048343,0.028188,-0.037333,0.030885,-0.022431,0.021509,-0.0045736,0.035854,0.038785,0.0076432,-0.010372,-0.055525,0.024353,-0.1149,0.011346,0.19658,0.21274,0.17835,0.073982,-0.029568,0.018358,-0.06599,-0.036998,0.057077,0.054849,0.042749,-0.040937,0.067094,0.02653,-0.026997,-0.089242,-0.013453,0.041279,-0.043671,0.001769,-0.038672,0.033848,-0.067435,0.0063114,0.065755,0.12751,-0.029883,-0.040917,0.0046197,-0.06261,-0.0024709
-0.073246,0.39517,0.00084917,0.0076207,0.51804,-0.063714,-0.13486,-0.11745,-0.37009,0.38377,0.045759,-0.11535,0.031259,0.2951,0.045741,0.23869,-0.32075,0.060081,-0.052056,-0.079323,-0.14347,0.15098,0.1425,0.16613,0.099668,-0.047157,-0.22464,-0.068775,-0.09771,0.073418,0.16566,0.07963,-0.053322,-0.095133,-0.0032397,0.11446,-0.065127,-0.019273,0.069803,-0.046765,-0.045768,-0.021247,-0.22173,-0.0011257,-0.012977,0.041781,-0.067835,0.34834,0.047308,-0.059133,-0.018148,-0.037982,-0.051335,-0.13466,0.096399,-0.13378,-0.14178,-0.26603,0.050852,-0.072871,-0.058657,-0.085805,-0.035232,-0.0089499,-0.069453,-0.051405,-0.027453,0.021954,-0.091475,-0.02754,0.15519,0.045926,-0.013499,0.011484,0.092337,0.013538,0.046162,-0.062297,-0.080471,-0.34443,0.045865,0.11792,0.037665,-0.021287,0.0076344
0.0010506,-0.19116,-0.013215,-0.15596,-0.10016,0.064403,0.054627,0.010814,0.0022323,0.020971,0.017933,0.045949,0.014581,0.044302,-0.01536,0.0095141,0.085786,0.042935,0.026882,0.020118,-0.0435,-0.08097,0.081009,0.030009,-0.064035,-0.040659,-0.004403,0.051846,0.088656,0.046124,0.081203,0.0023067,-0.04115,0.026688,-0.0078445,0.015992,0.08565,0.037222,0.028637,0.063832,-0.029602,-0.011889,0.062574,-0.013915,-0.0035374,0.020073,0.036922,0.06836,-0.072583,-0.072335,-0.025496,-0.022135,0.04097,-0.01709,0.11577,-0.0082115,0.010632,-0.0026652,-0.026201,0.0099085,0.0017127,0.021345,0.041979,0.0028943,-0.015724,-0.081204,-0.051334,-0.044534,-0.015609,-0.055068,0.015972,0.00079546,0.0004521,0.048692,0.037408,0.040692,0.014151,0.028177,0.11318,-0.0118,0.058141,0.050252,0.0093061,-0.048948,0.0023242
-0.025006,-0.48981,-0.46227,0.16656,-0.020335,0.10227,0.20666,0.019535,-0.10078,0.54868,-0.048941,0.090033,0.31983,0.065667,0.091198,0.028479,0.082205,0.18373,0.030876,0.033387,-0.020143,0.30002,0.037752,0.028606,0.1123,0.087735,0.63598,-0.13819,-0.044327,0.004252,0.11586,-0.026899,-0.018319,0.13419,0.039853,0.054958,0.16001,-0.17033,0.060464,-0.035158,0.036764,-0.026244,-0.11202,0.044427,-0.0011919,0.0013479,0.057713,0.10255,-0.036998,-0.054259,0.019603,0.09427,0.015671,0.28731,-0.031032,-0.079661,0.10136,-0.38705,0.067784,0.092105,-0.040225,0.15482,-0.21377,0.0097955,-0.031201,0.056697,-0.02415,-0.078744,0.076549,0.22437,-0.04694,0.034594,-0.13931,0.13385,0.010778,0.031555,0.040772,-0.036117,-0.21547,0.032713,-0.081095,0.26487,0.0056421,-0.015626,0.0022938
0.018582,-0.50896,0.46307,-0.11623,-0.12259,0.17263,-0.36094,0.02724,0.04894,-0.036553,-0.037994,-0.18866,0.17943,-0.021172,0.11904,-0.047333,0.08429,0.072641,0.048423,0.1032,-0.017613,0.018034,-0.082122,-0.034844,0.066206,-0.029319,0.047701,-0.046471,-0.07688,-0.080325,0.079409,0.027856,-0.088596,0.055218,0.066384,0.05819,0.12775,0.30051,0.094736,0.00040455,0.012029,-0.027944,0.4901,0.037555,0.041652,-0.017717,0.06798,0.030758,0.077697,0.34151,-0.022203,-0.027583,0.076729,-0.093455,0.05898,0.079107,0.05855,-0.13939,0.034286,0.118,0.0059827,-0.089693,0.2487,-0.015082,-0.032851,-0.0026196,-0.037138,0.029104,0.056894,0.025977,-0.03344,-0.01676,0.029479,0.1138,0.016618,0.029005,0.0094703,-0.011121,0.028897,-0.06586,0.025183,0.026562,-0.024506,0.070677,0.0089388
-0.012404,-0.049282,-0.093618,-0.27448,-0.049858,-0.29009,-0.021786,0.061058,0.21666,-0.2869,0.037618,0.23114,-0.20561,0.096199,-0.29739,-0.17108,-0.35601,-0.084663,0.023285,0.0040202,-0.025193,0.24049,-0.17285,0.054103,0.085622,0.0061068,-0.12383,-0.16274,0.077012,0.058091,-0.25543,0.0021688,0.1022,-0.012774,0.094593,0.091324,0.026792,0.10185,-0.04805,0.010781,0.017509,0.0077304,0.13532,-0.014387,-0.03661,0.043056,0.033915,-0.085833,-0.21537,-0.12886,0.022848,-0.033774,0.20407,-0.26938,-0.23563,0.0025126,0.020733,0.44747,-0.33645,0.074196,-0.071919,0.012856,-0.16484,-0.034632,-0.022925,0.080316,0.089735,0.056656,0.046301,0.055807,-0.005275,0.037127,-0.10725,0.02383,-0.034077,-0.010556,-0.030384,0.0058032,-0.0063324,-0.22995,-0.089528,-0.32086,-0.053296,0.017948,-0.013033
-0.099476,-0.18046,0.15556,0.30063,-0.19275,-0.099357,0.6726,0.13719,0.35606,-0.44909,0.049358,0.1459,-0.032553,-0.051338,0.10181,-0.13242,-0.2295,-0.086569,-0.006543,-0.23421,0.31269,-0.095163,0.021273,0.0084236,-0.093674,0.11786,0.03839,-0.064814,-0.007349,-0.016392,-0.1416,-0.027525,-0.12473,0.11925,-0.098155,-0.14252,-0.036029,0.3569,0.12434,-0.0034898,0.035235,-0.099415,0.15151,0.040832,0.019661,-0.038137,0.28458,-0.24116,0.055094,0.055968,0.14358,0.02517,-0.03621,0.13018,-0.24633,-0.25424,0.073191,0.27251,0.064825,-0.00016604,0.045598,0.057878,-0.070645,0.02412,0.065095,0.20916,0.12922,0.036432,-0.00058984,-0.11403,-0.011462,-0.096054,0.10919,0.1285,0.093428,-0.098758,0.0088439,-0.02598,-0.044897,0.020357,-0.0085485,0.095361,-0.02756,-0.071878,0.0029131
0.024553,0.29196,0.029737,-0.29705,0.14896,-0.013615,0.40885,-0.08961,-0.19617,0.19139,0.042366,-0.0093449,0.26563,-0.054293,0.30486,-0.0097518,0.092869,0.12045,-0.0023741,0.080978,0.064315,0.33275,-0.059677,0.075201,0.20397,-0.12053,0.07565,0.071509,0.048514,0.048935,0.083925,-0.0086709,0.040819,0.078029,0.19994,0.078847,0.048693,0.035964,0.045502,0.061016,-0.0082109,0.0063264,0.076553,-0.0076389,-0.030021,0.029599,-0.062254,0.10387,0.074716,0.043408,-0.023112,-0.12787,0.2574,-0.15797,-0.022155,0.014405,-0.042417,-0.01554,0.16674,-0.038659,0.15718,-0.0017987,0.064853,-0.047953,-0.0028679,0.16203,-0.038546,-0.046626,-0.063237,-0.11403,-0.045304,0.033376,-0.086656,0.099627,0.038841,-0.075601,0.070774,0.040653,-0.041068,-0.10664,0.031855,0.069344,0.022775,0.053116,-0.00089879
0.016307,-0.25319,-0.99424,0.36654,-0.0080215,-0.28863,-0.54437,-0.15171,-0.3938,-0.38086,-0.07452,-0.22369,-0.036042,-0.10124,0.49962,0.13914,0.37023,-0.092414,-0.20667,-0.29689,0.19164,0.17109,0.11496,-0.18536,-0.020751,-0.058146,-0.64021,-0.24907,-0.011585,-0.19119,-0.018114,0.059119,-0.069757,0.12968,0.23562,0.037086,-0.095168,-0.41213,-0.088164,0.00051859,0.060174,0.11948,-0.12269,0.094759,0.0057518,0.1179,-0.23237,0.032293,0.23238,0.49817,-0.27644,-0.092104,-0.18346,0.50623,-0.16727,-0.18278,0.07328,0.28058,-0.39648,-0.015109,0.032206,0.093263,-0.13222,0.11319,0.064069,-0.16856,0.046466,-0.082206,0.013403,-0.053664,0.11472,0.057115,0.055271,-0.16468,-0.030274,-0.19268,-0.041014,0.0083567,-0.089904,0.007483,-0.17186,-0.2875,0.17436,-0.028422,8.0882e-05
0.11096,-0.2051,0.4702,0.10598,-0.40404,0.20014,0.17916,0.026682,-0.62072,-0.043422,0.090494,-0.21304,-0.2973,0.036822,0.53151,0.10144,-0.7879,-0.031718,-0.12057,-0.097877,0.18877,0.13668,-0.19121,0.12809,-0.11289,0.0017877,-0.43425,-0.21662,-0.043236,0.031253,0.32387,-0.064507,0.065477,0.18001,0.39806,-0.11983,-0.090379,0.8363,-0.083163,-0.011191,-0.029547,-0.077152,0.43295,0.086365,0.035152,-0.11495,0.22641,0.14139,-0.10078,-0.16048,0.062866,-0.073999,-0.12517,0.044511,-0.22011,0.2268,-0.093048,-0.27248,0.16077,-0.039321,-0.086807,0.13206,0.16952,0.18708,0.051513,0.023296,-0.1056,0.077873,0.065165,-0.057855,-0.13191,-0.043625,-0.032368,0.04346,-0.091547,-0.0999,0.025031,-0.035277,0.054476,0.070051,-0.2327,-0.22145,-0.0027398,-0.03039,-0.015947
0.0010266,0.64758,0.14388,0.4061,0.41055,-0.26714,-0.26283,-0.12007,0.5084,0.053241,-0.019125,-0.39042,0.013795,-0.0065804,0.72515,0.38066,-0.066605,-0.039864,-0.27127,-0.28413,-0.074039,0.076393,0.086171,-0.21852,0.22546,0.088383,-0.23177,-0.0082999,-0.21046,-0.03604,-0.069481,0.099885,0.090878,0.078328,0.22405,0.19185,0.033907,-0.32618,-0.012484,-0.10336,0.067262,-0.035414,-0.35526,0.025304,0.080154,0.09404,-0.1351,-0.2821,-0.011955,-0.075244,-0.1867,0.11403,-0.18722,0.26249,0.0631,0.19379,0.066339,-0.27926,0.40799,0.026848,-0.10281,-0.086746,0.12805,-0.010345,0.049088,-0.068698,-0.07513,0.00015057,-0.084484,0.09053,0.026466,0.021122,0.10222,-0.060499,-0.047236,0.090521,-0.048721,0.13804,-0.062348,0.25957,-0.06719,-0.1373,0.12188,0.048505,0.027549
-0.010611,0.34334,-0.18835,0.41857,-0.11086,0.057383,0.29741,0.073423,-0.34754,0.080121,-0.076927,-0.19802,0.09109,0.052911,0.11049,-0.018185,0.35303,-0.18958,-0.25694,0.18012,0.038165,0.088034,-0.029843,-0.057532,-0.020838,0.44293,0.21425,-0.086053,0.0022646,0.069532,-0.11031,0.057922,-0.032742,0.044045,0.18134,0.10133,-0.16707,0.032213,0.094492,0.0036714,0.010873,0.025107,-0.026674,-0.076819,0.0051412,0.028456,0.0071463,0.35209,0.13906,0.38167,-0.2039,-0.14669,-0.14029,-0.037476,0.16946,0.28214,0.035431,-0.54073,-0.0013041,-0.020111,0.081715,-0.15503,0.022551,0.0015023,0.03042,-0.012411,0.028814,0.058218,-0.069364,-0.074512,-9.1013e-05,0.024914,0.0091671,0.020038,0.024531,0.042152,0.083634,-0.021056,-0.19884,0.10551,0.035784,-0.15655,0.029242,0.035659,0.0065934
0.016621,0.2199,-0.077098,0.0022261,-0.031398,-0.089371,-0.24081,-0.013155,0.13274,0.077115,0.041585,-0.061974,0.064653,0.078317,-0.015044,0.041572,0.012184,-0.0013268,0.0079912,-0.053047,0.030238,-0.0058028,0.020476,0.070614,-0.0041282,0.0011014,-0.036242,-0.034373,0.058943,0.03195,0.061396,0.0023571,-0.002669,0.039256,0.02309,-0.023132,-0.050465,0.12096,0.0034519,-0.09821,-0.025028,0.0059957,0.12404,-0.017072,-0.010825,-0.026058,-0.024534,0.10676,-0.018422,0.15674,-0.029115,0.015936,-0.014659,0.020882,0.040795,0.03138,0.0084965,-0.073283,0.074573,-0.046407,0.04435,0.015444,0.017799,0.047914,-0.00047524,-0.0011278,0.002674,-0.029736,-0.028044,0.056071,0.0051644,-0.026297,-0.0027903,0.035775,-0.02686,-0.0022953,-0.0078937,0.039885,0.10646,0.027504,0.00054327,0.033676,0.0028007,-0.018892,-0.00064468
-0.057194,-0.038617,0.1191,-0.25213,-0.17368,0.061413,0.45179,0.20605,0.025127,-0.31831,0.072895,-0.071426,-0.17931,-0.20269,0.34808,0.083328,-0.0026327,-0.16234,-0.047226,0.00084245,0.0010957,0.04406,-0.065078,-0.084929,0.048682,0.09506,-0.29216,0.25341,-0.010549,-0.096342,0.13591,0.017795,0.014268,0.11715,0.12378,-0.1562,-0.011011,0.16306,0.035787,-0.047929,0.046865,-0.0084931,0.22413,-0.10716,-0.023802,0.059013,-0.0037771,-0.32239,-0.081664,-0.1211,0.021558,-0.013262,-0.083259,0.21392,0.12645,0.062246,-0.10352,-0.27371,-0.15776,0.035538,-0.061201,-0.0085768,-0.025693,0.049868,-0.020421,0.0062707,-0.0095714,0.0022053,0.045432,0.21474,-0.0046829,0.0139,-0.030006,-0.065086,0.047283,-0.032128,0.030586,0.0834,0.23086,-0.2209,0.028206,-0.040307,-0.02939,0.045839,0.00074448
0.037492,-0.41408,0.12956,0.14527,-0.10293,0.14157,-0.21136,0.11609,0.035464,-0.38841,-0.022166,0.13334,-0.27448,0.0042573,-0.087766,-0.27391,0.064874,0.16843,-0.066696,0.035186,0.24655,0.038238,-0.0082955,0.027181,-0.02811,0.013459,0.081323,0.16439,0.13024,0.081542,-0.14657,-0.018236,-0.14691,-0.14392,-0.25785,-0.25418,-0.1487,-0.11858,0.00292,-0.16385,-0.029888,0.024548,-0.11294,0.00093968,0.014272,-0.060992,0.14024,-0.3649,0.036525,-0.11979,0.074741,-0.011367,0.24589,-0.098892,-0.027169,0.15154,-0.028183,-0.1726,-0.085107,0.05638,-0.064197,-0.022248,0.091645,0.050624,0.028765,-0.064657,0.0053801,0.087783,0.05009,0.035705,0.013229,-0.071323,-0.11758,0.11003,0.039393,0.0069815,-0.051629,-0.12788,-0.08746,-0.21878,-0.10169,-0.21896,-0.11453,0.063259,-0.012002
0.020143,0.3195,-0.10811,0.35332,0.20401,0.27363,-0.15451,0.065235,0.5082,0.2043,-0.10094,0.2932,-0.016023,0.18709,0.1873,-0.049123,0.30156,-0.066761,-0.041316,0.28971,0.081898,-0.048516,0.0029142,-0.11985,0.12733,-0.19298,0.29034,0.13823,0.19392,0.33161,-0.027441,0.0012841,-0.04174,-0.11606,0.040984,0.23815,-0.18996,0.25049,0.1945,0.27314,0.014847,0.01876,-0.17512,-0.016998,-0.041288,-0.05365,0.073972,0.22193,0.014894,0.14713,-0.070175,0.22307,0.028019,-0.21461,-0.083564,-0.13415,0.1091,0.021838,-0.21635,-0.014211,-0.14946,0.071414,0.26652,-0.096204,0.0012942,-0.09948,-0.098147,-0.07248,0.057355,0.027949,0.065883,0.0089735,0.074258,0.12747,0.088995,0.0076441,0.00412,-0.0053227,0.25234,0.025934,0.16595,-0.11411,-0.0098577,-0.0010351,0.011819
0.0669,-0.35638,-0.10651,0.066675,0.20593,-0.018669,0.077297,0.15179,0.25268,-0.19241,-0.024198,-0.1107,0.20923,0.12286,-0.090282,0.024279,-0.46933,0.031218,-0.13357,0.083477,0.042488,-0.19906,0.038992,-0.112,-0.17873,0.013075,0.22986,-0.018225,-0.068384,0.020186,0.20125,0.049928,0.13688,-0.058515,-0.066109,0.18042,-0.023714,-0.11606,0.075631,-0.036294,-0.050575,0.049081,0.21126,0.040175,-0.018347,0.054041,-0.012957,0.227,0.12648,0.20801,-0.10038,-0.087293,-0.033224,0.073726,0.06318,0.091825,0.012304,-0.21855,-0.014407,-0.0083689,0.095446,-0.079481,-0.23199,0.0035755,-0.0053243,-0.12148,-0.071145,-0.055483,0.0070999,0.02099,0.094018,0.045157,0.018972,-0.06886,0.036221,0.066406,0.0121,0.027681,-0.024176,-0.010583,0.12687,-0.03865,0.043404,-0.080914,0.014514
-0.089538,-0.77544,0.59356,0.11141,0.18959,-0.21162,1.033,0.28037,0.30343,0.91575,-0.024468,0.9516,-0.10595,-0.18776,0.0059776,0.28267,0.78055,-0.17313,-0.32666,0.050954,0.50398,0.075417,0.061091,-0.21835,-0.46262,-0.15826,-0.59785,0.30451,0.10823,0.21843,-0.13042,0.27793,0.3429,0.056642,-0.22311,0.070518,0.78206,0.80343,0.13064,-0.024669,-0.15556,0.030798,0.54413,0.13847,-0.060466,-0.11198,0.38973,-0.46445,0.33895,-0.037787,0.15377,0.043143,0.2404,0.53014,0.326,-0.46145,-0.064939,0.32317,1.1038,0.23476,-0.040626,-0.39547,0.077929,0.33755,-0.1553,-0.096362,0.0042977,-0.092796,-0.21466,0.31167,0.025126,-0.14033,0.22948,0.42855,0.23173,0.058748,0.14541,0.20439,0.42194,-0.84432,0.20064,0.066506,-0.054772,-0.23767,0.0018587
0.11088,0.16289,-0.022201,-0.41853,-0.16827,-0.27889,-0.46812,-0.0042239,-0.3188,-0.10059,-0.092006,0.28686,0.2588,0.2795,-0.50068,-0.027093,0.21922,-0.086405,-0.16871,-0.01507,-0.18401,0.28403,0.27601,-0.03831,0.071023,-0.10267,0.25777,0.0078732,0.13444,0.030309,-0.020575,0.026546,-0.16469,-0.14787,0.092685,-0.17058,-0.081869,-0.32255,-0.030098,-0.18519,-0.04217,0.045224,0.29923,-0.16297,0.041094,-0.010588,-0.067523,0.092223,-0.083343,0.58776,-0.087785,-0.13581,-0.4344,0.1371,0.11803,0.0858,-0.021893,-0.22452,-0.20189,-0.15347,0.14014,0.16265,-0.2727,0.11859,-0.016638,-0.092628,0.050797,-0.034194,-0.014903,-0.47253,0.054386,-0.031037,-0.075276,-0.013025,0.024665,0.0136,0.048077,0.12619,0.091524,-0.018268,0.064529,0.13247,0.10228,-0.016363,-0.015766
-0.057095,0.03984,0.25716,0.46672,0.21,-0.15619,0.019234,0.1375,0.01612,0.0099991,-0.010848,0.41733,-0.14766,-0.09157,-0.04916,0.015149,-0.12459,-0.0036596,0.12059,-0.037846,0.0218,0.016706,-0.15401,-0.034568,0.028901,0.13417,-0.39729,-0.32731,-0.10636,-0.077406,-0.20122,0.021779,-0.1022,0.23972,0.21162,-0.017745,-0.07123,0.16,-0.0090547,0.18092,0.04146,-0.084348,-0.188,-0.056089,-0.062442,-0.054758,0.04046,0.27062,-0.072774,-0.15298,0.12564,0.088911,0.013526,-0.12992,-0.011938,-0.22946,0.041883,0.2542,-0.30205,0.015527,-0.22487,-0.0548,0.036336,0.011504,0.079744,-0.014745,0.092475,0.03307,-0.038511,-0.056513,-0.0045435,-0.055315,0.089987,0.012482,-0.025421,-0.12605,0.012055,0.017934,-0.17588,-0.11335,-0.23049,0.22747,-0.039875,-0.083639,-0.017724
0.042573,-0.24019,-0.17529,-0.3614,-0.17811,-0.039986,0.091342,-0.028935,0.11029,-0.33802,-0.04047,-0.1274,-0.012829,0.16423,-0.12586,0.033258,-0.15228,0.007886,-0.12077,-0.088147,0.055224,-0.0428,-0.010813,-0.056673,0.070747,0.021052,0.066326,0.042278,0.069168,-0.055036,0.064928,0.010377,0.10344,-0.021178,0.3094,-0.0088954,-0.029266,-0.059271,0.11066,-0.055654,-0.017455,0.0062873,0.17314,0.01304,0.011914,0.082058,0.15215,0.017629,-0.036969,-0.080512,-0.015234,0.040804,0.16704,0.025525,-0.076226,0.040855,0.018899,-0.051154,0.0013583,-0.031223,0.091794,0.067147,-0.27362,-0.092389,-0.035725,0.04752,-0.048294,-0.016378,-0.001396,-0.028681,-0.0074425,0.0036575,-0.0019509,0.019061,-0.014878,-0.012707,0.0041148,0.029809,0.056145,0.047243,-0.032464,-0.12657,-0.0021443,0.01096,0.0004172
-0.013108,-8.4504e-05,-0.41359,-0.023976,-0.010351,0.22565,-0.20019,-0.056385,-0.12183,-0.13602,-0.084847,-0.44699,0.062614,-0.25134,0.24992,-0.059955,-0.22546,-0.070562,0.25649,0.23124,0.097154,0.057675,-0.016014,-0.06075,-0.13101,0.070925,0.2577,-0.06741,-0.10488,-0.10769,-0.066244,0.062766,0.11199,0.10102,0.11225,0.19669,-0.069582,0.23385,-0.0094771,0.049192,-0.021022,-0.036255,-0.18992,0.076284,0.0017001,-0.0076257,0.034684,-0.37531,0.058846,-0.053273,-0.1114,-0.061076,0.14236,-0.016189,0.1045,-0.067805,0.12049,-0.2933,-0.095055,0.0043354,0.049624,0.063386,-0.078427,-0.002007,-0.013305,-0.09092,-0.052765,0.0082119,0.016674,0.12228,-0.063954,0.014289,-0.035738,-0.039497,0.066614,0.040056,0.077451,-0.038613,-0.15644,-0.35582,0.082071,-0.020885,-0.010233,0.010274,0.0010005
0.071049,-0.059174,-0.2955,0.21967,-0.029945,0.20579,0.38172,0.0012324,0.089849,0.14248,-0.0627,-0.24857,0.36292,-0.023836,0.18734,0.15502,0.3777,-0.0011077,-0.19647,0.038446,-0.1843,0.34298,-0.076851,0.069996,-0.14504,0.12507,0.30805,-0.17338,0.029804,-0.0028177,0.072023,-0.065313,-0.071332,0.085885,-0.011101,-0.018965,0.24864,-0.069297,-0.1871,-0.015225,0.067812,-0.043546,0.30795,-0.035401,0.040256,-0.028942,-0.037453,0.7747,-0.061814,0.29064,-0.077345,0.12889,-0.48912,0.17604,-0.033429,-0.041596,-0.10375,-0.21862,0.3745,-0.056958,0.060594,-0.090797,0.17507,-0.063904,0.027362,0.076021,-0.062198,0.046285,0.057502,-0.20997,0.0072069,0.015418,0.060413,0.011165,0.012475,-0.11465,0.026801,-0.040614,-0.078555,0.15285,0.15298,0.12196,-0.01194,-0.080639,-0.0071191
-0.040419,0.17588,-0.12745,0.12547,-0.024514,-0.044103,-0.072266,-0.021878,-0.19554,0.11319,0.044851,0.09957,0.0069359,0.09715,0.071203,0.10429,-0.18501,0.10432,0.033827,0.0033936,-0.032569,0.065564,0.0060463,0.087579,0.048803,-0.06714,0.028241,0.070966,0.067287,0.0068422,0.12494,0.052761,0.04952,-0.019012,-0.18239,0.014955,-0.0045737,0.13786,-0.064307,-0.0059684,0.0026692,0.040237,-0.061194,0.0071407,-0.012137,0.013574,-0.06545,0.036476,-0.086798,-0.0083431,-0.010555,0.018743,-0.0024241,-0.0087207,0.0062916,-0.014058,-0.020351,-0.0097378,-0.20636,0.0082504,0.041212,-0.054443,0.058094,0.04547,-0.021876,0.00538,-0.025418,-0.023789,-0.0026912,-0.0325,0.027491,0.026757,0.023129,0.010744,-0.0072883,0.0087555,-0.038929,-0.0026597,-0.057154,0.012585,0.032384,0.043375,0.0157,0.0036119,0.0066003
0.025645,-0.36254,-0.59823,0.31607,0.36197,-0.30054,-0.23245,-0.072113,-0.10601,-0.083793,-0.082779,0.43424,-0.0044222,0.083887,-0.13563,-0.18095,0.47249,0.12706,0.14782,0.057696,0.08507,0.10384,0.048667,0.071118,0.17284,-0.24283,-0.54105,0.06779,0.29611,0.16698,0.10452,0.046185,0.020318,0.11945,0.27254,0.01682,0.10283,-0.45228,-0.0064156,-0.14529,-0.070806,0.091041,-0.1802,-0.18443,0.023112,-0.13572,-0.47593,0.32884,-0.0035982,-0.26551,-0.10013,-0.1572,0.37306,0.17464,0.087003,-0.092453,-0.24672,-0.067432,0.48435,-0.019745,0.10101,0.0588,0.42835,0.19396,-0.04095,-0.03048,-0.011033,-0.088063,0.054744,-0.22558,0.034592,-0.08437,-0.047694,0.21911,-0.091874,0.026759,-0.03551,0.080023,0.10297,-0.35019,0.081608,0.32401,0.10651,-0.13401,-0.012095
0.03826,-0.022204,-0.015065,-1.0707,0.072897,-0.30413,-0.061773,0.30511,-0.022135,-0.12774,-0.061581,0.076482,0.0061098,0.10949,0.18377,0.068953,-0.018889,0.20847,0.36704,0.065336,0.03863,0.073717,-0.078239,-0.013871,-0.003139,0.087583,0.067847,-0.065597,-0.06176,-0.039379,0.087233,-0.021206,-0.0039433,0.25942,0.12127,0.013561,-0.034193,-0.42744,0.30571,0.11962,0.056195,-0.0047937,0.050741,-0.033986,-0.048492,0.037218,0.16109,-0.29321,0.088233,-0.14539,-0.20916,-0.074912,-0.14192,0.099407,0.090909,-0.10048,0.010481,-0.16701,-0.28619,-0.058976,-0.067824,-0.0044422,-0.29367,-0.069325,-0.12709,-0.094629,0.091811,-0.077742,0.087011,0.11498,0.018737,-0.030107,0.088486,-0.14764,0.03489,-0.034793,0.051182,0.00012813,0.12753,-0.044634,0.0046885,-0.036562,0.069881,-0.078721,-0.005909
-0.078217,-1.0071,0.18049,-0.079703,0.047672,0.20779,-1.3793,0.38835,-0.89638,-0.017483,-0.21488,-0.72705,-0.08607,-0.12317,-0.43983,0.36976,-0.86513,0.47056,0.14144,0.57826,-0.37795,0.17312,0.56677,-0.16791,-0.099038,0.34484,1.1592,0.15558,0.3262,-0.20603,0.021039,-0.19585,-0.20317,-0.071351,-0.99271,-0.10421,0.22249,-0.29113,0.072694,0.92027,0.22158,0.00016425,-0.043607,0.17011,0.067731,0.29362,0.59201,-0.058292,0.19988,0.16197,0.2862,-0.03992,-0.51967,0.12465,0.29489,0.29561,-0.22063,-0.60166,0.8392,0.13059,-0.81577,0.26632,0.327,-0.18885,-0.10618,-0.15842,-0.16636,-0.072306,-0.084972,-0.32436,0.32531,-0.059929,-0.0049181,0.2174,-0.061014,0.013088,-0.25995,0.12996,-0.18775,0.18659,0.53226,-0.13505,-0.033263,0.19074,-0.024133
-0.0046345,-0.64162,-0.037014,0.42951,-0.13554,0.11761,-1.0433,-0.076935,-0.68612,0.14292,0.062502,-0.45432,-0.27574,0.73651,-0.72108,-0.18151,-1.5875,-0.36123,0.061338,0.36344,0.12783,-0.57628,0.18997,0.076342,-0.24423,0.28193,1.865,-0.59277,-0.29393,0.036763,0.21375,0.2464,-0.070812,-0.0068612,0.19006,-0.030291,0.21613,-0.75019,0.10764,0.18968,0.15786,0.11448,-1.0413,0.050341,-0.034666,0.03376,-0.31354,-0.79797,-0.39282,0.31772,-0.17416,-0.054511,0.6561,-0.43291,-0.84943,0.368,0.24301,0.95708,-0.23768,0.1398,-0.063417,0.0056897,0.24607,0.23657,0.095006,-0.10538,0.17924,0.11744,-0.12356,-0.11078,0.013304,0.26246,-0.077448,-0.38034,-0.21153,-0.025523,-0.041944,-0.12814,-0.061342,0.27233,0.41563,-0.4155,0.1783,0.083115,-0.006734
-0.034846,-0.018167,-0.42789,-0.05877,-0.017085,0.046362,-0.024619,0.016755,-0.08305,0.12455,-0.013236,0.021619,-0.20299,-0.033955,-0.10924,0.025956,0.052674,0.033708,0.042102,-0.013102,0.019342,-0.18189,0.051786,-0.12119,-0.10776,-0.034848,0.30174,-0.026065,-0.065499,0.014282,0.034718,-0.049031,-0.036141,0.12823,0.19872,0.025931,0.053442,-0.28114,-0.029744,0.029149,0.014274,-0.0043646,-0.096228,-0.0081261,0.021215,0.045377,-0.15981,-0.23011,0.054226,-0.090328,0.0096792,-0.11085,0.050822,0.11563,-0.094015,-0.0063917,0.00049575,-0.14146,-0.0014788,0.021709,-0.0096946,0.00083982,0.10671,-0.025444,0.036144,-0.08046,0.034046,-0.037527,0.017652,-0.095694,0.0042751,0.045994,0.0060818,-0.12244,-0.031262,-0.049146,-0.029232,-0.058201,-0.06698,0.10076,0.029464,-0.00055522,0.035291,0.045217,-0.0038787
0.068567,0.13461,-0.88146,0.0024853,-0.28357,-0.24261,0.78723,-0.22763,-0.13887,0.039962,0.02627,0.46853,0.071142,0.052086,-0.3588,0.095672,-0.19302,0.08893,0.040011,0.028918,-0.087118,-0.28704,0.00305,0.1208,0.10678,-0.098111,-0.1488,0.42129,0.28861,-0.048547,-0.0091205,-0.033665,0.32328,0.071411,-0.38088,0.24704,-0.079283,0.17309,-0.021714,-0.24233,0.084143,0.0025301,0.24606,0.29698,-0.068977,-0.037901,-0.1126,-0.057736,-0.17495,-0.49673,0.0034378,-0.010064,0.074213,-0.015669,0.66107,0.2582,-0.12621,-0.57257,-0.38428,0.14773,0.20346,-0.38581,0.44611,0.098258,0.036889,-0.095649,0.019271,-0.047115,-0.04667,0.15493,0.084069,-0.011846,-0.072841,-0.072718,0.021296,0.015251,0.07644,-0.077997,-0.0632,-0.13784,-0.016095,0.0027577,0.1101,0.10832,0.0014502
-0.050934,0.64319,0.28019,-0.218,-0.095119,-0.78668,-0.26133,-0.17631,-0.76191,-0.54365,0.318,0.48205,0.20419,0.45494,0.37117,-0.53602,1.3596,0.16433,-0.051281,-0.58975,0.25251,-0.047856,-0.71889,-0.048687,-0.061636,0.20017,-0.97314,-1.2144,-0.37726,0.31231,-0.22118,-0.098487,-0.043885,-0.43992,-0.026887,-0.4384,-0.10516,-1.1613,0.12314,0.23885,-0.17172,0.07072,-1.2353,0.29775,0.029052,-0.16972,-0.072741,0.43253,0.4056,0.36294,-0.042339,-0.15929,-0.072024,-0.92988,0.15253,-0.36832,-0.026513,0.24639,0.15877,0.025838,0.58799,0.35915,0.057863,0.21215,-0.098124,0.20531,0.12012,-0.058455,-0.15671,0.21052,0.07523,0.28608,0.0793,-0.091234,0.097054,-0.392,0.091705,0.16806,0.20789,-0.20604,0.16197,0.1821,0.02933,0.088828,-0.038467
0.070142,0.41251,0.50185,-0.51235,0.0034456,0.47173,0.86336,0.025835,-0.30585,-0.31964,-0.048278,-0.099464,0.041971,-0.23289,0.21011,-0.38514,-1.503,-0.13787,-0.063985,0.017023,-0.24205,0.58562,-0.081898,0.28577,-0.042988,-0.29718,-0.91464,0.096252,0.051117,0.18613,0.2563,-0.11175,0.022824,0.064234,-0.36876,-0.048219,-0.21484,0.4845,0.014214,-0.051098,-0.056935,-0.11401,0.41522,0.10586,-0.075631,0.10258,-0.28495,-0.15344,-0.028691,0.069725,0.18808,0.062411,-0.49981,-0.21977,0.36528,-0.2065,0.051679,-0.118,-0.66123,0.073023,0.050159,0.14537,-0.53396,0.14807,0.051033,0.054763,0.05822,-0.11998,0.12378,0.090589,-0.060331,0.014977,-0.023757,0.36828,0.029929,0.083937,0.19685,0.068618,-0.49452,-0.4355,-0.2462,0.12231,-0.16827,0.0029071,-0.0074518
-0.049752,0.051204,-0.056656,-0.44302,-0.10098,0.41907,0.24757,-0.059789,-0.27948,-0.12924,-0.094673,-0.14388,0.23765,0.11752,-0.0051018,0.041134,-0.34339,-0.030424,-0.055837,-0.0015082,0.014225,0.15003,0.033981,-0.004558,0.0079166,0.056952,0.035436,0.082263,-0.037014,-0.050355,0.064173,-0.014854,-0.037432,-0.0091137,-0.12201,0.11992,0.012629,-0.22013,-0.05185,0.0032514,0.035777,0.015398,-0.24543,0.010379,-0.039933,-0.013783,0.21992,0.17235,0.037307,-0.059661,0.077767,0.21301,-0.10274,0.011382,0.08445,-0.11783,0.070278,-0.066646,-0.087339,0.0030251,-0.015562,-0.105,-0.019043,0.0079825,0.03356,-0.065736,-0.11998,-0.019259,0.050801,0.034801,0.0096115,-0.0043753,0.037902,0.01298,0.023999,0.011077,0.038065,0.052518,-0.045338,0.067058,0.17198,0.22807,-0.019069,0.029155,0.0018211
0.00083307,0.19655,-0.077658,-0.19893,-0.047841,-0.05965,-0.052257,-0.004495,0.072585,-0.10071,-0.0045674,-0.11523,0.0094591,-0.055427,0.015179,0.010863,-0.031173,-0.019491,0.06172,-0.018368,-0.086536,-0.0076457,-0.014012,0.086144,0.045808,0.0010803,-0.008241,0.013361,-0.02055,-0.041823,0.018619,0.002951,0.0069015,-0.044766,-0.068378,-0.078338,0.015433,-0.046613,-0.050367,-0.010136,0.015054,-0.0089876,-0.047293,-0.02884,0.0013758,-0.0090918,-0.076035,0.06225,-0.016496,0.087989,-0.007633,-0.019433,-0.013771,-0.048413,0.14639,0.073267,-0.0055323,0.012553,0.10108,0.016146,-0.015366,-0.10011,0.050431,0.021217,-0.0132,0.010614,-0.013464,-0.0094473,-0.0042541,-0.023815,0.007422,0.00040447,-0.0075992,-0.041625,-0.031807,0.018621,0.015223,0.040801,0.041288,-0.030484,0.0060681,0.083573,0.014725,0.0005264,-0.0032781
0.0159,0.44528,0.12944,0.44915,0.3402,0.027297,0.32491,0.018318,-0.71065,-0.032361,-0.018755,-0.034994,0.010307,-0.1218,0.059968,0.10149,0.38598,-0.0052453,-0.072242,-0.034571,-0.19929,0.28253,-0.058571,0.076816,-0.060763,-0.046593,0.061051,-0.0066034,-0.13338,-0.033453,-0.0022248,-0.081208,0.0064443,-0.080312,0.09018,0.16838,0.0097663,-0.04038,-0.063513,-0.052175,0.032773,-0.035198,-0.12078,-0.082184,0.071841,0.057214,-0.20963,-0.017321,0.1704,0.088201,-0.047588,-0.12426,-0.13548,-0.0036317,0.11391,-0.17935,-0.1589,0.060172,-0.12156,0.03544,0.014935,-0.13043,0.077898,0.048248,0.0026244,0.031671,0.019295,0.023475,-0.1152,0.013316,-0.050669,0.047896,-0.01627,-0.12171,0.034559,0.012015,0.03685,-0.012441,-0.085725,0.12573,-0.0047175,0.064083,0.030514,0.034032,-0.0056164
-0.0032871,-0.08683,0.1836,0.0057637,0.1894,-0.022572,0.031359,0.11768,-0.022233,-0.00808,0.0088432,-0.011369,-0.031358,0.029383,-0.012202,0.082612,0.049476,-0.030577,-0.00046153,0.063156,-0.046534,0.025114,0.033508,-0.020426,0.03248,-0.0027365,0.07373,-0.048828,0.025539,-0.0021538,-0.06485,0.0049252,-0.011631,-0.022188,-0.11445,0.018162,0.04447,-0.17061,0.017735,-0.043163,-0.033051,-0.0058994,-0.012504,0.034381,-0.022056,-0.034814,0.11204,-0.079354,0.033976,0.25414,-0.031456,-0.055109,-0.033667,-0.045583,-0.017654,0.0178,0.072664,-0.20336,0.0077249,0.0017569,-0.068155,0.047812,-0.0037686,-0.0090104,-0.0045017,0.041328,0.011254,-0.016697,0.017372,-0.034131,-0.048814,0.022393,0.029912,0.0058198,0.061835,-0.019225,-0.021712,0.03172,0.05697,0.082664,-0.0056585,-0.066306,0.013022,-0.0069844,0.003176
0.11618,0.62996,0.68045,-0.33544,-0.15286,-0.10655,-0.22639,-0.26069,-0.11118,-0.069982,0.041863,-0.19097,-0.27398,-0.11009,0.11785,0.19033,-0.38277,0.1318,0.24182,0.079749,0.29181,-0.080972,0.10744,0.081681,-0.34183,0.25512,-0.021835,-0.24385,-0.064907,-0.062345,-0.14433,-0.12084,-0.13526,-0.0083321,0.18138,-0.06246,0.054082,0.38372,0.16003,-0.068898,0.032431,-0.13213,0.43235,0.035739,0.041859,-0.029144,0.36136,-0.14672,-0.19591,0.75136,0.21909,0.072571,0.042913,-0.2911,0.031717,0.00928,-0.050135,-0.1863,0.1932,-0.048276,-0.11393,-0.23435,0.0085656,0.13896,0.030437,-0.021341,0.13364,-0.048996,-0.035933,-0.51552,-0.066627,0.042754,0.0089686,-0.25276,-0.00697,0.025102,-0.058381,0.10934,0.12006,0.080248,-0.19758,0.045843,-0.10213,-0.013446,-0.011734
0.14048,0.97928,-0.26084,-0.55595,-0.085651,-0.0091268,-0.071323,-0.17374,-0.14861,-0.2342,-0.042432,0.13949,0.010218,-0.013504,-0.16065,-0.17498,-0.45875,0.077102,-0.33644,-0.18599,-0.34589,-0.048243,-0.050863,0.091739,0.047035,0.11061,0.4468,0.09362,0.09815,0.1099,0.053952,0.011396,0.044857,0.050092,-0.13439,-0.18052,0.12707,-0.05093,-0.065187,-0.023053,0.097975,-0.0028582,-0.059972,-0.090279,0.0097366,0.074668,-0.028618,-0.5527,0.16298,-0.61438,0.073123,0.25837,-0.14934,-0.23377,-0.10988,-0.16804,-0.10814,0.056604,-0.20491,0.0075419,0.13886,-0.077618,-0.017406,-0.0090061,-0.022011,-0.18536,0.0019868,-0.015089,0.010728,-0.18528,0.086106,-0.0053695,0.048812,0.11965,-0.049406,0.011286,0.080408,0.051804,-0.1337,-0.10212,-0.14309,0.048455,0.19068,-0.053594,0.0027592
0.039797,0.069138,-0.22091,-0.23409,0.25209,0.1703,0.44248,-0.049947,-0.29545,0.19067,-0.069747,-0.18722,-0.043998,0.14067,-0.050016,-0.0031902,0.056199,-0.0055697,-0.067473,0.08577,0.057693,-0.03929,0.072374,-0.1002,-0.042347,0.079539,0.13979,0.027195,0.006625,-0.010533,0.028327,0.024862,0.052599,-0.11678,-0.036674,0.003477,0.013754,-0.033545,-0.073767,0.017711,0.028556,0.0044144,-0.17051,-0.062861,0.012508,-0.030058,0.06328,-0.0054254,0.14344,-0.30009,-0.005075,-0.011165,0.02224,0.0058704,-0.061456,-0.070089,0.09304,0.083615,0.16211,-0.040275,-0.00014917,-0.02291,0.033762,0.0098496,0.019269,-0.031157,-0.0028768,0.019789,-0.028496,0.076224,0.017025,0.02511,0.06282,0.099427,-0.029102,-0.0092464,-0.015343,-0.026589,-0.14519,-0.019564,-0.16835,0.032718,-0.004908,-0.05341,-0.0006544
0.018014,0.46166,0.24282,0.16033,-0.030715,-0.1446,-0.15003,-0.14138,0.13726,-0.13026,-0.059723,0.13068,0.13666,0.09452,-0.098641,0.0034103,0.14158,-0.047636,-0.038832,-0.1136,-0.12742,0.12619,-0.028842,0.053139,-0.033549,0.039129,-0.00098378,-0.045041,-0.1018,0.0099342,-0.031551,0.010293,0.077579,-0.10952,-0.097523,-0.0097566,0.068159,0.070025,-0.08767,-0.17743,0.048558,0.053456,0.19682,-0.027471,0.0096757,-0.0094504,0.085052,0.0062533,0.07984,-0.10769,0.0063174,0.026153,-0.0082901,0.1002,-0.070195,-0.024446,0.032103,0.32181,-0.10665,0.047234,-0.096343,-0.10964,0.074949,-0.0039135,-0.020038,0.069594,-0.056018,0.015815,0.0066299,-0.02915,-0.042428,-0.016059,0.008967,0.018655,0.051949,-0.037772,-0.030982,0.045975,-0.014341,0.00065973,0.036434,0.10856,0.0052827,0.003277,-0.0044808
0.035795,-0.58285,0.063881,-0.14357,0.20885,0.013868,0.45972,0.02749,0.0082484,0.030861,-0.066662,-0.039983,0.070203,0.10899,-0.096071,0.030957,0.015388,-0.079757,-0.037732,-0.12076,-0.082512,-0.10239,0.16028,-0.055126,-0.13773,0.11679,0.0094246,-0.11125,-0.21438,-0.068054,-0.067209,-0.060409,0.0034054,-0.21398,-0.06379,0.073611,-0.14156,-0.0051132,-0.047688,-0.06939,0.017653,0.011979,-0.36058,-0.069245,0.024062,-0.048864,0.1028,-0.36134,0.070684,-0.10293,-0.012591,0.061855,-0.14644,0.13801,0.23664,-0.093376,0.024674,-0.11352,0.22281,-0.047236,0.16294,0.059941,-0.10631,0.02493,0.046949,0.015276,-0.079713,0.075738,-0.067824,-0.12952,-0.0096573,0.045543,0.065076,-0.086773,0.07745,-0.056174,0.040826,-0.017694,-0.3012,0.14234,-0.045217,0.0078117,-0.041261,-0.03665,-0.0044822
-0.042175,0.39691,0.31251,0.17199,-0.086269,0.24678,-0.24365,0.02326,0.13586,-0.04838,0.027476,-0.079437,0.16263,-0.0099359,0.091817,-0.12027,0.18443,-0.15253,0.25241,0.24829,0.063362,0.094258,-0.1778,0.14527,0.1505,0.16218,-0.30584,0.14773,-0.01139,-0.050735,0.12839,-0.031091,0.015763,-0.036387,-0.14503,0.050616,0.0047545,0.11416,0.055257,0.1237,0.068048,-0.0031177,0.19095,0.14557,0.052884,-0.070908,-0.13138,0.21097,0.030962,0.077801,0.014211,-0.12637,0.52693,0.020992,-0.054286,0.14492,0.033762,-0.017739,0.15079,-0.016002,-0.00433,-0.18212,0.017899,0.14128,0.00017544,0.083861,0.056791,-0.023183,0.015239,-0.084699,0.044267,-0.01212,-0.093816,-0.12374,0.028962,-0.048651,-0.044388,-0.033071,0.10861,0.28061,-0.072634,0.0016546,0.017115,0.039118,0.0058131
0.018824,-0.098326,-0.11541,0.27327,-0.11408,-0.23249,-1.2565,-0.096342,0.12006,-0.019025,0.00073224,0.0086247,-0.13676,0.0064151,0.18302,0.028017,0.30128,-0.13071,-0.11652,-0.28481,0.026363,-0.057653,0.094369,0.063122,-0.088408,-0.073924,0.19926,-0.3566,-0.33586,-0.012196,-0.054087,-0.036711,-0.17014,-0.21944,0.24841,0.020822,-0.019612,-0.61971,-0.091728,0.0054888,-0.082777,-0.07459,-0.19586,0.089645,0.056149,0.094205,-0.051588,0.15881,0.067668,-0.1108,0.085743,-0.051808,0.12207,0.16387,-0.39063,0.34428,0.26941,-0.048399,-0.2774,0.0121,-0.027621,0.056308,-0.012439,-0.072601,0.12325,-0.063525,-0.050529,0.038976,0.096655,-0.4095,-0.026345,-0.038254,-0.064367,-0.10258,-0.01851,0.0011628,-0.054846,-0.071893,-0.59323,-0.019377,0.010442,-0.13345,-0.11707,-0.0071389,-0.011891
-0.066099,-0.041171,0.058933,-0.037427,0.1485,-0.071089,0.11901,0.012676,0.14699,0.1852,-0.018484,0.024834,0.037963,0.092463,0.17556,-0.0147,-0.087921,-0.0089912,0.097083,-0.036395,-0.011976,0.017994,0.090747,-0.0062248,-0.010678,-0.018431,0.039231,-0.047441,-0.049258,0.0023333,-0.089903,0.039674,-0.046792,-0.10699,-0.12305,0.022755,-0.0594,0.1526,-0.0079509,0.10188,0.040256,-0.014969,-0.46356,0.024357,-0.036958,-0.014071,-0.14267,0.36369,0.063357,-0.020774,0.018087,-0.094486,0.16677,-0.070943,0.16444,-0.13142,0.085088,0.02703,0.072031,0.030373,0.025943,-0.022299,0.088146,0.045007,-0.017767,0.014188,0.013036,-0.00036204,-0.018045,0.054905,0.025486,0.012725,0.017751,-0.11769,0.039747,-0.036094,0.042516,-0.01809,-0.058843,-0.017662,-0.04307,0.1096,0.049747,-0.04033,0.0014442
0.018252,-0.1437,-0.12683,0.25957,0.17381,0.10537,0.11346,0.067237,0.18469,-0.0064492,0.079925,-0.081257,-0.021808,-0.045616,0.11979,0.092681,-0.079666,-0.01206,0.034312,0.14008,0.049086,-0.099885,-0.030394,-0.0018694,-0.096389,0.019638,-0.082738,0.16061,-0.039328,0.022867,-0.044495,-0.0032908,0.0053631,0.024407,-0.0024517,-0.050706,0.037318,-0.042222,-0.071264,0.092774,-0.031942,0.007368,-0.059224,-0.023931,-0.018525,-0.056426,0.08553,0.033116,-0.0031429,0.026083,-0.019008,-0.0019123,0.05164,-0.016046,0.030678,0.072921,0.043952,0.055708,0.019553,0.077411,-0.082347,-0.17001,0.1403,-0.067648,0.014878,0.076966,0.059385,0.028526,0.0036264,0.15504,-0.034008,0.027125,-0.040504,-0.024114,0.0062896,0.025242,0.032182,0.021886,-0.1456,0.022238,0.0082561,0.021381,0.013623,0.023478,0.0058683
-0.057264,-0.30099,0.44787,0.7568,-0.77717,-0.15814,1.0813,-0.088901,-0.52694,-0.32249,0.04058,-0.056309,-0.14814,-0.046893,0.083402,-0.191,-0.71435,-0.12372,0.12082,0.22887,-0.23635,-0.19814,-0.13644,-0.24021,0.17696,-0.032476,0.26267,-0.35807,-0.44171,0.075301,-0.10631,0.015555,-0.27471,-0.12828,0.053875,-0.099544,-0.011364,0.30849,0.0035476,0.0083764,0.15439,-0.059135,-0.072611,0.14272,0.14163,0.23368,0.0054037,-0.63202,-0.043505,-0.10328,-0.017202,0.2538,-0.036341,0.20716,-0.48111,-0.31553,-0.054774,-0.32017,-0.33695,0.22029,-0.0023826,0.045483,0.27751,0.071562,0.01644,-0.2314,-0.024502,0.013684,0.15746,-0.096244,-0.096405,-0.093779,0.088931,-0.027361,0.17189,-0.060982,-0.06682,-0.18666,-0.3174,-0.018561,0.17514,-0.26567,-0.037947,0.0079504,-0.0060993
0.036273,-0.25239,0.27395,0.36994,0.12357,-0.35853,0.7428,0.27439,-0.16771,0.38564,-0.017901,-0.2693,0.22205,-0.24205,0.15314,0.081007,-0.0063002,0.20987,0.008047,0.070982,-0.045978,0.55905,-0.11807,0.031684,0.2506,0.29143,-0.19305,-0.031657,-0.22907,-0.063732,-0.31963,-0.07081,0.079707,-0.27549,-0.092821,-0.011464,-0.088709,-0.20156,-0.051128,-0.10236,0.10547,-0.0034359,0.029883,0.0064214,-0.023983,-0.023836,-0.14823,0.28944,-0.0086337,-0.29268,0.011524,0.078343,0.071947,0.046785,0.095686,-0.25726,0.027716,0.11484,0.08675,-0.01002,0.30279,0.034836,-0.20248,-0.14343,-0.051108,0.078517,-0.082404,0.023313,0.088209,0.12793,-0.089391,0.075811,0.07821,-0.15799,0.070673,-0.073801,0.14243,-0.069278,-0.16085,0.019492,-0.05724,-0.3457,-0.031074,0.04215,-0.0063753
0.05449,0.58584,0.51962,0.42661,-0.19127,0.05322,0.34236,-0.16398,-0.44922,-0.019166,0.002422,-0.12495,-0.23605,-0.079054,-0.091702,0.0082329,0.34226,-0.14909,0.064913,-0.013025,-0.060627,0.14101,0.12691,0.14314,0.050422,-0.14644,0.16573,-0.31603,0.056171,0.019466,0.082444,-0.07061,-0.12485,0.097212,-0.026046,0.094502,0.16792,-0.024699,-0.040246,-0.024242,-0.0045188,0.016225,-0.010022,0.026582,-0.012906,0.15715,-0.21293,0.57226,-0.081948,-0.12584,-0.11164,-0.36601,-0.45815,0.27024,0.0063055,0.20416,-0.29017,-0.17953,0.032561,-0.10265,0.10851,0.27223,0.057128,0.091252,0.0082113,-0.052166,0.05145,0.055924,0.034448,-0.18051,0.076137,0.037616,-0.067819,-0.17525,-0.028357,0.058186,0.0030421,-0.012107,-0.031767,0.073955,0.0026273,-0.272,-0.044685,0.11036,-0.001409
0.050217,-0.27421,0.27924,-0.051131,0.047005,0.02494,-0.068038,0.022468,0.0023207,-0.10223,-0.049436,0.093708,-0.049006,0.090045,-0.22153,0.019699,-0.043036,-0.29649,-0.08811,-0.17783,0.095997,0.047851,0.043209,0.024214,-0.015667,-0.036873,-0.37332,0.17627,0.10113,-0.022102,0.10358,0.00087408,0.04131,0.1565,0.013055,0.065264,-0.16029,-0.30138,0.09786,0.0078487,-0.011767,-0.014312,0.09677,0.045966,-0.031559,0.025963,-0.30147,-0.016225,0.061592,-0.16955,-0.012862,-0.1717,0.19301,0.048725,-0.1776,0.0084951,-0.050565,-0.039587,-0.21711,-0.077371,0.15455,0.047651,0.23574,-0.038642,0.0040396,0.077006,0.046546,-0.028508,0.051492,-0.17467,0.037197,-0.0013676,0.016577,-0.0035512,-0.046355,0.030985,0.036836,0.089869,0.12711,0.070216,0.085431,-0.038771,0.034766,-0.033874,0.0014297
0.039926,0.17387,-0.39218,-0.98018,0.023758,0.12555,-0.37628,0.0095185,0.24877,0.0036489,0.06436,-0.2927,-0.068622,0.22963,0.0547,0.013514,-0.19488,0.3766,0.41386,-0.044887,-0.072578,0.004993,0.085126,0.033387,0.03009,-0.038134,0.65123,-0.047938,-0.14151,0.027652,-0.36525,0.11948,-0.12619,-0.06047,0.17416,-0.078369,-0.26434,-0.6996,0.071179,-0.038108,0.0054541,-0.010836,-0.28777,0.042629,-0.078092,-0.10046,-0.39968,-0.38788,-0.02772,-0.16901,-0.16373,-0.18667,0.034057,-0.17054,0.26776,0.013266,-0.026255,-0.20629,0.31033,0.099878,-0.0068433,0.081548,-0.13589,0.33013,-0.081849,-0.19861,0.0049711,0.017815,0.11881,-0.06566,-0.019397,0.11882,-0.084101,-0.25877,0.066942,-0.0010284,0.086478,-0.0013788,-0.055694,-0.43175,0.0048056,-0.20537,-0.092611,0.014145,0.0081271
0.21555,-1.7219,-0.36491,-1.2296,-0.015303,0.79809,0.92409,0.63758,-0.42997,0.39781,-0.16329,-0.46475,0.051078,-0.030817,0.57701,-0.3254,0.30634,0.2077,-0.20252,0.49291,0.20579,0.18723,0.059159,-0.12092,-0.13919,0.34113,0.78416,0.22983,-0.32135,-0.20374,0.30704,-0.10929,0.062904,0.13946,0.35197,0.021631,-0.057674,0.29362,0.28729,0.065428,0.069972,0.074908,0.71028,-0.2591,0.04266,0.048453,0.097154,-0.89475,-0.045223,-0.33791,-0.24484,0.29811,0.20671,0.32665,-0.35871,0.01637,0.34943,-0.021218,0.27797,0.22145,-0.14041,-0.037813,0.52041,-0.22144,0.17711,-0.27056,-0.11184,0.18681,-0.21895,-0.05313,-0.065636,0.027489,0.12315,0.48993,0.196,0.1608,0.075327,-0.11484,-0.63787,0.16967,0.44508,0.43856,-0.20336,0.22143,0.00957
-0.0024608,0.038666,0.25303,0.060628,-0.043765,0.13937,0.097966,0.068485,-0.033428,-0.058592,-0.061665,0.40928,0.25171,0.070301,-0.096358,-0.27459,0.45741,0.081498,-0.17016,0.13582,-0.02856,-0.089059,0.026731,-0.053842,0.15369,0.14358,-0.26653,-0.064418,0.061165,-0.0022925,-0.22878,-0.012163,-0.0014684,-0.26664,-0.025541,-0.3802,-0.051697,-0.34901,-0.019294,-0.14784,0.066371,0.031733,0.20086,0.0083244,-0.073725,0.038664,0.10519,-0.059567,0.0042544,-0.41223,0.091419,0.0030795,-0.44258,0.060935,-0.11812,-0.37498,0.048336,0.2167,0.32619,-0.013276,0.2022,-0.047125,-0.076723,-0.105,-0.088413,0.4291,0.01258,0.075537,-0.08012,0.11645,0.093519,-0.030566,0.07945,0.12013,0.10954,-0.01622,0.06205,0.027179,-0.084526,0.032942,-0.10281,-0.0028127,-0.11508,-0.015622,-0.0088953
0.08399,0.39846,0.48539,0.71423,0.01524,-0.18696,-0.34741,-0.35056,-0.22918,0.19725,-0.04544,-0.29548,0.054057,0.13777,0.45546,-0.028262,-1.0316,-0.12291,-0.23408,0.0016442,-0.12621,0.25489,0.12767,-0.1086,0.032499,-0.097411,0.088828,0.53357,-0.0066321,0.24749,0.1435,0.0044878,0.11271,-0.17063,-0.11014,0.22685,-0.072921,0.39047,-0.014067,-0.17611,-0.07625,0.034583,0.015363,-0.27112,0.10531,0.021952,-0.551,0.29719,0.11662,1.113,-0.12493,-0.18796,-0.27299,0.31557,0.416,0.2009,-0.1434,0.30777,-0.0067469,-0.064504,0.023433,0.27585,-0.24536,0.057778,0.15454,-0.010534,0.17518,0.019396,-0.07019,-0.023509,-0.081026,0.089765,-0.034901,-0.27379,0.065184,0.15669,-0.045644,0.036595,0.30914,0.46837,0.11634,-0.059625,0.17725,0.167,0.022298
0.10965,0.1294,-0.22066,0.047647,-0.54322,-0.053074,0.60271,0.085816,0.75462,-0.8777,-0.098967,-0.95198,-0.047262,-0.61736,0.23256,0.62699,-1.3758,-0.056233,-0.029761,0.21415,-0.013355,-0.12044,-0.15645,-0.11859,0.070771,-0.24256,-0.89328,-0.32549,-0.54714,-0.10192,-0.31808,-0.075858,0.043913,0.3085,-0.30893,0.1549,-0.16478,-0.29107,-0.14128,-0.092132,0.070733,0.007873,0.36462,0.22679,0.10191,-0.078986,0.21254,-0.86234,0.39361,-0.74851,-0.14714,-0.13818,0.46616,0.09804,-0.27634,0.38396,0.1892,-0.29391,-0.1457,0.18079,-0.33111,-0.055852,0.037019,-0.12451,0.02952,0.21625,0.0035226,0.47463,0.27633,-0.13908,0.0015516,-0.040663,0.06238,0.11836,-0.21325,-0.010145,0.23574,0.027873,-0.32546,-0.1775,-0.17365,-0.69364,0.043028,-0.11592,-0.0076442
0.0369,-0.23202,-1.0621,-0.02592,-0.14995,0.14248,-1.0655,0.15462,-0.16124,0.055512,-0.050616,-0.21721,0.098627,-0.03916,0.11546,0.3097,0.54969,-0.2825,-0.36747,0.069411,-0.19242,-0.17866,0.23635,-0.034299,-0.20815,0.17558,-0.9822,0.15497,0.15076,-0.031393,-0.34799,0.0053787,-0.068521,-0.17112,-0.11417,0.26323,-0.2562,-0.88335,0.032373,0.031786,-0.029153,0.11406,-0.17381,-0.021879,-0.099827,0.01445,0.16234,0.42721,-0.056001,1.0486,-0.16646,-0.21477,-0.10707,0.29505,0.22325,-0.37387,0.084944,-0.11941,-0.26525,-0.051325,0.12625,-0.039228,-0.41585,-0.14216,-0.13261,-0.36191,0.024776,-0.1127,0.30083,0.034488,0.081944,0.12903,0.11039,-0.084398,0.067201,-0.038011,-0.036406,-0.090016,-0.11658,-0.0021955,-0.026418,-0.30362,0.11356,0.075262,-0.014866
0.090855,0.020714,-0.23199,-0.33251,0.10924,0.11148,-0.20047,-0.032801,0.054832,0.14446,-0.019983,-0.16603,0.090721,-0.017648,0.21231,-0.10686,0.16011,0.11272,-0.064893,-0.0153,0.14602,0.15024,-0.086885,0.030235,0.038096,0.020645,-0.16599,0.06821,0.0062095,0.014379,0.21783,-0.027545,0.0096049,0.037112,0.17166,0.15105,-0.11733,0.15949,0.10888,-0.049697,-0.045018,0.058825,0.24199,0.040076,-0.072118,0.053847,-0.17702,-0.16231,-0.096844,0.17126,-0.098002,-0.033866,0.29312,0.12459,0.030728,-0.041952,0.039782,-0.054445,-0.25128,-0.13106,0.10829,0.1737,-0.11712,-0.019124,0.0036209,-0.039649,-0.087004,-0.039859,-0.039437,0.11265,-0.028918,0.014696,-0.023706,-0.12872,0.010525,-0.019219,-0.0063708,-0.04334,-0.17357,0.070367,-0.18692,-0.030715,-0.023275,0.011374,-0.0056569
-0.16313,0.52957,-1.1182,-1.3729,-0.12782,0.35738,-1.0133,-0.32061,-0.15147,0.39164,0.021156,0.61611,0.15728,0.46234,-0.051194,-0.16436,0.99964,-0.020368,-0.084768,-0.088619,0.035015,-0.30782,0.042451,0.092259,0.26526,0.059342,0.47263,-0.025719,0.31655,-0.28709,0.033337,0.2028,-0.1135,-0.24054,0.1842,0.19034,0.081363,0.51892,0.25858,0.26044,-0.10572,0.059637,0.18897,-0.13434,-0.039936,-0.032116,0.30961,-0.38564,0.17061,0.45719,0.16779,0.13293,-0.37874,-0.10338,-0.32537,0.067499,0.31778,-0.35714,-0.47237,-0.17336,0.19402,0.38482,-0.12729,-0.024699,-0.15315,0.31686,0.12585,0.14404,-0.11572,-0.048463,0.38349,-0.078648,-0.061463,0.26586,0.053963,-0.025282,-0.065397,-0.062279,-0.3011,0.23154,-0.1546,0.40347,-0.15035,-0.067242,-0.0039203
0.099742,2.7829,-1.2641,0.34691,-0.82043,0.035499,1.1792,-0.23802,-0.035528,-0.42173,0.25021,0.46249,-0.49962,0.18812,0.072764,-0.43788,0.083473,0.024909,-0.10924,0.27992,0.1856,-0.48874,-0.36269,0.15702,-0.21286,0.4552,-0.19757,0.22415,-0.4561,0.06354,-0.2273,-0.17968,0.13289,-0.33965,-0.82809,0.25091,0.51556,0.38994,-0.045518,0.15498,-0.0023354,-0.039255,-0.44395,-0.14106,-0.076368,0.10973,0.64926,-0.74083,-0.52649,-1.1705,0.053124,0.1049,0.22857,-0.50531,-0.47739,-0.13733,0.1794,0.29068,-0.63739,-0.018623,0.091834,-0.65763,0.96418,-0.3417,-0.035166,0.061963,-0.14899,0.082129,0.16362,-0.18089,0.024749,0.19657,0.021825,0.11947,0.17511,-0.19609,-0.16173,5.9415e-05,-0.81421,-0.2517,-0.14843,0.5736,0.10086,0.15065,-0.025031
-0.13694,0.83649,0.36814,0.89859,-0.46252,0.093961,-0.4604,-0.13294,0.96536,0.085917,0.020068,-0.080951,0.047138,-0.29676,-0.062412,0.12792,0.41448,-0.092282,-0.30541,-0.0765,0.3614,-0.31922,-0.10304,-0.14494,-0.098749,-0.21534,-0.29886,-0.1859,-0.19355,-0.12687,-0.59677,-0.05199,0.0077394,-0.081732,0.3206,0.13113,0.035332,0.27087,-0.010872,0.056466,0.040427,-0.048979,-0.36451,0.21349,-0.030888,-0.20281,-0.097992,-0.3215,-0.07771,-0.082805,-0.088265,-0.24403,0.31803,0.17352,-0.22983,0.19941,0.28968,-0.33852,-0.11828,-0.11128,0.23636,-0.24941,-0.29723,0.080396,0.191,-0.059356,-0.099168,-0.019684,0.27569,-0.049219,0.054081,-0.050826,0.42229,-0.16133,-0.1064,0.066735,-0.025562,0.041948,-0.31649,0.26454,-0.45745,0.33725,-0.014987,-0.128,-0.023563
0.12075,-0.89029,-0.21134,-0.15937,-0.1328,-0.29956,0.24207,0.11031,0.42137,0.14774,-0.03063,-0.28987,-0.2223,0.043213,-0.065792,-0.045327,0.040455,-0.0052441,0.016714,-0.020589,-0.031497,-0.13113,0.0095326,0.0009254,-0.043103,0.079022,-0.41449,0.17692,0.01054,-0.18084,-0.14779,0.019421,0.04284,-0.080461,-0.17139,0.11679,-0.014898,0.32303,-0.036043,0.056279,0.0055742,-0.080143,-0.17886,0.052684,0.019147,-0.043528,0.18905,0.014924,-0.078694,0.029579,-0.10133,-0.11474,0.25609,-0.019149,0.0085432,0.041087,0.14928,-0.1985,0.060962,-0.049937,-0.076739,0.044316,-0.084303,-0.11871,-0.057669,0.15972,0.087157,0.15758,0.050623,-0.046648,0.023508,0.0057557,-0.015388,0.26565,0.09368,-0.09192,0.045162,-0.14874,-0.019991,0.1342,-0.007178,-0.26955,0.0039827,-0.059622,-0.010343
0.23793,-0.34284,0.64387,0.11619,-0.13772,-0.43448,-0.95949,-0.2695,1.3845,0.84219,0.014008,0.10872,0.36728,0.092972,-0.25187,-0.10334,0.52477,-0.013415,0.26834,0.069282,-0.048609,-0.5823,-0.10835,-0.0025683,-0.028368,0.48148,-0.11455,0.56173,-0.53435,-0.25561,-0.24522,-0.00089936,-0.15183,0.09003,0.29115,0.47418,-0.21573,-0.095339,0.066177,-0.031252,0.05605,-0.030447,0.56563,-0.064466,0.1108,0.15194,0.13105,-0.77769,-0.12788,0.37072,-0.055378,-0.08439,0.055432,0.40512,-0.14823,0.010419,-0.16305,-0.25064,0.25687,-0.18863,-0.065834,0.011659,-0.3422,0.05256,-0.093664,-0.021195,0.067541,-0.1024,-0.20324,-0.2772,-0.066111,-0.10206,0.056986,-0.013422,0.21145,0.0045034,-0.073054,-0.015311,0.010127,0.44738,-0.43895,0.090765,0.23325,-0.12158,-0.010485
-0.09424,1.6529,-0.062749,0.22889,0.01614,0.4829,-0.73088,-0.14047,0.55533,0.49211,0.050068,0.47137,0.061957,0.019147,-0.050601,0.32956,-0.35546,-0.2334,-0.4964,0.37924,0.017188,-0.18629,0.26615,0.15676,-0.38537,0.033586,1.0558,0.48364,0.020637,0.055317,-0.37786,0.14122,0.078675,-0.23579,-0.65676,0.10278,0.1544,-0.60128,-0.12066,0.34234,-0.0037608,-0.10411,-0.54991,0.10047,-0.18746,-0.080611,0.17302,-1.2379,0.20957,-0.26362,-0.10182,0.13962,-0.61745,-0.25927,0.527,0.022148,0.027775,-0.42251,0.086153,0.067027,-0.22342,-0.24065,0.21144,-0.035569,-0.019063,0.055904,-0.038021,-0.050095,-0.00069231,-0.15373,0.13774,-0.01051,0.12564,0.12902,-0.10364,0.55856,-0.048144,0.19211,0.10307,-0.3061,0.10255,0.093128,-0.11551,0.052802,0.0012004
-0.3893,0.67967,0.075573,0.033846,0.3057,0.29561,-0.95392,0.53394,0.26636,-0.68864,0.07762,0.25697,-0.30781,0.70475,-0.39499,-0.134,-0.31871,0.033471,0.035753,-0.06239,0.14549,-0.2666,0.32924,0.052842,-0.30805,0.081601,0.82447,-0.15585,0.38882,-0.01202,-0.17184,0.006764,-0.015217,-0.17044,-0.45801,-0.1743,0.07897,-0.3538,0.51407,0.1719,-0.039783,-0.01736,-1.2035,0.41346,-0.059063,-0.19782,-0.094725,0.88185,-0.15913,0.81885,-0.17437,-0.23257,0.83731,-0.3702,-0.35947,-0.082374,0.45331,0.17547,0.31263,0.14214,-0.047985,-0.030165,0.0039539,0.043543,0.01406,-0.36163,0.096844,-0.045079,0.10846,0.62868,-0.039483,0.097862,-0.077469,-0.3893,0.15029,0.020921,0.2538,0.075035,0.46266,-0.19805,-0.017862,0.42627,-0.068142,0.081013,0.01429
-0.026509,-1.7476,0.32032,-0.84326,-0.18159,-0.12682,0.30487,0.10608,0.18133,0.25506,-0.03162,-0.3963,0.29739,-0.10701,0.63971,-0.46101,0.50253,0.017561,-0.019505,0.028581,-0.049881,-0.21071,-0.10217,-0.035836,0.084905,-0.033673,0.31625,-0.11837,-0.30771,0.14774,0.028542,0.13948,0.022226,0.23864,0.27547,0.37154,0.27623,1.1701,-0.12818,-0.11906,0.080473,-0.05023,0.50643,-0.034041,0.087221,-0.045016,-0.55764,0.3062,0.060578,-0.36076,-0.21296,0.35062,0.1049,-0.11185,0.21098,-0.14648,-0.026034,-0.38216,0.23295,-0.025426,-0.01829,0.023339,0.23317,0.10855,-0.032489,-0.15702,-0.22833,-0.028766,0.020873,-0.050984,-0.074446,0.022367,-0.076549,0.10432,-0.073055,-0.078835,-0.0099344,0.31154,0.24955,0.067746,0.054025,-0.099927,0.20037,0.0085311,-0.0011464
-0.0054553,0.56937,0.038886,-0.067071,-0.11644,0.17826,-0.15685,-0.12228,-0.019331,-0.27487,0.053859,0.023712,-0.00050236,0.030766,-0.022556,-0.096872,0.051776,-0.047281,-0.019722,-0.00094194,0.039965,0.054852,-0.072632,-0.012098,-0.042066,0.0234,0.20682,-0.031654,0.039139,-0.057642,0.039829,-0.024643,-0.045891,0.0051485,-0.17643,0.061529,-0.080352,0.18415,0.018762,0.065622,0.0080369,0.0005183,0.062869,-0.0016919,0.0044233,0.013088,0.038037,0.043697,-0.057885,0.10708,0.012913,-0.030074,-0.040237,-0.03875,-0.042151,0.025811,0.028962,0.17348,-0.01193,0.018961,0.07041,-0.029765,-0.14784,-0.09824,0.017521,0.037919,0.072426,0.055813,-0.0080167,0.021582,0.058153,-0.031127,0.02329,0.02927,0.039003,0.051233,0.011263,0.037682,0.20442,-0.07367,0.037181,-0.047769,-0.0036258,0.016611,0.0019382
0.013815,-0.4215,-0.21632,-0.24699,-0.15263,-0.19507,0.37902,0.03083,0.12594,-0.093349,0.0066524,0.27203,-0.015126,0.023673,-0.26208,0.024176,-0.12738,0.14136,-0.0057268,-0.10773,-0.013986,0.034141,0.043009,0.035567,-0.11074,0.063653,0.28555,0.019755,-0.038309,0.083994,-0.19591,0.033233,-0.13349,-0.033983,0.018398,0.12885,-0.15838,-0.12687,0.028348,-0.16152,-0.014237,0.028836,0.025871,-0.084131,-0.027781,-0.040538,0.10783,0.099347,0.11185,0.35566,-0.0351,0.12994,-0.18748,0.11746,-0.095415,-0.0050228,0.042467,-0.084535,-0.17783,-0.10814,-0.018504,0.061667,-0.16964,0.098297,0.0051238,0.081079,0.04594,0.0076235,0.049666,0.094867,-0.039595,-0.010744,0.0070666,0.10841,0.0014016,-0.014206,-0.054664,-0.033614,-0.093151,0.013888,0.010047,-0.029947,0.046167,0.05161,-0.0026687
-0.21684,-0.28539,-0.59643,-0.035664,-0.25984,-0.13053,-0.21228,-0.18694,-0.13307,-0.018549,0.003884,-0.32374,-0.090657,0.13388,-0.11341,0.29292,-0.14923,0.15953,0.071672,-0.0095333,-0.024658,0.24307,0.20169,-0.086169,-0.059071,0.084992,0.50612,0.10971,-0.18127,-0.023308,-0.22392,-0.045096,-0.05525,-0.042577,0.092701,-0.20046,0.21868,-0.26015,-0.15273,-0.18461,-0.0092804,0.048409,-0.20922,0.11984,0.066607,0.15382,-0.098317,-0.39506,-0.050549,-0.10692,-0.089434,-0.23135,-0.13969,0.086368,0.16564,0.075165,0.0061632,0.32416,0.21217,-0.028753,-0.29003,-0.069598,0.054217,0.095979,0.15708,-0.15982,0.048625,0.036044,-0.046596,-0.20114,-0.051491,0.06258,0.11485,-0.15749,0.021857,-0.034713,-0.099261,-0.0083035,0.1446,0.37331,0.16532,0.053618,-0.13577,0.1052,-0.00016764
-0.061043,-0.35479,-0.39621,0.056653,-0.12186,-0.056699,-0.051295,0.041908,0.20428,0.20623,0.10162,0.082669,0.12203,-0.31943,-0.039816,0.011366,0.25957,-0.2385,0.15796,0.126,-0.098268,-0.047603,0.038035,0.00076517,0.061817,-0.13043,0.42963,0.026579,0.14348,-0.055462,-0.1052,0.00762,0.075808,-0.082914,-0.046256,-0.069647,0.050054,-0.030606,-0.0084112,0.09776,-0.019065,-0.024504,-0.13765,0.0086018,-0.031932,0.024231,0.051674,-0.14466,0.070262,0.07483,0.075062,-0.023854,0.14723,0.0096858,0.073785,-0.016796,-0.07577,0.23131,-0.25827,0.086564,0.004189,-0.082979,0.015412,-0.08907,0.017438,0.050152,0.071659,0.003036,-0.060523,0.055565,0.023588,0.0079497,0.027676,-0.036878,0.0055536,0.019563,-0.027522,0.077398,-0.17621,-0.35699,0.065705,0.36215,0.028959,0.033606,0.0010767
0.057062,1.895,-0.1119,0.065454,-0.18364,0.28304,-0.76874,-0.36299,-0.19598,0.23171,0.13888,-0.35047,-0.071038,0.077537,-0.18967,-0.30276,0.21955,0.063095,-0.22141,0.16814,-0.11086,-0.12913,-0.0076082,-0.095969,-0.023515,-0.09724,-0.080343,0.25288,-0.21618,0.028022,0.27596,-0.073768,-0.092916,-0.26262,-0.40088,-0.26024,0.20482,0.091123,0.06333,0.19815,0.063903,0.14824,-0.38729,0.31102,0.046402,0.097968,0.10457,-0.54014,-0.011164,0.82535,-0.01571,0.035356,0.32103,0.30541,-0.21312,0.23724,-0.075713,-0.78447,-0.73931,-0.033728,-0.080688,-0.25228,-0.034181,0.33376,0.15805,-0.12043,-0.14036,0.087088,-0.15178,-0.30887,-0.13587,-0.0057724,-0.15695,0.061705,0.16852,-0.0061214,-0.090852,-0.065792,0.0047541,-0.077968,-0.069208,-0.16884,0.16918,0.097554,0.010278
-0.12253,0.42983,-0.2617,-0.2946,0.0060489,0.19102,0.40685,-0.26651,0.3892,-0.57681,0.04887,0.3551,-0.16449,0.35419,-0.1994,0.33698,0.24538,-0.00030396,0.34162,0.20544,-0.10827,-0.16065,0.3349,0.10296,-0.12161,0.0084418,0.80038,0.1541,0.16012,-0.22879,-0.12048,0.067136,0.20506,0.11746,0.24043,-0.23451,-0.068347,0.009924,-0.057147,0.17198,0.049821,0.10106,-0.25472,0.0012909,-0.024124,-0.075438,-0.30408,-0.012295,0.26535,0.055997,0.056268,-0.23598,-0.012223,0.016609,0.40349,-0.4821,-0.23095,0.55128,-0.16047,0.071394,-0.036415,-0.068311,-0.35944,0.10038,0.024703,-0.2375,0.017059,-0.10428,-0.06444,0.017502,0.067623,0.0096716,0.25489,-0.064267,0.12264,0.12415,0.056924,-0.016884,-0.071954,-0.29085,-0.25102,0.12877,0.13425,0.24337,0.010942
-0.42478,0.21365,-1.0082,-0.23934,3.6942,0.90034,0.53081,2.793,2.5347,0.37658,0.63728,2.872,0.35984,-2.0803,-2.3156,-0.32577,2.6668,0.7836,1.8854,-0.4985,-0.023689,-2.4236,1.0896,1.7445,2.0045,-0.67943,-3.6975,1.2301,4.4696,1.0776,0.52395,1.975,1.9081,2.1338,1.8325,-1.5276,0.028662,4.6374,0.034019,-0.10073,-0.083473,0.87766,0.74822,-0.68688,0.68745,-0.4565,2.2285,7.3381,0.092494,-1.6567,3.1664,2.5699,3.2909,-2.7978,0.19098,2.6765,1.125,2.9139,3.3431,0.59623,1.6388,2.6609,0.95065,-1.8195,0.93721,1.7217,0.40965,0.17584,0.75117,4.2444,-0.60519,-0.76878,-1.328,0.13873,-1.2268,0.7624,-0.81071,-0.51426,6.7616,2.5329,-1.1663,1.1499,-0.16671,-0.33865,1.0204
