-0.91856,-1.9688,1.0364,1.3902,1.1964,-1.001,2.6022,-2.2811,-2.4047,1.7919,0.23797,-5.1194,-3.5497,0.33164,-1.4106,1.0872,-4.3586,-0.51,-1.0852,-4.7301,-1.797,-0.51392,-4.3542,-2.018,-0.83282,-1.054,-0.11514,-3.1881,2.4293,-0.054681,5.0068,0.37415,-2.8483,-0.12443,1.6469,0.60019,-1.535,-4.8927,1.0016,-1.4735,0.64904,0.052822,7.9281,1.6224,2.0905,1.8047,-0.83461,-2.3184,-3.1309,0.075192,-1.2288,1.4427,4.2888,0.14149,0.96359,2.7408,-1.3565,-1.8873,-3.7899,-1.5168,-1.8051,0.65394,-2.3644,3.5099,1.7415,4.1648,1.2095,0.83486,1.167,-2.8133,1.8494,1.2839,1.8581,4.4831,0.9648,3.2708,1.6391,4.3603,-1.0851,2.2109,4.8155,1.7481,0.87224,1.0526,0.31332
0.21768,0.34767,-0.081813,0.14661,-0.17057,-0.21075,-0.25135,-0.17356,-0.013696,-0.17093,0.088779,-0.43065,0.12252,0.0095449,0.11286,0.17309,0.11291,-0.03654,-0.11621,-0.08272,-0.018066,0.0037356,-0.067148,0.17878,-0.080047,0.022523,-0.29586,-0.12658,-0.26566,0.023058,0.14495,-0.060568,-0.051454,-0.12695,-0.16934,0.10005,-0.09715,-0.10134,0.0067525,0.083474,-0.011323,-0.036273,-0.062847,0.080316,0.0019958,0.0021018,-0.15591,-0.5605,0.031573,-0.1956,0.15708,-0.022106,0.045884,-0.027527,0.16575,-0.02422,0.17693,0.2038,0.059617,-0.086307,0.071803,0.093435,0.20279,-0.025696,0.027564,0.16093,-0.0046159,0.062389,-0.097993,-0.21426,-0.014501,-0.02026,0.035509,-0.10186,0.087769,-0.015158,-0.0072226,0.027999,0.031791,0.070966,0.12685,0.17177,0.085135,-0.035592,-0.0024893
0.00092784,0.12318,0.0062781,0.018549,-0.0076138,0.031197,-0.044186,-0.0142,0.0082027,-0.02207,0.00078223,0.02014,-0.00069853,-0.003151,-0.017869,0.0069205,0.016936,0.0066199,0.0045021,-0.0134,0.0044085,-0.004457,0.0023902,0.0090986,0.0022634,0.026349,0.0071056,-0.028406,0.0082708,0.01444,0.017395,0.0043994,-0.014595,-0.013815,-0.0076159,-0.011636,-0.003273,-0.0098655,0.0034198,0.0053735,0.0010499,-0.002058,0.0087636,-0.012206,0.00027414,0.00080874,-0.012847,0.056464,0.020862,-0.0073805,0.0015021,-0.034408,-0.012607,0.0078837,-0.0069445,-0.016593,0.017145,-0.0035478,-0.010599,0.011401,0.0090694,-0.019071,0.0064082,-0.0078929,-0.011916,0.013186,-0.010841,-0.0009555,0.0051204,0.010349,-0.0041103,-0.0044965,0.013649,0.0074762,-0.00879,-0.0058923,0.00026516,-8.1056e-06,-0.012378,0.0041437,-0.006943,0.023203,0.005996,0.01193,-0.00054949
-0.0033612,-0.095403,0.056262,0.02896,0.015932,-0.030728,-0.055416,0.014042,0.086198,0.041852,0.00042096,0.026436,-0.0091632,0.00097715,-0.007635,0.011595,-0.060065,-0.0078194,0.0014403,-0.021547,-0.016438,-0.0024287,-0.020971,0.018065,0.043934,-0.0077617,-0.062431,0.017451,-0.017708,-0.0087674,-0.021992,-0.0037673,0.028154,0.0031554,-0.052141,-0.0029223,-0.0076635,0.048218,0.00028758,-0.017039,0.0075869,-0.013641,0.024409,-0.0051432,0.0012075,0.011355,0.013666,0.039391,-0.015974,0.012354,0.001771,0.011299,-0.029386,-0.030064,0.0044129,-0.025363,-0.0011911,-0.023609,0.03887,-0.0037124,0.0018761,-0.0070111,-0.0060436,0.016129,5.0925e-05,-0.015343,-0.01581,-0.0080201,-0.0094149,0.0045237,-0.00065115,0.0050355,0.0041511,-0.010218,-0.0064407,-0.011996,0.0034596,0.017622,0.012429,-0.02414,0.011604,-0.0089411,-0.022487,-0.017808,-0.0016965
-0.0074075,-0.091508,-0.02478,0.20011,0.011334,-0.021529,-0.083955,0.049741,0.0082006,0.0043311,0.0031918,-0.022245,-0.010764,-0.005375,0.0050502,0.025269,0.038328,0.017659,0.0067004,0.032741,0.0044217,-0.015063,0.0024283,-0.016058,0.0042739,0.024383,-0.053115,0.028692,0.026714,0.0021913,-0.026576,0.00063115,0.021524,-4.0421e-05,0.00080893,-0.019122,0.018201,0.03529,-0.0057057,-0.00021951,-0.00047344,-0.0030111,0.021853,-0.0022122,0.0060249,0.0029787,0.045612,-0.0514,-0.0063183,-0.015647,-0.018246,0.023039,-0.00056747,0.0049495,-0.011278,0.032316,-0.014201,0.041085,-0.037154,-0.015514,-0.021752,0.0067994,-0.0021691,0.019885,0.0087927,0.0011197,0.014732,-0.00031436,0.00086166,-0.017383,-0.017408,0.011662,0.012863,0.0039831,0.0034385,-0.0027492,-0.0066524,0.0039147,0.0007881,0.0032971,-0.0066008,0.066801,-0.0097293,-0.013734,0.00042352
0.012793,-0.13162,0.13102,0.029989,0.025719,0.042212,-0.018265,0.00055117,0.035442,0.016162,-0.021787,-0.0095265,-0.040245,0.040542,-0.054769,0.024626,0.007432,0.026991,-0.020021,-0.0089087,-0.0029961,0.036536,0.045459,-0.030792,0.01016,-0.023593,-0.025944,0.0065187,-0.0093453,0.045384,0.031709,0.0048176,-0.023258,0.010674,0.068578,-0.0050581,0.019223,-0.095272,0.032059,-0.018983,0.0032594,0.018654,-0.028779,-0.024848,0.0037714,-0.0051842,-0.012637,0.10587,0.045378,0.072636,0.0023333,-0.03232,0.084386,0.02649,-0.021758,0.039874,-0.019946,-0.023858,-0.0065638,-0.0081217,-0.0084731,0.01597,0.007104,0.0029713,0.00039506,0.0055168,0.020003,0.004014,-0.021712,0.0039105,0.00096511,0.019274,-0.0046121,0.021931,-0.0049689,-0.0054322,-0.0024236,-0.027706,-0.052889,0.028287,-0.0088092,-0.015734,0.017993,0.021446,-0.00038035
0.012456,0.0188,0.087596,-0.10633,-0.023938,0.2428,-0.078591,0.0083054,0.063048,0.089056,-0.0026705,0.080147,-0.039876,0.04214,-0.01558,-0.070915,-0.14065,0.023031,0.010537,-0.0066083,0.021825,0.010235,-0.0099541,0.038877,0.046328,0.046775,0.054864,0.040863,0.0041001,-0.012614,0.058725,-0.0079944,0.035387,0.025358,-0.027627,0.018815,0.020172,0.11703,0.031041,-0.0092251,0.014188,-0.016474,-0.00504,-0.036418,-0.0058985,-0.0024309,-0.0049221,-0.065612,-0.040629,-0.18168,-0.014389,-0.031625,-0.04931,-0.0090954,0.028296,-0.062845,0.006954,-0.065494,0.063766,0.038253,0.045713,-0.0032266,0.07878,-0.021841,0.0033347,-0.015452,-0.032563,-0.013937,-0.0060992,0.031618,0.0001537,0.017774,-0.021256,0.056148,0.01877,0.0059524,0.041654,-0.00702,-0.014714,-0.061123,-0.015187,0.027319,-0.0097022,-0.0072948,5.2395e-05
0.010753,0.0073994,0.022662,-0.037453,-0.02759,-0.015054,0.18007,-0.041098,-0.010979,0.0097846,-0.0022383,0.0022594,0.0047286,-0.00022038,0.023658,-0.013986,0.0055141,-0.010566,0.0079339,-0.0021184,-0.01768,-0.010984,-0.020763,0.016306,0.0021334,0.010694,-0.067693,-0.0085257,0.013021,-0.0021857,0.020549,-0.0024636,-0.015956,0.020972,-0.031814,0.021281,-0.0026439,0.047994,-0.012328,-0.0078503,-0.00051875,-0.013588,0.025889,-0.0047938,-0.0085176,0.001653,0.02024,0.086391,-0.014498,-0.0029902,-0.0057317,0.034678,-0.025661,0.0054549,0.030418,-0.02599,-0.045835,-0.053225,0.007225,-0.002553,-0.0080328,-0.028165,0.013441,0.0048924,-0.001166,-0.014744,-0.0051332,0.004153,0.010059,0.030227,0.00086059,-0.0009876,-0.00026737,-0.022415,0.0053215,-0.0103,0.0035341,-0.014426,-0.019713,-0.010177,-0.033227,-0.021664,-0.0023136,-0.014787,-0.002809
-0.022939,-0.45549,-0.07977,-0.14049,0.049386,-0.024946,-0.045172,0.25926,0.12542,0.14817,-0.031559,-0.046548,-0.013907,0.0030755,2.5027e-05,-0.010402,0.093775,-0.013145,0.064105,0.071071,0.05683,-0.0034258,0.064468,-0.061379,-0.011199,-0.068802,0.17444,0.077838,-0.012871,0.002597,0.022161,-0.0025345,0.0269,0.021468,0.022162,0.032377,0.07382,-0.046378,-0.035437,0.0080171,-0.012498,-0.00083911,0.15009,-0.04221,-0.011764,-0.024732,0.086796,0.015697,0.078517,0.070499,-0.020941,0.022049,0.025062,-0.022894,2.4737e-05,-0.042352,-0.020429,-0.052126,-0.008181,-0.034103,0.011347,0.071461,-0.00053246,0.037011,-0.0080239,-0.016144,-0.0091901,-0.00050023,0.028936,0.0037171,0.0080679,0.031229,-0.0066284,-0.0047657,0.021886,-0.0074943,0.030784,-0.013883,-0.10296,-0.035151,0.014849,-0.052353,0.014039,0.0034297,-0.0019807
0.011669,-0.021336,0.019198,0.036878,-0.068435,-0.05151,-0.049769,-0.0050294,0.17103,0.0079302,0.030027,0.0036442,0.013229,0.024268,0.016792,0.034738,0.0077559,0.0074241,0.053894,-0.034862,-0.0070327,-0.052921,0.010712,0.0077159,-0.021479,0.0067089,0.020593,0.05473,-0.017488,-0.019005,-0.010036,-0.004231,-0.0077462,-0.0044549,-0.020535,-0.00283,-0.01033,-0.017531,-0.0011574,0.0020774,0.0030033,0.0048724,0.032975,0.015128,-0.00034532,-0.012086,0.027969,0.0048319,0.016482,-0.034592,-0.0044997,0.032296,0.026005,-0.013823,0.020318,0.054099,0.031227,-0.035281,-0.0027995,0.0054873,-0.0048825,-0.032882,-0.0065598,0.0097745,0.0061327,-0.00034324,0.0058234,0.0070263,-0.012508,0.015337,0.00096715,-0.003506,0.021379,0.0040492,-0.013416,-0.0080211,-0.011011,0.0057106,0.044253,0.0025618,0.012207,-0.02629,-0.010104,-0.0012055,0.0017738
-0.021992,-0.028147,0.059415,-0.12031,0.05232,0.0043203,0.10425,-0.0033259,0.057099,0.15359,0.0013715,-0.020024,0.030643,-0.043839,-0.018815,0.011041,0.014636,-0.0052018,-0.007817,0.018275,0.011968,0.0094242,-0.018844,0.027967,0.015197,0.040532,0.057837,0.0083569,-0.050219,0.029193,-0.045258,-0.0079997,-0.0065369,-0.043338,-0.027607,0.023078,-0.057806,-0.10535,0.026084,0.016287,0.014387,-0.015848,0.025673,0.01102,-0.011221,0.0021502,0.039288,0.11891,0.0098561,0.14051,-0.022388,0.0017951,0.067264,0.022553,-0.065796,0.016732,0.047755,-0.038546,-0.015978,0.032541,-0.010692,-0.0066366,0.0027507,-0.008583,-0.016946,0.030724,-0.027301,-0.00026672,-0.022225,0.016465,0.018849,-0.0086408,-0.0039534,0.01349,-0.0105,0.015255,-0.021272,-0.010563,-0.035866,0.015497,0.023698,0.011943,0.0040854,0.014522,-0.00064361
-0.018037,0.2079,-0.22713,0.16968,-0.089601,-0.15468,-0.10742,0.036007,0.011644,0.25081,0.11325,0.11672,0.025,-0.079242,-0.053069,0.028132,0.12923,0.14754,0.032934,-0.009205,0.10046,-0.12546,-0.061054,0.027809,0.13094,0.0036463,-0.28706,0.19277,-0.013358,0.086301,0.024632,-0.05186,0.021524,-0.017262,-0.081791,0.10077,-0.087431,0.18385,0.091382,-0.0044215,0.0044913,0.013263,0.15351,0.088372,-0.0015871,0.011825,-0.069907,-0.27614,0.07334,-0.095483,0.038871,-0.093794,0.033332,0.032235,0.049188,0.12546,-0.05654,-0.098617,0.043635,0.0067243,0.039358,-0.056362,0.050633,-0.11897,-0.026021,-0.0092444,-0.064412,0.0073588,0.050436,0.036318,-0.042311,0.025728,-0.02888,-0.1006,-0.044719,-0.0094437,-0.073174,-0.020425,0.10778,0.074278,-0.043358,-0.061032,0.0072534,-0.018181,-0.0034978
0.016215,0.11818,0.12362,-0.11568,-0.0090571,0.039258,0.00079946,0.027187,0.087057,0.062116,-0.0087935,0.215,-0.012153,0.11121,-0.076119,-0.080211,-0.02131,-0.037878,-0.075244,0.018934,-0.025965,0.033022,0.0025128,-0.032498,0.0049057,-0.0023553,0.14002,-0.031745,-0.026735,0.024056,0.02108,-0.001812,-0.05186,0.052429,0.037406,-0.0079465,-0.035073,-0.13304,0.024083,0.040626,0.016582,0.014151,-0.0585,-0.027612,-0.011215,0.010577,-0.0078284,0.06459,0.018493,0.095822,0.0032772,-0.058823,0.021754,0.016067,0.045214,0.021781,-0.034172,-0.06876,-0.10816,-0.0011611,0.0097039,0.02167,0.002739,0.029595,0.00079289,-0.0067433,-0.0078776,-0.0062892,0.034697,-0.0037425,-0.017555,0.0030586,0.0020756,0.017271,0.0026701,-0.038491,0.0096245,0.014412,-0.068145,0.007804,-0.020485,0.04153,0.026805,0.035282,0.0017778
0.0035816,-0.13667,-0.074412,0.019178,0.047294,0.017855,-0.10567,-0.0084414,0.079298,-0.10107,-0.012953,-0.028283,0.064274,0.04368,-0.089425,-0.035611,-0.0046441,0.025525,0.045189,0.080566,-0.0089116,0.052456,-0.011604,0.002958,0.040232,0.0090532,-0.069862,-0.03645,0.05639,0.0051172,-0.0039009,-0.0038855,0.012428,0.036758,-0.13407,0.025363,0.0269,0.068438,-0.026876,-0.0053866,0.01295,0.033629,-0.017422,0.0067781,-0.0071527,0.031651,0.0034448,-0.085496,0.0009361,0.049852,-0.013232,-4.1716e-05,-0.046155,-0.014991,0.058377,-0.053811,-0.0054975,-0.029152,0.079892,-0.0058235,-0.035028,0.063013,0.001942,-0.029199,5.93e-05,0.013486,0.011564,0.022988,-0.001226,0.027712,0.011712,-0.0011097,0.0018184,-0.041272,0.020155,-0.0070952,0.032137,0.0039733,-0.086085,0.056141,0.028731,-0.0072651,-0.0056258,-0.0053471,0.0010567
0.014466,0.076467,0.10153,0.05305,-0.055123,0.00029884,0.17723,-0.095715,0.088827,-0.025687,0.0046588,-0.015278,0.078986,0.14844,0.012021,-0.057931,-0.091553,0.0052847,-0.0090464,0.028048,-0.029615,0.046016,0.014547,0.0016624,0.040673,0.014392,-0.010668,0.066157,-0.072325,0.017225,0.0299,0.029754,0.015658,-0.059338,-0.018701,-0.049387,-0.026446,-0.0076772,-0.053775,0.0021907,0.00077194,0.019708,-0.064999,0.028784,-0.01649,0.021443,-0.013816,-0.18302,-0.0036462,-0.11088,0.030818,0.0175,0.0026301,-0.011968,-0.026156,-0.05963,0.032485,0.066617,-0.077254,-0.044018,0.056451,-0.010981,0.081469,0.060885,-0.01294,-0.0011638,-0.0047243,0.012852,-0.010517,-0.077313,0.014259,0.02442,0.05031,-0.027615,0.0044983,-0.012429,-0.01443,2.3045e-05,-0.12877,-0.0025604,0.036764,0.022819,0.026319,-0.019038,0.0019209
0.0033902,0.21902,0.010905,-0.1286,-0.030674,-0.034289,-0.052216,-0.028554,-0.084201,-0.045626,0.034394,-0.025013,0.0057819,-0.050776,0.01565,-0.022254,-0.0086577,0.016206,-0.0018035,0.0012208,-0.03963,-0.063321,0.018079,-0.015232,-0.012202,-0.010014,0.048861,0.018694,-0.090314,0.011016,0.0079426,0.0084985,0.029084,-0.060403,-0.031309,0.038079,-3.0333e-05,0.045227,0.0098225,0.019144,0.011878,-0.019092,0.034849,-0.0062574,0.0092461,0.011835,0.025867,-0.0031982,0.01189,-0.059161,-0.028174,0.029173,-0.045802,0.028303,0.079251,0.070671,0.071278,0.025396,-0.0097862,0.012797,-0.020346,-0.014461,0.0095912,0.012044,0.0060993,-0.008731,0.016025,0.0059166,-0.018482,-0.02009,0.0053759,0.012328,-0.017385,-0.00044228,0.0036254,0.012259,-0.029991,0.014007,0.046677,0.04315,-0.0118,-0.01634,0.0054823,-0.037312,0.0010093
-0.070392,0.20376,-0.16501,0.092425,0.17502,-0.021072,-0.026126,-0.086789,-0.25559,0.052118,0.019664,-0.05916,-0.00051133,0.058448,-0.00063352,0.17179,-0.046151,0.050263,-0.050413,-0.04605,-0.0088999,0.011275,0.070719,0.031498,0.0055123,-0.01864,-0.16699,-0.039457,-0.047715,0.018174,0.011313,0.033294,-0.021431,-0.040552,0.10051,0.026869,-0.0087685,-0.056333,0.020909,-0.021892,-0.015553,-0.0057255,-0.11572,0.029172,0.0037073,-0.0050041,0.030855,0.11734,0.066822,-0.022905,0.0068322,-0.013682,0.016228,-0.01427,-0.0069118,-0.035721,-0.04735,-0.066898,0.020624,-0.030357,-0.055772,-0.085484,-0.015628,-0.011909,-0.015719,-0.0028557,-0.00063422,0.016996,-0.026909,-0.028986,0.070472,0.015908,0.0081105,-0.016505,0.018065,-0.0074311,-0.0074569,-0.039795,-0.027041,-0.11439,-0.013011,0.11321,0.026858,-0.0082986,-0.00082278
0.0081745,-0.1168,0.0048176,-0.090761,-0.043157,0.01949,0.031499,0.0090081,0.056681,-0.015244,0.0048158,0.0015747,0.0069742,0.012641,-0.016692,-0.010623,0.13704,0.01754,0.018839,-0.011929,-0.007848,-0.045058,0.017866,0.011685,-0.035933,-0.00019092,-0.013425,0.025462,0.027688,0.012141,0.021572,-0.004311,-0.027655,0.0029041,0.01255,0.0047319,0.031692,-0.025266,0.0091015,0.02348,-0.0069034,-0.00088047,0.028152,-0.015354,0.0027897,0.0051449,0.018993,0.034198,-0.012205,-0.05382,-0.018956,-0.018625,0.029375,0.0094816,0.042771,0.01336,0.0014804,0.034988,0.019846,-0.0012524,0.0057767,0.012737,-0.0015975,-0.0077559,-0.011833,-0.0050779,-0.019556,-0.0098969,-0.010061,-0.0056723,0.0044444,-0.0046084,0.00055806,0.021086,0.018015,0.0087864,0.0062404,0.0052706,0.064836,0.019916,0.010268,0.0018161,0.0067783,-0.023351,0.00026296
-0.0021431,-0.15715,-0.26358,0.17656,-0.0011005,0.0061829,0.02689,-0.0024018,-0.00037826,0.20285,-0.0041576,0.038631,0.14037,0.032182,0.039113,0.033052,-0.017922,0.095574,0.010214,0.025863,0.0080455,0.11693,-0.0054193,0.030241,0.067454,0.031162,0.2462,-0.078995,-0.013968,0.028367,0.049723,-0.010492,-0.024046,0.064243,0.036389,0.012186,0.047057,-0.12102,0.018632,-0.010492,0.014133,-0.0092264,-0.058794,0.023198,-0.0056631,-0.016534,0.033646,0.039508,-0.038582,0.029507,0.031861,0.061953,0.043106,0.097939,-0.061474,-0.0017183,0.045009,-0.13611,0.034772,0.041518,-0.024018,0.05657,-0.02316,-0.0093868,-0.017116,0.063211,3.6995e-05,-0.02721,0.053832,0.08818,-0.014738,0.01348,-0.071856,0.054938,-0.016026,0.0058622,0.0032648,-0.022052,-0.12913,0.022119,-0.027628,0.11846,0.014323,0.0047617,0.00065028
-0.0014927,-0.29339,0.12156,0.080133,-0.043521,-0.0063044,-0.14305,0.0063312,0.0038624,-0.0098498,-0.006281,-0.097175,0.048514,-0.014591,0.055039,0.02177,-0.086374,0.032181,0.10297,0.025011,-0.00093153,0.0068077,-0.033505,-0.018498,0.023951,-0.036987,-0.032833,-0.032658,-0.029954,-0.045311,0.015679,0.011787,-0.014839,0.043753,0.074996,0.02497,0.010249,0.091037,0.013736,-0.016877,0.0016457,-0.0027223,0.13427,0.02455,0.019457,-0.0073919,-0.012727,0.050105,-0.0082491,0.11936,-0.010946,-0.039152,0.066026,-0.024445,0.028199,0.057304,8.5504e-05,-0.020877,0.02062,0.06038,0.0068552,-0.031876,0.07336,-0.0027383,-0.0060214,-0.018079,0.0018102,0.0052388,0.036487,0.047584,-0.020932,5.588e-05,0.0038383,-0.014167,-0.01942,0.018311,-0.010115,-0.025072,0.014269,-0.031228,-0.007784,-0.036368,-0.018743,0.024099,0.0031113
0.00085593,-0.1363,0.027023,-0.1307,0.01385,-0.033879,-0.056316,0.065784,0.17503,-0.0071928,-0.012898,0.058822,-0.036152,0.096386,-0.11974,-0.044755,-0.19269,-0.040709,0.022619,0.095395,-0.00163,0.068016,-0.022816,-0.0078042,0.024919,0.014726,0.045874,-0.0047685,0.04436,0.038904,-0.082416,0.011845,0.042182,0.029384,8.5367e-05,0.067705,0.035137,0.05115,-0.036007,0.026174,0.01934,0.00028788,0.079926,-0.035386,-0.01608,0.011366,0.050535,-0.09363,-0.081522,0.0043214,-0.020763,-0.010597,-0.0058952,-0.078985,-0.051866,-0.021086,-0.00208,0.10363,-0.069714,0.0234,-0.052326,0.0099654,-0.02186,-0.008986,-0.011622,0.025661,0.026374,0.0088032,0.020921,0.012513,0.0010887,0.015737,-0.017709,0.028805,-0.0074318,0.024597,-0.015652,0.0096245,-0.0082258,-0.043835,-0.020166,-0.1097,0.0041275,0.0062716,-0.0039309
-0.053678,-0.066631,-0.01417,0.14389,-0.031409,-0.036465,0.283,0.077737,0.046113,-0.065055,0.003632,0.10129,-0.015972,-0.00064938,0.057197,-0.034438,0.00020473,0.015218,-0.00022755,-0.058961,0.20246,-0.0059179,0.053571,-0.012232,-0.044152,0.053389,0.11654,0.015947,0.014227,0.0011708,-0.080634,0.0088424,-0.034552,0.030577,0.01733,-0.035191,-0.026409,0.066938,0.047673,-0.019633,0.014917,-0.032018,0.089531,-0.0056257,-0.0019597,-0.036339,0.1095,0.015547,0.040528,-0.024433,0.03655,-0.006464,0.030439,0.093042,-0.079067,-0.069026,0.052856,0.12369,0.04867,0.0036224,0.036926,0.0048395,0.01446,0.031502,0.030168,0.083991,0.058947,0.0055897,-0.0022642,-0.055741,0.0056394,-0.032648,0.033823,0.051133,0.031554,-0.018175,-0.0039249,-0.022434,-0.0078699,-0.013059,-0.00094923,0.028915,-0.025651,-0.041277,0.0021565
0.0044426,0.039628,0.11561,-0.097034,0.11225,-0.0091107,0.14556,-0.012312,-0.014126,0.086659,0.0076386,-0.059318,0.061617,0.029316,0.16574,0.038831,-0.058478,0.064268,0.0017439,0.046344,0.014225,0.19008,0.017817,0.043701,0.11826,-0.029339,0.026008,0.0085782,0.020936,0.023406,0.017286,0.0051901,0.027835,0.025246,0.044886,-0.0029186,0.025477,0.062456,0.0051423,0.012947,0.0093049,-0.0058366,0.02099,-0.0061225,-0.014454,0.016826,-0.0055604,0.11619,0.0016014,0.05839,-0.016218,-0.068311,0.050172,-0.051256,-0.013446,-0.01956,5.8284e-05,-0.0029307,0.16798,-0.015464,-0.002274,0.035002,0.032111,-0.010853,-0.0034025,0.077675,-0.01138,-0.0014144,-0.034618,-0.050852,-0.0087175,0.020978,-0.022911,0.050587,0.031151,-0.042493,0.031325,0.0097796,-0.04802,0.0058044,-0.0017336,-0.021716,-0.0019304,0.0295,-0.00071236
-0.0037822,-0.20017,-0.20048,0.1108,0.026964,-0.058597,-0.1052,-0.053959,-0.10101,-0.077061,-0.02092,-0.08201,-0.019367,-0.022796,0.19216,0.068115,0.20336,-0.085448,-0.061369,-0.1435,0.080719,0.052993,0.12027,0.0031743,-0.055077,-0.04891,-0.23721,-0.062051,-0.01509,-0.079506,0.0017591,0.037326,-0.044988,0.021944,0.073995,-0.024648,-0.018668,-0.12561,-0.042709,-0.013924,0.019223,0.045498,-0.042909,0.016919,0.00051996,0.01802,-0.059926,0.12472,0.10718,0.22115,-0.066153,-0.011064,-0.040956,0.21656,-0.073436,-0.064322,0.012374,0.13006,-0.099656,0.003042,0.019839,0.041508,0.0047322,0.075041,0.018703,-0.026338,0.0074298,-0.024463,-0.0049896,-0.032577,0.052675,0.014732,0.0031886,-0.038202,-0.0014329,-0.056421,-0.014372,0.0064785,-0.015425,-0.029409,-0.040754,-0.079938,0.057209,-0.0048933,-0.00025299
0.028207,-0.012487,0.163,0.037166,-0.09709,0.11953,-0.074151,0.027134,-0.20919,0.094153,0.062796,-0.031826,-0.052648,0.0057646,0.19436,0.076305,-0.33385,0.027527,0.00057625,-0.02041,0.063183,0.079832,-0.054773,0.11846,0.02266,-0.040665,-0.08365,-0.085729,0.020265,0.01621,0.11717,-0.0051015,-0.00050331,0.05097,0.1251,-0.064633,-0.084278,0.2945,-0.023684,0.04758,-0.011976,-0.036065,0.09137,0.062805,-0.0042417,-0.071377,0.027619,0.18988,-0.0096882,-0.032139,0.055287,-0.089501,-0.021149,-0.053697,-0.048978,0.12438,-0.0011769,-0.11799,0.13425,0.013554,-0.018325,0.018266,0.13789,0.050361,0.011979,0.055651,-0.04693,0.033003,0.027211,-0.0052723,-0.040563,-0.029882,-0.033481,0.015592,-0.044255,-0.015581,0.033862,-0.018168,0.035263,-0.014192,-0.084535,-0.02095,0.0068487,-0.0012125,-0.0025126
0.023217,0.15552,0.18438,0.10831,0.16325,-0.091754,-0.013864,-0.024048,0.18557,-0.037632,-0.008167,-0.03893,-0.033504,-0.0035272,0.18984,0.092978,0.040801,-0.0054572,-0.11964,-0.070895,-0.035249,0.070704,0.031257,-0.084808,0.16211,-0.00018234,-0.2011,0.073328,-0.012103,0.0099258,-0.0080065,0.037,0.048303,0.024982,0.082671,0.024126,0.025997,-0.17317,0.0022692,-0.028126,0.025139,-0.0017857,-0.042416,-0.0039635,0.029426,0.04484,-0.024269,-0.080706,-0.013782,-0.087645,-0.040315,0.032623,-0.039458,0.085996,0.0023485,0.13148,-0.01342,-0.16029,0.13974,0.011258,-0.046275,-0.012946,0.079008,0.0069358,0.00054189,0.010653,-0.031671,0.00551,-0.032943,0.021537,0.024336,0.0016181,-0.0045808,0.06443,-0.036605,0.040156,-0.029894,0.062498,-0.054589,0.053556,-0.031897,-0.10701,0.029148,0.049603,0.008556
-0.019589,0.019158,-0.024807,0.22706,-0.068058,0.047908,0.18952,0.075896,-0.10801,-0.010057,-0.029453,-0.057987,0.012331,-0.018214,0.024446,-0.028077,0.078046,-0.05967,-0.056501,0.068556,0.044106,0.013121,-0.039116,-0.0056536,-0.017752,0.2417,-0.014021,-0.038673,0.011691,0.043257,-0.041279,0.011694,-0.028537,0.065303,0.065758,0.017752,-0.046496,0.10409,0.025838,0.018318,-0.003216,-0.005775,0.039942,-0.062612,0.0025008,0.006012,0.095557,0.072417,0.072116,0.070693,-0.039021,0.0017161,-0.09339,-0.03469,0.031553,0.043691,0.001677,-0.18926,0.01458,-0.0097204,-0.0023284,-0.054692,0.01162,-0.0036294,0.010892,0.027878,0.005973,0.021752,-0.020309,-0.020345,-0.022928,-0.005541,0.022015,0.053179,0.004794,0.0048509,0.041606,-0.0031351,-0.14671,0.036591,0.00084631,-0.013356,0.0030867,0.00014526,-5.6947e-05
0.0011035,0.060341,-0.037255,-0.0017181,-0.032607,-0.015152,-0.066527,-0.008118,0.071329,0.044338,0.015578,-0.014122,0.038652,0.035627,-0.025044,0.0044877,0.009585,0.009798,0.016815,0.00011177,0.011648,0.022876,0.0082658,0.032897,0.0030876,0.0054492,0.094917,-0.015641,0.019036,0.012977,0.0087048,-0.0016594,-0.0063403,0.0094545,0.0014694,-0.015684,-0.0074502,0.037035,-0.010833,-0.026878,-0.0043182,0.0070254,0.054718,-0.0017721,-0.0046684,-0.0064703,-0.0081185,0.04787,0.0058082,0.070128,-0.011452,0.0027808,-0.0047555,0.0076309,-0.0094024,-0.002869,0.0089301,-0.0089052,0.023971,-0.0038455,0.01379,0.0056657,0.0089896,0.014465,-0.00026787,-0.00076408,-0.0042548,-0.012234,-0.0071397,0.016333,0.00079783,-0.010591,0.0011209,0.022999,-0.01043,0.00031675,-0.009167,0.0078216,0.014088,0.020424,0.011308,-0.0019457,0.00032675,0.0077523,0.0002344
-0.015359,0.070597,0.010877,-0.23691,-0.058642,0.076543,0.17661,0.040592,0.083155,-0.042708,0.026716,-0.014148,-0.046742,-0.082072,0.12832,0.0015405,0.05421,-0.078383,-0.042201,-0.019629,0.0091258,-0.016812,0.0027385,-0.07249,-0.010657,0.083842,-0.058836,0.22531,-0.041567,-0.052263,0.052431,0.012304,0.0037506,0.003434,-0.00098636,-0.016857,-0.026301,0.032603,0.0052792,-0.0086739,0.032464,0.0031967,0.073791,-0.070447,-0.0029885,0.026746,0.017838,-0.25752,0.007091,-0.093955,0.012603,0.016638,-0.018674,0.11128,0.068384,0.021155,-0.0068008,-0.10574,-0.058542,0.012778,-0.0093596,-0.028406,-0.037018,0.0032329,-0.0049166,0.0016719,-0.0019454,0.0057297,-0.0033243,0.090195,0.02185,0.015608,-0.010389,-0.010725,0.028166,-0.0027739,-0.0062181,0.031843,0.11366,-0.054747,-0.0049768,-0.028593,0.0053151,0.016014,0.0014281
0.015543,-0.16614,0.057393,0.039585,-0.0082364,0.10279,-0.052165,0.074648,0.011546,-0.11178,0.0022071,0.095038,-0.1021,0.03808,0.050871,-0.069619,0.065288,0.058967,-0.070345,0.0059966,0.10979,0.05137,0.041151,0.014949,0.0073109,-0.039157,0.030616,0.11526,0.17528,0.023776,0.0095392,0.017391,-0.067076,-0.027814,-0.12797,-0.080522,-0.017548,0.070054,0.0041948,-0.046153,-0.01326,0.014269,-0.058575,-0.033165,-0.0095591,-0.05586,0.049899,-0.082077,-0.026039,0.061886,0.026039,0.0079435,0.058374,-0.014103,0.063677,0.053135,-0.034523,-0.086448,2.9813e-06,0.0026158,-0.00078559,0.0048584,0.068674,0.028592,0.0077174,-0.01249,0.013587,0.020807,0.018696,0.019618,0.03407,-0.026935,-0.035363,0.075705,0.026812,0.0081466,-0.017377,-0.024391,0.063819,-0.071079,-0.038891,-0.040907,-0.019301,0.012467,-0.00095133
0.023466,0.30294,-0.16199,0.20438,0.051649,0.13268,-0.018225,0.027313,0.28212,0.07582,-0.0097748,0.18607,-0.066251,0.071535,0.068906,-0.048559,0.093079,0.00209,-0.03086,0.1052,0.053909,0.012394,-0.014949,0.0011345,0.055544,-0.13194,0.13319,0.12381,0.13483,0.23773,0.018421,-0.0085336,-0.022207,-0.039288,-0.0054675,0.07475,-0.07129,0.061213,0.080077,0.11943,-0.0030291,0.0056839,-0.14691,-0.00020572,-0.026555,-0.010408,0.011026,0.142,0.015722,0.049588,-0.0090105,0.066796,0.097581,-0.14476,-0.064586,-0.035821,0.030466,-0.0006574,-0.14116,-0.0066816,-0.040702,0.018443,0.1757,-0.014889,0.0031824,0.0057743,-0.036025,-0.042142,0.056148,0.044823,-0.00018353,0.018083,0.0060056,0.093043,0.014351,-0.00037169,-0.013913,-0.010061,0.15217,0.008821,0.067452,-0.035918,0.011922,0.012702,0.0041228
0.049397,0.015298,-0.002129,-0.020807,0.07615,0.019433,-0.019623,0.021025,0.019334,-0.046298,0.0072115,-0.0035192,0.088907,0.073681,-0.11737,-0.04353,-0.17806,0.027618,-0.036269,0.01805,0.0075419,-0.032917,-0.026472,-0.0074131,-0.047726,-0.018478,0.092067,-0.026013,-0.041774,0.020102,0.1896,0.01165,0.07723,-0.045803,-0.038659,0.040412,0.021704,0.050998,0.019785,-0.040411,-0.019386,0.017605,0.16245,0.011008,0.00074537,0.023,-0.032991,-0.022489,0.023979,0.027638,0.021257,-0.028059,-0.029626,0.0096482,-0.011475,0.00089212,0.0070374,0.0018368,-0.024563,-0.022209,0.071598,-0.027263,-0.026585,0.01215,-0.0017754,-0.019394,-0.021318,-0.020779,-0.02002,-0.035793,0.029462,0.022932,-0.0056863,-0.028674,0.015237,0.0047531,-0.0095515,-0.00021281,0.0019124,-0.0041012,0.058773,0.042693,0.010788,-0.053375,0.0035537
-0.02867,0.11786,0.24821,0.039641,0.12559,-0.10224,0.22782,0.084705,0.15537,0.3432,-0.0062149,0.34974,-0.049963,0.024968,-0.029769,0.14314,0.27985,-0.061857,-0.23336,-0.067677,0.20299,0.054876,0.051078,-0.09492,-0.094623,-0.094671,-0.27082,0.097849,0.11245,0.11367,-0.036795,0.24415,0.15554,-0.020887,-0.032533,-0.07632,0.31037,0.35284,0.035937,-0.011436,-0.046475,0.055432,0.19601,0.071531,0.015611,-0.010713,0.19626,0.028804,0.11363,-0.011798,0.076886,0.041705,0.20321,0.20047,-0.037039,-0.0081938,0.066615,0.20831,0.44859,0.087584,0.054749,-0.10558,-0.10327,0.14829,-0.054973,-0.01328,0.028175,0.020576,-0.072706,0.10022,0.050958,-0.076553,0.068006,0.16086,0.047996,-0.0024089,0.029095,0.040812,0.31098,-0.23937,0.028255,-0.19392,-0.049,-0.17124,0.003142
0.012909,0.045104,-0.071555,-0.077573,-0.042167,-0.14234,0.069199,0.04292,-0.052576,-0.011694,-0.02199,0.12633,0.077353,0.088455,-0.13629,0.013414,0.0009319,-0.04608,-0.12131,-0.025866,-0.028797,0.12404,0.083439,-0.039648,0.01605,-0.056162,0.10679,0.065909,0.047215,0.011024,0.0014455,0.036193,0.02447,-0.080059,0.018712,-0.063244,0.03459,-0.022069,-0.068162,-0.085515,-0.00076455,0.02083,0.08722,-0.051277,0.016478,-0.013323,-0.05633,0.072353,-0.04782,0.017829,0.011212,0.0072437,-0.055286,0.043454,0.0020684,0.042488,-0.015234,-0.038748,-0.064577,-0.015477,0.090436,-0.02185,-0.038977,0.0079685,-0.0037502,0.0056625,-0.00033458,0.011887,-0.0090292,-0.074538,0.034216,-0.0095898,-0.026186,-0.0025948,-0.0096692,0.016359,0.022043,0.043626,-0.022408,-0.076498,0.038122,0.083172,0.045689,0.036641,-0.0052834
-0.017328,-0.085508,0.041903,0.094957,0.081514,0.01718,0.043153,0.099199,-0.060165,-0.012919,-0.016208,0.10161,-0.1123,-0.0033961,-0.041017,-0.030341,-0.18532,0.017843,0.067799,0.010328,0.027172,-0.0099004,-0.048572,-0.027981,-0.013513,0.025206,0.00043092,-0.096037,0.014011,-0.029261,0.020725,0.018048,-0.0021934,0.20127,0.14394,0.033933,-0.011144,0.16073,0.038082,0.064007,-0.0010909,-0.029647,-0.022217,-0.013075,-0.01649,-0.026191,0.0021805,0.14512,-0.034997,-0.010154,0.017983,0.019917,0.073039,-0.046761,-0.0064706,-0.018442,-0.0042257,-0.040923,-0.11271,0.0052412,-0.084272,0.014962,0.01009,0.0094255,0.04905,-0.036619,0.048067,0.017054,-0.002326,0.0020807,-0.019587,-0.014479,0.0011546,0.038856,-0.012751,-0.040442,0.0096661,-0.014974,-0.027707,-0.051908,-0.057173,0.071302,-0.0050939,0.0036519,-0.0029777
0.0079464,-0.030439,-0.082396,-0.13654,-0.019746,-0.046127,0.15852,-0.025045,0.027943,-0.11137,-0.013363,-0.0004957,-0.0017843,0.058954,-0.062189,-0.00681,0.053276,0.012288,-0.026532,-0.036716,0.010476,-0.031833,0.0049837,-0.02379,0.019412,-0.0082706,0.0044861,0.0035103,0.044865,-0.017188,0.010349,0.012363,0.056233,-0.022255,0.17163,-0.032102,0.017945,-0.0084348,0.044663,-0.0071919,-0.01364,-0.004169,0.0020678,-0.0087969,0.0053084,0.0194,0.061737,0.11758,-0.017323,-0.061575,0.0062276,0.040107,0.10108,-0.011878,0.0080765,-0.031691,0.0097251,0.066463,0.052078,-0.0070009,0.045739,-0.001492,-0.10664,-0.041568,-0.01109,0.017685,-0.0089431,-0.020636,-0.029977,-0.005338,-0.0022943,-0.0014809,0.0072845,0.030628,0.0026072,-0.0020069,0.0025372,0.018423,0.069559,-0.025882,-0.014412,0.022117,0.0031877,-0.0091515,-0.00016337
0.0021868,-0.040468,-0.19415,0.034811,0.00084429,0.11584,-0.17165,-0.044176,-0.06383,-0.052995,-0.06003,-0.15829,0.013574,-0.10557,0.0075041,-0.014263,-0.07479,-0.03128,0.10926,0.094275,0.015537,0.0065094,-0.0077395,-0.014452,-0.063814,0.03212,0.0031961,-0.0424,-0.076137,-0.061908,-0.01789,0.023866,0.034833,0.050579,0.054915,0.1399,-0.034768,0.11441,-0.020945,0.020195,-0.012509,-0.0023004,-0.065387,0.010405,0.0026275,0.0053546,0.039382,-0.17541,1.2298e-05,-0.065856,-0.026858,-0.0033957,0.066756,0.027364,0.0043207,-0.032656,0.059179,-0.10933,-0.13202,-0.027524,0.0086469,0.065209,-0.018576,-0.018871,0.0025247,-0.019026,-0.034428,0.022471,0.0091486,-0.0076327,-0.028082,-0.0064868,-0.0060985,0.020062,0.027622,0.0074212,0.014934,-0.042459,-0.13156,-0.10758,0.033682,0.021382,-0.014424,0.0076981,-0.0017767
0.031387,0.037945,-0.20953,-0.039197,-0.073868,0.096711,0.15007,-0.023651,0.10333,0.03576,0.0023861,-0.024883,0.16773,0.050182,0.02841,0.010883,0.073368,0.036177,-0.046283,0.021252,-0.09175,0.13642,-0.05167,0.085728,-0.092832,0.038072,0.21283,-0.021007,0.061998,0.029008,0.060234,-0.02548,-0.031842,0.041682,-0.104,-0.031514,0.15735,-0.0084025,-0.077685,0.011261,0.016905,-0.012396,0.14846,0.0048898,0.0045652,-0.00051773,-0.0033407,0.33578,-0.065676,0.1493,-0.034249,0.083485,-0.17635,0.012766,-0.012742,-0.046086,-0.056953,-0.045276,0.087007,-0.00085185,0.025746,-0.070738,0.077208,-0.0059904,-0.00085646,0.002918,-0.016128,-0.0019374,0.012558,-0.06643,0.026117,0.0081114,-0.00057588,0.023016,0.023591,-0.046766,0.020158,-0.0053215,0.016475,-0.0087708,0.098512,0.10045,0.0065832,-0.02751,-0.003809
-0.011826,-0.025753,-0.019719,0.016471,-0.0097339,-0.031915,0.0043192,0.036602,-0.047686,0.044824,0.013098,0.0461,-0.0044919,-0.010819,0.024732,0.014725,-0.10224,0.05021,0.01977,0.0026312,0.017561,0.016143,-0.012208,0.020851,0.0079233,-0.024809,0.027255,-0.0048343,0.011154,0.001482,0.026777,0.014735,0.020355,0.008708,-0.070484,0.0071295,-0.015113,0.10346,-0.014999,-0.0054068,0.0016028,0.0049093,0.010172,0.0049581,-0.0022116,-0.0041559,-0.00023637,-0.0345,-0.029538,-0.012235,-0.00047685,0.0089412,0.011811,-0.0058934,-0.012549,0.0038401,0.0072554,-0.028969,-0.054272,0.013288,0.025638,-0.0084742,0.017145,0.011917,-0.0063041,0.003561,-0.0089345,0.0010794,0.0082273,-0.016148,0.0050206,0.0050936,0.0075468,0.013052,-0.0087141,-0.002739,-0.0079873,-0.00088236,-0.032492,-0.019645,0.0014587,0.0048508,-0.0045595,-0.013552,0.00051629
0.012934,-0.044959,-0.25299,0.22539,0.24649,-0.099811,-0.026323,-0.025758,-0.023429,-0.037377,-0.073698,0.2061,0.00035579,0.045871,-0.072639,-0.13372,0.20401,0.043994,0.06384,0.031918,0.044701,0.064674,0.020429,-0.011443,0.15878,-0.087324,-0.1522,0.017212,0.11715,0.076551,0.047615,0.023824,0.013329,0.051931,0.1347,0.058239,0.0044145,-0.257,0.053631,-0.066843,-0.017101,0.024334,-0.16459,-0.07812,0.025121,-0.042202,-0.17933,0.14638,0.050193,-0.14994,-0.048562,-0.11482,0.21045,0.1066,0.036793,-0.063223,-0.070557,-0.13808,0.15183,0.0054905,0.072198,0.061952,0.12727,0.039332,-0.015064,0.0047825,-0.0049073,-0.041835,0.035927,-0.052314,0.003598,-0.048667,-0.013154,0.12702,-0.016625,0.01924,-0.010639,0.0066538,-0.026687,-0.1478,-0.026217,0.13039,0.064263,-0.050503,-0.0021527
0.0043204,-0.022139,0.069649,-0.58801,0.004292,-0.10819,-0.016049,0.12247,0.00053425,0.024066,-0.030648,0.049986,0.042478,0.0058333,0.012257,-0.022094,-0.026668,0.095578,0.17671,0.052249,0.0013269,0.041831,-0.030598,0.035798,0.028394,-0.0021822,-0.013393,-0.017659,0.0016901,-0.0014708,0.038867,-0.0099648,0.0049771,0.044409,-0.060662,0.023971,0.014631,-0.027047,0.1231,0.1072,0.032629,-0.018847,0.070543,-0.0044415,-0.024473,0.013354,0.078698,0.016471,0.042685,-0.061129,-0.056588,-0.041848,-0.069816,-0.015202,0.1111,-0.057701,0.012315,-0.067107,-0.098423,-0.011911,-0.0075335,-0.017746,-0.099577,-0.014324,-0.066064,-0.0070762,0.019274,-0.023411,0.023743,0.018762,0.038023,-0.031579,0.034537,-0.0053726,0.0035152,0.0095228,0.017455,0.0054459,0.060422,-0.047776,-0.0018823,-0.0056637,0.020696,-0.063195,-0.005562
2.3089e-05,0.20415,0.021647,-0.33821,0.028753,0.022294,-0.37634,0.069054,-0.64897,0.020667,-0.10776,-0.25552,0.061989,-0.02383,-0.022652,0.045299,-0.39743,0.23492,-0.0070911,0.13232,-0.25872,0.25315,0.13358,-0.039785,0.085858,0.25036,0.38052,-0.064509,0.028552,-0.045894,0.012696,-0.05735,-0.10898,0.014884,-0.3914,-0.040137,-0.0002495,0.054128,0.038528,0.38868,0.18606,0.01844,-0.027292,-0.017411,0.034249,0.18464,0.18957,-0.002182,0.15397,0.034336,0.12539,0.12343,-0.42498,0.043278,0.094656,-0.027787,-0.063391,-0.37549,0.15968,0.081481,-0.24083,0.094045,0.22071,-0.040441,-0.046106,-0.036057,-0.085883,-0.010245,-0.053393,-0.020715,0.14792,-0.048879,0.003335,0.14842,-0.017142,-0.040649,-0.076416,0.062033,-0.34231,0.070812,0.1672,-0.02875,0.029075,0.10669,-0.014771
0.0068453,-0.35149,0.15494,0.43334,0.13929,0.18236,-0.064763,0.015603,-0.25726,0.096845,-0.00076846,-0.13555,-0.026222,0.43741,-0.28099,-0.15751,-0.46968,0.026424,0.092262,0.30503,0.11135,0.039757,0.083964,0.02074,-0.042286,0.088511,0.73676,-0.32277,-0.073447,0.060576,0.14208,0.16465,-0.021288,0.041919,0.020903,0.042656,0.25405,0.12614,-0.0061883,0.062498,0.080824,0.16274,-0.34295,0.062461,-0.018573,0.020254,-0.15289,-0.33946,-0.12042,0.11609,-0.039505,-0.037737,0.46687,-0.17564,-0.43819,0.020438,0.14004,0.57597,-0.15925,0.026806,-0.020117,0.17689,0.035325,0.19968,0.058023,-0.017037,0.040261,0.071594,-0.031849,0.036577,-0.059706,0.13638,-0.049574,-0.14504,-0.00032295,-0.07004,-0.0083423,-0.12805,-0.049421,0.19142,0.0392,-0.29135,0.085879,0.021965,0.0028603
-0.019371,-0.021995,-0.14552,8.9708e-05,-0.0057755,0.0028834,-0.0024245,0.026992,-0.0076366,-0.0051736,-0.0033966,0.035235,-0.058242,-0.0022595,-0.046577,0.0049046,-0.03434,0.00042196,0.018133,-0.013407,-0.003931,-0.046533,-0.0036291,-0.026538,-0.027322,-0.021085,0.059438,-0.022431,-0.017562,0.0035494,0.017453,-0.011976,-0.018631,0.060537,0.055268,0.01586,0.00073045,-0.062553,-0.028714,-0.0016234,0.003623,-0.0061995,0.01833,-0.0064877,0.003373,0.01529,-0.076802,-0.025879,0.0065463,0.0063417,0.026132,-0.043319,-0.000833,0.0080701,-0.017177,-0.027417,-0.00025892,-0.07309,-0.010305,0.015583,0.00060838,0.0066123,0.028255,-0.011313,0.0086531,-0.0006166,0.012799,-0.012846,0.020241,-0.044359,0.0066705,0.012884,-0.0052258,-0.046828,0.00054768,-0.023437,0.0011453,-0.01615,-0.015528,0.028501,0.021466,-0.0016815,0.0084758,0.013463,-0.0016135
0.01294,-0.088763,-0.43743,0.083391,-0.022198,-0.13086,0.151,-0.09985,-0.087946,-0.046764,-0.01569,0.1891,0.04076,0.025885,-0.24431,0.080972,-0.068297,0.10639,0.088053,-0.0042834,0.0020866,-0.087825,0.031409,0.043734,0.083039,-0.057938,-0.23899,0.13045,0.17735,-0.049118,-0.071363,-0.031623,0.10736,0.038302,-0.16202,0.076958,-0.077053,-0.030527,0.010486,-0.1203,0.037858,-0.004582,0.11375,0.17431,-0.01252,-0.024975,-0.045339,-0.034848,-0.10929,-0.23767,0.03892,-0.016028,0.025619,0.043439,0.17985,0.11051,-0.017841,-0.16979,-0.054481,0.037743,0.053471,-0.0946,0.14093,0.0073077,0.025163,-0.045587,0.057325,-0.011162,0.027492,0.024738,0.052042,-0.034684,-0.019122,-0.067638,-0.012901,0.0057669,0.0097196,-0.071297,-0.044072,0.0057305,-0.032473,0.045895,-0.0087926,0.011345,-0.0027867
-0.027242,0.048946,-0.10694,0.12911,0.002071,-0.30564,0.21263,0.029424,-0.41963,-0.41428,0.12344,-0.021573,0.14348,0.055607,0.089276,-0.043577,0.53568,0.11034,-0.065909,-0.063828,-0.10755,0.0025974,-0.31242,-0.10856,-0.0044571,0.040747,-0.38128,-0.4001,-0.1103,0.11898,-0.080917,-0.027095,0.023847,-0.1429,-0.022392,-0.16723,0.082489,-0.40342,-0.0081303,0.1544,-0.054131,0.063826,-0.41865,0.069613,0.11772,0.0076601,0.0061805,0.24314,0.19137,0.2187,-0.003257,0.044176,-0.12149,-0.35426,0.040887,-0.023306,-0.035745,0.23337,0.13844,0.025071,0.14719,0.17662,0.024202,-0.076182,-0.011131,0.18496,0.14285,0.033623,-0.022039,0.11822,0.029656,0.1355,0.035757,-0.0010784,0.043051,-0.084087,0.012477,0.086939,0.19636,0.23447,0.22176,0.13954,0.022114,0.048594,-0.0045414
0.0015326,0.29846,0.12987,-0.078465,-0.071295,0.0090355,0.33174,-0.055063,-0.12125,-0.15318,-0.04512,0.07552,0.035095,-0.17516,0.052633,-0.13086,-0.35818,-0.05854,0.012071,-0.010685,-0.15127,0.18328,-0.058251,0.10466,-8.8631e-05,-0.090946,-0.34595,-0.059217,0.084646,0.068579,0.076697,-0.023608,0.0045765,0.13952,0.020767,-0.00019682,-0.025098,0.14075,0.0092684,0.011727,-0.0064326,-0.020171,0.19501,0.044802,-0.01321,0.11891,-0.21405,0.21627,-0.09903,0.052614,0.054431,0.015251,-0.28671,-0.061862,0.089766,0.013813,-0.013997,-0.044843,-0.25852,0.014302,0.0089662,0.074296,-0.16718,0.016092,0.021216,0.01021,0.014629,-0.10201,0.049008,-0.012565,-0.0067357,-0.022357,0.0027236,0.10139,-0.040101,0.027869,0.022956,0.057359,-0.023171,-0.023728,-0.033394,0.093568,-0.049557,0.027695,-0.0056627
-0.0060535,0.030023,-0.041907,-0.20688,-0.07006,0.15858,0.014146,-0.015617,-0.088831,-0.063574,-0.046044,-0.045477,0.088341,0.028572,-0.010963,-0.019383,-0.13795,-0.043055,-0.056218,-0.013992,-0.012444,0.054159,-0.010042,0.015387,0.019735,0.054569,-0.011093,0.05335,0.010283,-0.027128,0.019328,-0.0087518,-0.027543,0.010516,-0.047169,0.040027,0.020582,-0.059999,-0.031647,-0.015423,0.011437,-0.010307,-0.034492,-0.013448,-0.0080665,0.0033286,0.17919,0.017564,0.0099812,0.0085923,0.05111,0.12093,-0.076278,-0.019191,-0.012487,-0.044379,0.028653,-0.093074,-0.064245,-0.013046,-0.019249,-0.036803,-0.025144,-0.0021952,0.0086914,-0.019456,-0.034904,-0.003802,0.02479,-0.014651,0.012536,-0.016243,-0.00088527,0.030264,0.017856,-0.0058493,0.014709,0.012763,-0.039375,0.034821,0.048481,0.08841,-0.00014802,-0.0095457,-0.0014266
0.0015758,0.019011,-0.037884,-0.1084,0.0067258,0.0014909,-0.0019392,0.018941,0.025711,-0.045496,-0.0056212,-0.045891,0.008067,-0.0040814,0.026872,-0.0027114,0.014895,0.004885,0.027967,0.0044368,-0.03436,0.0080175,-0.0080101,0.035571,0.023542,-0.0059299,-0.0082547,0.0094816,0.012169,-0.013185,0.033396,-0.00048612,0.0031178,-0.021484,-0.030697,-0.041106,0.0062737,-0.012258,-0.017534,0.00066919,-0.00094699,-0.0012899,0.00051293,-0.0091472,-0.0013867,-0.0081349,-0.0060939,0.087172,-0.001539,0.073264,-0.0056763,-0.0037826,0.014314,-0.018474,0.052402,0.025113,0.010714,-0.0031023,0.036845,0.0034579,-0.010117,-0.033938,0.020211,0.0033112,-0.0068077,0.0045797,-0.011064,-0.0082584,0.0021744,0.0080293,-0.0011067,5.0305e-05,-0.0026255,-0.011677,-0.0044271,-0.0012907,0.0047576,0.0068329,0.0093686,0.0024658,-0.0073571,0.037042,0.0033138,-0.00083976,-0.0010215
-0.0014929,0.14554,0.041395,0.17018,0.19178,0.042785,0.0081721,0.035011,-0.2652,-0.068719,-0.031234,0.00039255,-0.014742,-0.02191,-0.06004,0.042184,0.23601,0.0031559,-0.066451,-0.027637,-0.065157,0.037367,0.017877,-0.010332,-0.057132,-0.049041,0.015729,-0.027956,-0.032446,0.0055669,-0.035012,-0.020773,-0.0038915,-0.056647,0.073966,0.062615,0.021813,-0.086472,-0.00089488,-0.028046,0.0042446,0.0029696,-0.081649,-0.05007,0.037753,0.013177,-0.051147,0.024154,0.11268,0.10921,-0.033036,-0.053211,-0.076948,-0.0019765,-0.004616,-0.088148,-0.040389,0.022229,-0.00027437,0.0090346,0.0045395,-0.023971,0.033074,0.0041208,-0.00022511,0.031993,0.0022873,0.018173,-0.038495,0.019721,-0.0081915,0.019658,0.0037653,-0.036226,0.017196,0.010677,0.01615,0.0013951,0.021742,0.10511,0.033055,0.0035833,0.0094738,0.0025522,-0.0026463
-0.0015039,-0.027081,0.070467,0.0084445,0.074514,-0.0056919,0.0061153,0.026282,-0.0098648,-0.0048664,0.0088238,-0.0044963,-0.028705,0.010618,-0.034467,0.01553,0.031475,-0.00056472,0.023942,0.033689,-0.017771,0.0029272,0.0089879,-0.0013578,0.02662,-0.012505,0.057637,-0.012654,-0.00090773,0.00787,-0.028113,-0.00058374,-0.0046728,-0.015041,-0.038014,0.0068502,0.014989,-0.085817,-0.0058262,-0.041857,-0.013329,0.011111,-0.018736,-0.0015903,-0.008235,-0.014862,0.027426,-0.039793,0.012514,0.15353,-0.013412,-0.02126,0.0075034,-0.018777,-0.022553,0.0073847,0.022169,-0.049568,0.004993,0.00055168,-0.030377,0.017288,-0.0029594,0.0055942,0.0079431,0.011794,0.0043009,-0.0094899,-0.0047815,-0.016179,-0.032033,0.012072,0.012386,-0.0009865,0.02388,-0.0075783,-0.023953,0.0026223,0.021992,0.050321,0.0010189,-0.035251,0.0088793,0.012067,0.00062353
0.041345,0.097429,0.16678,-0.16572,0.039015,-0.057685,0.01266,-0.079991,-0.14962,-8.4084e-05,0.014042,-0.01527,-0.080703,-0.10055,0.10723,0.12102,-0.23937,0.061794,0.028896,-0.0059799,0.13244,-0.042569,0.060317,0.022527,-0.10215,0.12795,0.0094678,-0.12286,0.014119,-0.027371,-0.092884,-0.049398,-0.053658,-0.0041274,0.078712,-0.078005,-0.055779,0.059852,0.087078,-0.03647,0.027116,-0.053162,0.13137,-0.013533,0.01659,0.016979,0.1894,-0.049579,-0.015106,0.33384,0.18607,0.082998,-0.071779,-0.13495,0.0079473,-0.093958,-0.046922,-0.032549,0.055554,0.014261,0.0038361,-0.077085,-0.060685,-0.019814,0.017984,0.037878,0.079241,-0.019339,-0.017605,-0.16009,-0.0049549,0.01259,0.018182,-0.12075,-0.0029403,0.0025804,-0.015665,0.036347,-0.0071956,0.02341,-0.081625,0.04886,-0.042778,0.012924,-0.0025239
0.073081,0.45734,-0.23537,-0.39023,-0.065757,0.077594,-0.045064,-0.060145,-0.1515,-0.044273,-0.02589,-0.018526,0.026872,-0.031601,-0.058547,-0.044612,-0.24547,0.087121,-0.15971,-0.033931,-0.16308,0.013498,-0.023847,0.041232,0.00019861,0.059513,0.28886,0.083853,0.090645,0.072458,0.088063,0.0036735,0.0083337,0.075968,-0.079478,-0.057879,0.086839,0.02127,-0.039719,0.018867,0.043867,0.0056241,-0.023762,-0.062216,0.0013284,0.029771,0.042245,-0.2393,0.060667,-0.27719,0.053007,0.22759,-0.10675,-0.1318,0.0045784,-0.033969,-0.072201,-0.072674,-0.063815,-0.01514,0.0026346,-0.015192,0.013129,-0.011657,0.00033894,-0.12707,-0.014372,-0.0075969,0.013145,-0.07374,0.041029,-0.0076055,0.0070186,0.073145,-0.038582,0.022109,0.030109,0.023787,-0.017624,-0.00033097,-0.0067934,0.058948,0.076514,-0.029187,0.002031
0.01828,-0.060303,-0.023887,-0.09943,0.096104,0.0080801,0.1868,-0.0025358,-0.038911,0.047206,-0.021218,-0.081053,-0.022602,0.045172,-0.013537,-0.0033152,0.056636,-0.022148,0.00888,0.032278,0.048691,-0.037138,0.025145,-0.043222,0.0021831,0.021557,-0.018974,0.044339,0.023519,-0.013429,0.021429,0.017934,0.031608,-0.059066,-0.010813,-0.021116,0.0022728,-0.031477,-0.0054795,0.016416,0.012805,0.0028475,-0.034202,-0.0086614,0.0059891,-0.012504,0.02711,0.014379,0.052654,-0.12659,0.015581,-0.018243,0.12983,0.011988,-0.037971,-0.0094712,0.029719,0.073759,0.083013,-0.002215,0.0084547,-0.022314,0.024438,0.0082828,-0.00015415,-0.0073206,0.0074351,0.0055108,-0.020893,0.038622,0.015908,-0.0053655,0.022617,0.025578,-0.0075175,0.0037162,-0.013883,-0.015985,-0.0096022,-0.041863,-0.056332,-0.01169,0.0031877,-0.030725,3.3897e-05
0.0092971,0.051882,0.030353,0.094049,0.020449,-0.0543,-0.084429,-0.050501,0.021198,-0.021489,-0.022262,0.0021044,0.098105,-0.00087926,-0.049412,0.00073939,0.14185,-0.031055,-0.015282,-0.030956,-0.072373,0.0047525,0.011053,0.0069795,-0.031204,0.025057,-0.01349,-0.015508,-0.067258,-0.019108,0.0077201,0.010665,0.005667,-0.036981,0.0051281,0.013765,0.021882,-0.090073,-0.032077,-0.052019,0.014422,0.028104,0.11806,-0.011799,0.0081727,0.031017,0.0054111,0.0081561,0.050176,0.026214,-0.020307,-0.021868,-0.023584,0.13598,-0.014477,0.0092524,0.0028617,0.094481,-0.028474,0.021721,-0.04338,-0.0032901,-0.014356,0.012714,-0.0094176,0.028373,-0.025373,-0.0097291,-0.018005,-0.024882,-0.006642,-0.0059248,-0.016566,-0.0032958,0.037698,-0.016081,-0.019484,0.013291,-0.016459,0.016553,0.044827,0.052931,0.0058254,-0.0056527,-0.0010785
0.013903,-0.22521,-0.014731,-0.07746,0.069126,0.019854,0.12204,0.01108,0.0087208,-0.017833,-0.0033599,-0.0096153,0.046152,0.029293,-0.017514,0.016548,0.043581,-0.026008,0.034598,-0.0025215,-0.035842,-0.037712,0.055857,-0.016596,-0.058223,0.047195,0.041973,-0.025412,-0.092808,-0.054783,-0.015221,-0.013154,0.0032109,-0.076068,-0.033996,0.057149,-0.068861,0.026953,-0.012969,-0.0086184,0.0032446,0.019936,-0.1463,-0.03056,0.0043535,-0.022088,0.020066,-0.25085,0.0032057,-0.02586,-0.022593,0.015137,-0.031438,0.051211,0.16696,-0.016154,0.005106,-0.059622,0.054231,-0.0087259,0.069594,0.017176,-0.043749,0.0048068,0.011729,0.0021103,-0.029611,0.032311,-0.030654,-0.019097,-0.0048268,0.024904,0.01223,-0.06857,0.042763,-0.0088485,0.013485,0.00089875,-0.1194,0.034659,-0.018784,-0.00033809,-0.018745,-4.7063e-05,0.00029485
-0.0095489,0.028741,-0.056029,-0.0051394,-0.01962,0.080581,-0.023706,0.048165,0.075257,-0.042934,0.017111,-0.072696,0.081569,-0.032714,0.03626,0.0001986,0.062261,-0.077618,0.089059,0.096636,0.022858,0.0039814,-0.071755,0.045019,0.063385,0.055616,-0.11997,0.081622,-0.018843,-0.015622,0.055816,0.0032563,0.044209,-0.025639,-0.048918,0.0047797,-0.015674,-0.032975,-0.0039758,0.028151,0.021142,0.006513,0.092265,0.036553,0.022207,-0.048821,-0.037692,0.0048205,0.066658,-0.052782,0.0041508,-0.015664,0.18234,0.02624,0.010311,0.10049,0.035863,0.030124,0.11546,0.0055859,-0.0072617,-0.075833,0.0075107,0.044562,0.0060624,0.062494,0.019793,0.01455,0.0034503,0.0057695,0.021963,-0.0045857,-0.042843,-0.020916,-0.0065196,-0.0056231,-0.017329,-0.0063243,0.061835,0.077927,0.023077,-0.015554,-0.00047371,0.01362,0.0035516
0.011296,-0.11303,-0.12618,0.15618,-0.10036,-0.12566,-0.40645,-0.032812,0.04657,0.094825,-0.031038,-0.057013,0.020552,-0.05774,0.1036,0.020805,0.21487,-0.057579,-0.0031284,-0.12434,0.071628,-0.025246,0.086607,0.009339,-0.055825,-0.027608,0.062628,-0.15464,-0.16308,-0.0091895,-0.043632,-0.00076991,-0.052946,-0.12127,0.11786,0.058224,0.014558,-0.2061,-0.070148,-0.030961,-0.023,-0.030357,-0.021906,0.064282,0.0271,0.033567,-0.016242,0.17336,0.089793,-0.12334,0.030559,-0.029062,0.059498,0.1511,-0.20164,0.10943,0.22457,0.0052929,0.001559,0.0017815,0.043175,0.017153,0.050318,-0.046712,0.04594,0.027381,-0.017496,0.01226,0.056127,-0.13289,-0.024786,-0.031717,0.0021843,-0.024188,-0.019952,0.009694,-0.017228,-0.051785,-0.28097,0.093323,0.029965,-0.069248,-0.045404,-0.023499,-0.0041391
-0.019132,0.017091,0.021885,-0.022282,-0.0060368,-0.028484,0.021868,-0.02459,-0.00015709,0.040983,0.00027294,0.0081924,-0.016156,0.040537,0.072442,-0.02755,-0.062708,-0.0066409,0.042723,-0.0031305,0.0085843,0.008946,0.035018,-0.0026046,-0.012723,-0.036255,0.061148,-0.019675,-0.00096391,0.0086611,-0.014676,0.0099143,-0.025198,-0.043483,-0.03866,-0.019946,-0.0094852,0.098353,-0.013489,0.049901,0.012251,-0.0052121,-0.14827,-0.00047514,-0.011821,0.0076133,-0.057758,0.10109,0.0052698,-0.029266,0.019041,-0.038067,0.048912,-0.035675,0.029913,-0.032202,0.024116,0.094235,-0.012782,0.0044243,0.0073573,0.0093871,0.044121,0.015497,0.0037318,0.008082,0.020251,0.0036694,-0.0058169,-0.0046778,0.0079878,0.0041324,0.0093594,-0.055278,0.0044278,-0.010522,0.0030458,-0.0052194,-0.0047128,-0.017501,-0.012445,0.043829,0.012798,-0.011506,-0.00092585
0.0054881,-0.11906,0.014576,0.13397,0.043571,0.033606,0.060527,0.005527,0.06378,-0.020659,0.030584,-0.043138,0.015053,0.019509,0.058363,0.039511,-0.00096079,0.012202,0.015902,0.018872,0.013368,-0.007716,-0.012193,0.010553,-0.025552,0.041846,-0.046889,0.041854,-0.025171,0.014391,-0.013518,-0.0083878,-0.017219,0.0028288,0.014146,-0.027132,-0.001176,-0.0051909,-0.022714,0.013772,-0.0054175,0.0027624,-0.0035533,-0.0069141,0.0049123,-0.024597,0.026044,0.098235,-0.00090752,0.044603,-0.010487,0.01717,0.0024542,0.0058046,0.0077803,0.032901,0.01498,0.017609,0.084097,0.027339,-0.021145,-0.052861,0.066129,-0.022551,0.0066805,0.042024,0.027372,0.017492,-0.011644,0.064734,-0.0097575,0.01224,-0.022232,-0.019333,0.0038146,0.0025777,0.01378,0.006325,-0.025573,0.054781,0.013926,-0.0083271,-0.003551,0.01169,0.0014905
-0.033154,-0.12745,0.2096,0.2735,-0.090365,-0.021597,0.094318,-0.0054607,-0.21296,0.035065,0.01397,0.060507,-0.065074,0.068598,-0.098756,-0.056749,-0.29286,-0.048612,0.042059,0.10932,-0.12936,-0.12047,-0.018845,-0.10866,0.050339,0.0021723,0.11657,-0.093046,-0.13236,0.041742,-0.028378,-0.0070604,-0.074736,-0.051863,-0.041134,-0.060958,0.0052301,-0.012536,0.032666,0.057567,0.055831,-0.018622,-0.1189,0.094335,0.071965,0.070053,0.032337,-0.11885,0.027101,0.097078,0.017882,0.095331,0.064621,0.032194,-0.11561,-0.053377,-0.0066682,-0.18183,0.011636,0.14174,-0.053573,0.0069646,0.19993,-0.021195,0.026709,-0.11859,0.0065746,-0.025972,0.059082,0.022141,-0.050871,-0.037831,0.00482,0.004034,0.055314,-0.014239,-0.046511,-0.07493,-0.038441,0.060338,0.074691,-0.0801,-0.032033,0.0060631,-0.003257
0.0087915,-0.0078233,0.076111,0.24534,-0.0021041,-0.14235,0.18916,0.12127,-0.045536,0.1073,0.024307,-0.075877,0.10927,-0.068854,0.013333,0.0062471,0.13914,0.063952,-0.023468,0.027252,0.068222,0.13252,-0.0051086,0.04822,0.072672,0.11545,-0.068153,-0.04022,-0.016442,-0.021174,-0.094445,-0.028563,0.033132,-0.134,-0.089776,-0.072043,-0.0031023,-0.044658,-0.0069118,-0.040665,0.023775,0.012067,0.04172,0.020764,-0.005379,-0.021903,-0.013339,0.1093,-0.021809,-0.025765,0.033045,0.00074699,0.044873,0.03766,0.015222,-0.081412,0.027636,0.067818,0.12407,-0.021876,0.21782,0.071436,-0.058175,-0.041805,-0.012104,0.049535,-0.044466,-0.0049347,0.048008,0.042939,-0.036778,0.018152,0.030291,-0.10965,0.032459,-0.02364,0.063019,-0.012387,-0.032548,0.042785,-0.037543,-0.071536,-0.0077217,0.0048932,-0.0029642
0.040464,0.19848,0.19044,0.21554,-0.016592,-0.031703,0.02389,-0.045194,-0.10292,0.016619,0.00096593,-0.042341,-0.097402,-0.040695,0.020795,0.0052178,0.16966,-0.015027,0.029595,-0.032188,0.009931,0.10163,0.065495,0.091395,0.025734,-0.10307,0.010538,-0.16807,0.026027,0.015609,-0.0096698,-0.022937,-0.041433,0.05723,0.0026748,0.071646,0.051635,-0.025589,-0.0093827,-0.019333,-0.018012,0.014874,-0.023197,0.022059,-0.020309,0.05763,-0.088224,0.28965,-0.052455,-0.01695,-0.058987,-0.15736,-0.18619,0.11821,-0.0080642,0.08511,-0.066714,0.057603,0.016812,-0.057695,0.048949,0.20321,0.0012014,0.030366,0.015357,0.00421,0.031353,0.027925,0.008574,-0.046901,0.021104,0.012526,-0.035624,-0.047539,-0.0041599,0.024029,0.0012383,-0.013685,-0.027519,0.041898,-0.029303,-0.13018,-0.025395,0.048289,-0.00064889
0.014053,-0.2286,0.041564,0.034559,0.0056995,0.0073606,0.006057,0.028054,-0.02446,0.00094075,-0.011558,-0.0057854,-0.043886,-0.028888,-0.016849,0.041751,0.0029077,-0.133,-0.042806,-0.055186,0.035474,-0.0011383,0.018706,-0.018942,0.0059865,-0.020323,-0.24011,0.11261,-0.00087253,-0.0051827,0.025962,-0.00010254,0.026544,0.067581,0.031416,0.030621,-0.079235,-0.10137,0.030507,0.03298,0.0059511,-0.021333,0.057905,0.035963,-0.0024701,0.02711,-0.12887,-0.1132,0.047565,-0.1297,-0.0018107,-0.058707,0.076779,0.055366,-0.080679,0.0046639,-0.0081814,-0.010723,-0.15002,-0.018173,0.03184,0.0092599,0.20587,-0.013936,0.019426,0.026193,0.017926,-0.0048963,0.023497,-0.082065,0.012398,0.0064666,0.015246,0.00028996,-0.019008,0.005238,-0.0054857,0.032091,0.017332,0.03142,0.038715,0.0040073,0.019856,-0.01653,0.00019812
0.023853,-0.037057,-0.068192,-0.30567,0.028594,0.057656,-0.056222,-0.0088179,0.10169,0.16311,0.04021,-0.099004,-0.026855,0.078276,0.037279,-0.012778,0.0077458,0.16599,0.20681,-0.030467,-0.035532,-0.028115,0.0083606,0.015374,0.022889,-0.025658,0.25904,0.00098685,-0.081983,0.022469,-0.12844,0.051088,-0.016027,0.0078728,0.051295,-0.035866,-0.026527,-0.11033,-0.0040404,-0.013018,0.016798,-0.021743,-0.0024769,0.017169,-0.012446,-0.048949,-0.13977,-0.21886,-0.020349,-0.18577,-0.048658,-0.063592,0.027202,-0.048841,0.089743,-0.015099,-0.038463,-0.028384,0.282,0.071538,-0.006889,0.015744,0.091943,0.19258,-0.036401,-0.080343,-0.010391,0.0099612,0.022237,-0.069805,-0.020429,0.053845,-0.041936,-0.094475,0.030316,-0.039265,0.019717,0.0024066,0.01977,-0.16329,0.032339,-0.073153,-0.035004,-0.026689,0.0043925
0.094682,-0.37175,-0.034719,-0.34561,-0.036077,0.15162,0.22453,0.23952,-0.086378,0.057902,-0.0025968,-0.1817,-0.035778,-0.17283,0.22287,-0.061764,-0.03304,0.024415,-0.0099175,0.11645,0.068467,0.013758,0.040062,0.034589,-0.019115,0.059971,0.35634,0.10716,-0.069082,-0.1224,0.056304,-0.038489,0.089357,0.10517,0.11567,-0.030031,-0.091769,0.25189,0.034566,0.020135,0.038718,0.013353,0.23828,-0.10176,0.03968,-0.022422,-0.02157,-0.33917,0.02654,-0.12288,-0.042203,0.13185,0.14181,0.081801,-0.12443,0.19866,0.10835,0.20582,0.040898,0.073442,-0.063847,0.023155,0.19582,-0.068923,0.1766,-0.060971,0.02686,0.073803,-0.085545,-0.099481,-0.06751,0.0017193,0.053321,0.12112,0.0057501,0.077471,-0.028944,0.013626,-0.14777,0.15527,0.055485,0.26984,-0.026033,0.10994,0.0016151
0.020612,-0.025056,0.25254,0.096996,-0.048999,-0.039002,0.091277,0.014103,0.11352,-0.10698,-0.01826,0.16223,0.075802,0.030114,-0.0061847,-0.071566,0.11315,0.038455,-0.026242,0.070437,-0.019936,-0.016582,0.024902,-0.018012,0.064828,0.031924,-0.20082,-0.0071484,-0.016903,0.0042779,-0.1347,-0.033635,-0.019471,-0.094937,-0.0044585,-0.090854,-0.026261,-0.095939,-0.014357,-0.079055,0.02776,-0.0069547,0.17263,0.0057668,-0.0042424,0.033543,0.088542,0.05069,0.044888,-0.10397,0.041034,-0.057267,-0.18894,0.054551,-0.033904,-0.081981,0.0095173,0.072904,0.17967,-0.023161,0.0091055,0.0015646,-0.052086,-0.063179,-0.029308,0.30356,0.051788,0.079316,-0.026413,0.029091,0.0046257,-0.012082,0.0027688,0.035086,0.05957,-0.014625,0.037094,0.025013,-0.021771,0.10666,-0.076287,-0.07608,-0.044502,0.0064373,-0.0040398
0.0041923,0.22892,0.2372,0.25164,-0.0020144,-0.10236,-0.050893,-0.068047,-0.092447,-0.040779,-0.0051925,0.025405,0.002366,-0.033507,0.20221,-0.087198,-0.21804,-0.062599,-0.061294,0.074878,-0.020102,0.10778,0.0098084,-0.08279,0.018429,-0.042031,0.037027,0.14075,0.0059698,0.066249,-0.13283,-0.0075054,-0.044881,-0.083778,-0.036729,0.024679,-0.044222,0.17167,0.028017,-0.014344,-0.017087,0.0078826,-0.020797,-0.12501,0.033573,-0.027513,-0.14186,0.11056,0.092697,0.57871,0.02674,-0.075522,-0.041792,0.068286,0.092843,0.051785,-0.021052,0.28444,-0.017906,-0.00071552,-0.038408,0.10888,-0.063383,-0.004535,0.073784,0.11932,0.17736,0.075091,-0.0092704,0.006686,-0.045128,0.0093762,-0.017502,-0.10664,0.050939,0.032645,-0.036806,0.021612,0.16098,0.16306,-0.014176,0.052106,0.03734,0.076744,0.0026184
-0.014724,0.32285,-0.029093,0.16933,-0.21403,0.0037018,0.21148,-0.015542,0.085881,-0.27913,-0.026296,-0.26532,0.017433,-0.17096,0.19737,0.26297,-0.57146,-0.018869,0.060309,0.095224,0.041135,-0.045438,-0.095467,0.029577,0.073599,-0.081344,-0.50454,-0.15794,-0.20521,-0.051485,-0.078918,-0.00069321,0.080839,0.12751,-0.23082,0.056049,-0.04066,-0.026166,-0.041942,-0.029695,0.030729,0.024176,0.11319,0.12562,0.05344,-0.057821,-0.012518,-0.32297,0.19395,-0.44079,-0.058094,-0.087768,0.2034,-0.016083,-0.23063,0.058812,0.094201,0.099151,0.022575,0.080581,-0.071784,-0.010811,0.11693,-0.021287,-0.012448,0.22085,0.074036,0.2567,0.057266,0.027799,0.044312,0.0090365,0.017266,-0.0020998,-0.085067,-0.0021607,0.14116,-0.0097138,-0.081258,-0.00013622,-0.05878,-0.25511,-0.002247,-0.04896,0.00076861
0.017065,0.16691,-0.33382,0.082291,0.026258,0.13654,-0.43195,0.1407,-0.15822,-0.11569,-0.04035,-0.036677,-0.085324,-0.14197,0.042601,0.10322,0.25866,-0.13926,-0.060855,0.090572,-0.011373,-0.044255,0.053959,-0.034278,-0.088451,0.046358,-0.37944,0.054526,0.13544,-0.033679,-0.14929,-0.023235,0.0096498,0.0082508,-0.020492,0.13774,-0.078867,-0.35585,-0.011129,0.03393,-0.012465,0.027653,0.03789,-0.022714,-0.047745,-0.014581,0.13724,0.17393,-0.048998,0.3255,-0.0023063,-0.056389,-0.0020702,0.027181,0.081269,-0.16734,-0.0062992,0.020414,-0.19267,-0.0071976,0.036025,0.0073774,-0.088154,-0.11002,-0.046921,-0.16749,0.013167,-0.075984,0.21801,0.076372,-0.0080999,0.042721,0.017735,-0.069993,0.017891,-0.0072021,-0.01959,-0.065613,-0.0028259,-0.083769,-0.053832,-0.17487,0.024376,0.093713,-0.0053813
0.02482,0.024047,-0.06946,-0.11125,0.074957,0.099397,-0.011464,0.0047869,0.045538,0.046428,-0.016598,-0.022216,0.03811,0.012693,0.032409,-0.057708,0.021329,0.023732,-0.028601,0.014292,0.027326,0.018448,-0.0083343,0.017876,0.0057005,0.013757,0.026292,0.033718,0.009504,0.016596,0.11027,0.0019223,0.0059143,-0.0047894,-0.03066,0.061798,-0.027204,0.050786,0.027345,-0.014242,-0.010675,0.029693,0.0080871,-0.0035695,-0.037146,0.011368,-0.048531,-0.022273,-0.022661,0.06033,-0.039364,0.0075439,0.095324,0.048398,0.060174,-0.017782,0.013984,-0.039637,-0.075136,-0.029842,0.0475,0.051338,-0.015593,-0.014026,-0.00068307,-0.0288,-0.048608,-0.0094679,-0.0070605,0.097129,-0.0047268,0.0087056,-0.0069955,-0.054823,0.0054667,0.011539,0.0082357,-0.025816,-0.11396,0.00018511,-0.062207,0.0095632,-0.0044168,0.0012857,-0.001541
-0.089993,0.48105,-0.34393,-0.6272,-0.061517,0.16823,-0.2524,-0.20665,-0.23633,0.079981,-0.019385,0.20929,0.036474,0.067751,-0.0051323,-0.032367,0.14482,0.0059164,-0.05385,-0.093446,0.02312,-0.04599,0.079916,0.012187,0.056112,-0.015067,0.14502,0.049316,0.10957,-0.11881,0.033017,0.068463,-0.056523,-0.13137,-0.062181,0.021007,0.07899,0.13193,0.079132,0.088081,-0.03017,0.033773,-0.038537,-0.024273,0.0012703,-0.01219,0.096149,-0.20627,0.18334,0.10932,0.10072,-0.021865,-0.26383,0.040971,-0.00079298,0.10346,0.067833,-0.27791,-0.10655,-0.055927,0.055186,0.11598,-0.03958,0.0042143,-0.064794,0.1523,0.065314,0.10054,-0.050833,-0.018646,0.21417,-0.043638,-0.05717,0.056167,-0.0090947,-0.01334,-0.006203,-0.028,-0.076677,0.14642,-0.0071342,0.042693,-0.070209,-0.025928,-0.0038502
0.014765,0.99843,-0.70298,0.1806,-0.20798,0.040828,0.5722,-0.085912,-0.1603,0.083121,0.064672,0.039887,0.015456,0.071643,0.092452,-0.15639,0.19937,0.0074009,0.00069386,0.14463,-0.08964,-0.028017,-0.009447,0.051803,0.053737,0.16949,0.02416,0.11236,-0.19384,0.089866,-0.069437,-0.045657,0.080433,-0.18782,-0.21124,0.18115,0.19132,0.086111,-0.026028,0.019888,-0.0071498,0.0038334,-0.21792,-0.12086,-0.040995,0.094278,0.065853,-0.074285,-0.20749,-0.36139,-0.044939,0.08123,-0.12771,-0.14843,-0.059361,-0.18529,0.011445,0.092962,-0.22213,-0.051607,0.169,-0.11031,0.36089,-0.13185,-0.04723,-0.049641,-0.13335,-0.028417,0.056456,-0.061142,-0.0068172,0.17702,-0.026608,-0.054504,0.085173,-0.079886,-0.044027,0.0075089,-0.36293,-0.17934,-0.0098106,0.277,0.10364,0.065176,-0.0073233
-0.10362,-0.06695,0.12503,0.31659,-0.1105,-0.12353,-0.14052,0.01466,0.27227,0.2402,0.019818,0.10117,0.029321,-0.15584,-0.078159,0.11804,0.26044,-0.0007764,-0.083889,-0.12211,0.086708,-0.057559,0.021852,0.0011571,-0.014472,-0.18188,-0.085163,-0.044418,0.0069746,-0.075332,-0.30204,-0.000402,0.0021078,-0.077053,0.11121,0.047384,-0.054876,0.15933,0.0054339,0.006076,-0.0049218,-0.022644,-0.21543,0.065942,-0.027074,-0.081293,0.0054495,-0.054901,-0.0062765,-0.032428,0.0043945,-0.013439,0.12183,0.039755,-0.041651,0.017381,0.094664,-0.14529,-0.26869,-0.047414,0.11036,-0.074647,-0.2266,0.056764,0.086058,-0.074653,-0.050607,-0.020843,0.079456,0.043765,0.03935,-0.046175,0.22958,-0.030519,-0.045848,0.036976,-0.026323,-0.0027207,-0.15502,-0.041101,-0.14953,0.23082,-0.033121,-0.052962,-0.013409
0.045612,-0.30223,-0.07823,-0.15441,-0.092563,-0.056281,0.06717,-0.010408,0.16519,0.07214,-0.020069,-0.054622,-0.060649,0.065531,0.036086,-0.033468,0.13395,-0.016416,-0.037288,-0.032601,-0.015474,-0.012507,-0.016058,0.0053908,0.026011,0.0076879,-0.10606,0.086398,0.0086499,-0.075786,0.0039146,0.026071,0.014821,-0.0020357,0.031798,0.0028493,0.026949,0.029449,-0.035683,0.034091,-0.0022137,-0.042252,-0.091155,0.026002,0.010142,-0.0009563,0.048321,-0.062077,-0.0094585,-0.14752,-0.042819,-0.043513,0.082005,0.01527,0.019575,0.005884,0.041347,-0.12549,0.018789,-0.010202,-0.032177,0.010219,-0.011912,-0.012406,-0.021467,0.073384,0.014303,0.056786,-0.007918,-0.057907,0.03315,-0.018222,-0.0079957,0.17238,0.04502,-0.031343,0.029956,-0.03895,0.0067984,0.010437,0.026405,-0.056693,-0.0087101,-0.025934,-0.0039213
0.090772,-0.28112,0.31605,-0.030166,-0.16378,-0.064283,-0.069086,-0.089547,0.4527,0.18647,0.017196,0.042567,0.16202,0.070118,-0.14971,-0.10182,0.14122,-0.012329,0.14363,0.053263,-0.092956,-0.14365,0.0011158,-0.0077604,-0.053908,0.1314,-0.11288,0.23706,-0.15196,-0.089025,-0.016717,-0.018144,-0.022278,0.072646,0.050484,0.13815,0.02346,0.066668,-0.028191,-0.089129,0.00034736,0.017458,0.2982,-0.045162,0.033303,0.096091,0.15416,-0.35196,-0.14956,0.052802,0.0017661,-0.037866,-0.10044,0.17866,-0.019623,-0.033822,-0.057689,0.056458,0.083853,-0.039287,0.0092177,0.069147,-0.093068,0.009464,-0.017787,-0.018174,0.007885,-0.032474,-0.060767,-0.024434,-0.094211,-0.0041088,0.019498,0.010604,0.15863,-0.00079885,0.014518,0.016689,0.083024,0.084639,-0.086386,0.093249,0.050919,-0.073375,-0.0024957
-0.0621,0.59493,-0.022566,0.11227,0.070788,0.24899,-0.39358,-0.018753,0.33095,0.18057,0.0036895,0.33821,-0.0031851,-0.023335,0.00089639,0.06215,-0.063528,-0.18676,-0.26875,0.084209,0.047666,0.028948,0.095775,0.10351,-0.085679,-0.01244,0.28137,0.17833,0.12118,0.032968,-0.15596,0.072658,0.07646,-0.085642,-0.2284,-0.02981,0.030861,-0.025935,-0.05429,0.098169,0.008746,-0.035161,-0.19635,-0.0038362,-0.063823,-0.048109,0.02163,-0.52279,0.098811,-0.18686,-0.037794,0.085326,-0.28395,-0.070732,0.19227,-0.084254,-0.0087817,-0.1183,0.074363,0.03578,-0.02577,0.030811,-0.02862,-0.045944,-0.0015981,0.076512,-0.012249,0.00027146,-0.0011394,0.012219,0.071825,-0.046451,0.0073846,0.087967,-0.051122,0.24747,0.0089283,0.057684,0.15979,-0.17185,0.017338,-0.032197,-0.090783,0.021173,-0.0020615
-0.10169,-0.033633,0.1096,0.34792,0.144,0.076936,-0.14634,0.32296,0.1705,-0.19077,0.031163,0.090552,-0.025167,0.20224,-0.11512,-0.0867,-0.27887,0.076107,0.0010168,-0.021391,0.033116,-0.069493,0.059046,0.055009,-0.047055,-0.0087005,0.0881,-0.060905,0.088965,-0.020428,-0.024282,-0.038117,0.02927,-0.04028,-0.22693,-0.082841,0.042132,0.02448,0.10571,-0.0069066,-0.027792,-0.012616,-0.34689,0.12273,-0.016649,-0.094068,-0.041764,0.5536,-0.14483,0.1639,-0.085895,-0.0013396,0.197,-0.12481,-0.10902,-0.104,0.11241,0.02744,0.21399,0.039199,0.056551,0.02606,0.055248,-0.030894,0.012918,-0.10308,0.0048995,0.037123,0.042233,0.3235,-0.055057,0.034137,-0.062781,-0.16661,0.050991,-0.031245,0.21099,0.008765,0.010641,-0.089259,-0.076372,0.16269,-0.037237,-0.010331,0.00041056
-0.0404,-0.5646,-0.0064674,-0.40793,-0.046991,-0.20694,-0.18171,0.1058,0.19461,-0.05079,0.045742,-0.013576,0.046024,-0.061118,0.10204,-0.21896,0.27375,-0.024396,0.016463,-0.033346,-0.057468,-0.052244,0.012538,-0.023341,0.018972,-0.11093,0.18528,-0.068798,-0.054053,0.072538,-0.07237,0.053223,-0.007469,0.12452,0.031009,0.035467,0.1024,0.4187,-0.072099,-0.0022925,0.028208,0.0083883,0.070501,-0.035095,0.021009,-0.0024379,-0.31672,0.12666,0.010217,-0.067997,-0.070007,0.10843,-0.017921,-0.16066,0.13786,-0.05157,-0.0096683,-0.010936,0.044571,-0.027226,-0.039334,0.024357,0.0081132,-0.013475,0.015786,-0.042647,-0.022341,0.018303,-0.019646,-0.055173,-0.014364,0.014882,-0.046364,-0.014044,-0.053167,-0.056879,-0.0040173,0.19385,0.20329,0.003102,0.085495,-0.097875,0.069405,0.010951,-0.0032175
-0.011768,0.10685,0.026331,-0.05038,-0.033743,0.071773,-0.015817,-0.01892,0.019889,-0.068439,0.037687,0.04682,-0.017397,0.010388,0.0081817,-0.05827,0.029597,0.020936,0.023938,-0.00049231,0.026016,-0.015775,-0.024785,-0.013868,-0.02655,0.010938,0.088149,0.03638,0.021783,-0.0019421,0.031749,-0.0042923,-0.040242,-0.00090497,-0.082472,-0.011038,-0.026305,0.13177,-0.00339,0.016652,-2.985e-05,0.0061875,0.021912,-0.017675,0.0070444,-0.0062025,-0.0061479,0.068829,-0.04162,0.040873,0.015738,-0.022673,-0.010568,-0.0076279,0.046544,0.021513,0.0062457,0.037425,0.074397,0.017911,0.027383,-0.017801,-0.044056,-0.028513,0.010664,0.010817,0.030308,0.018809,-0.0055992,0.041232,0.01301,-0.014397,-0.0014785,-0.0036288,0.019327,0.011336,-0.0063635,0.011611,0.17682,-0.0017882,0.022617,-0.035342,-0.0055922,0.0019981,0.00022887
0.0060014,-0.088653,-0.02953,0.027586,-0.046622,-0.023099,0.059679,0.016155,0.013462,-0.09202,0.0033465,0.091307,0.0033154,0.020142,-0.057959,-0.0048379,-0.046171,0.036574,-0.020063,-0.035553,-0.0072252,0.041049,-0.0072805,0.039536,-0.026001,0.049816,0.066726,-0.024146,-0.019239,0.047615,-0.042285,-0.0033747,-0.054468,0.0074646,0.015058,0.043041,-0.080841,-0.052387,0.0093182,-0.057777,-0.007336,0.017535,0.0051763,-0.030987,-0.0087486,-0.0045133,0.022364,0.10373,0.03347,0.1502,-0.014927,0.035036,-0.11839,0.036891,-0.05301,0.028882,0.021,-0.044891,-0.074355,-0.057254,-0.0099476,0.041334,-0.051181,0.030594,0.023204,0.055178,0.015375,0.0066938,0.012239,0.038271,-0.012958,0.0027487,-0.0040728,0.018313,0.0014901,-0.0040027,-0.020148,-0.0086733,-0.049785,0.083424,0.013422,-0.020192,0.015492,0.035324,-0.00051085
-0.10197,-0.27282,-0.20792,-0.12071,-0.095341,-0.06478,0.035141,-0.054792,0.040919,-0.0023958,0.0143,-0.1018,0.009575,0.053042,-0.090009,0.070219,-0.073945,0.0206,0.12292,0.041629,-0.014756,0.088303,0.049006,-0.011093,-0.022813,-0.0074851,0.22293,0.0627,-0.030275,-0.012034,-0.089504,-0.012276,-0.0029016,0.049815,0.054444,-0.061475,0.090343,0.096161,-0.063985,-0.055475,-0.022027,0.005939,0.015501,0.051298,0.022948,0.060078,-0.061218,-0.17417,-0.02523,-0.10001,-0.017423,-0.084691,-0.094812,-0.073535,0.066641,-0.010127,-0.031306,0.16626,0.11835,-0.041337,-0.086996,0.022086,0.036601,0.0073566,0.055931,-0.016671,0.060561,0.025429,-0.011408,-0.087258,-0.0036536,0.0084492,0.051408,-0.028349,0.028795,-0.0099509,0.0022177,0.011354,0.15023,0.12932,0.13529,0.040698,-0.071149,0.019419,0.00059477
-0.017917,-0.27037,-0.072522,-0.059504,-0.040353,0.025362,-0.069812,0.029876,0.14221,0.1164,0.025515,0.033954,0.10186,-0.090959,-0.01238,-0.048508,0.16614,-0.10446,0.062665,0.075018,-0.011409,0.0031504,0.023055,-0.010688,0.048956,-0.053066,0.16265,0.020011,0.094328,-0.030354,-0.01101,0.0013937,0.048294,-0.053768,-0.0095054,-0.049244,0.029749,0.079968,0.010684,0.026131,-0.0057352,0.00070256,-0.042779,-0.01267,-0.0071501,-0.0042617,0.016921,-0.026027,0.038564,0.07549,0.021114,-0.017644,0.10206,0.017048,0.058938,-0.0027957,-0.050887,0.037805,-0.079512,0.018424,0.025083,-0.01942,0.0067275,-0.017057,0.015647,0.026945,0.011651,-0.0015948,-0.02866,-0.0077849,0.01099,-0.0015454,0.022396,-0.0010505,0.011791,0.010821,-0.0055244,0.055889,-0.092559,-0.11712,-0.0049453,0.24872,0.019115,0.0069341,0.0019216
0.046396,0.83141,-0.012734,0.04742,0.037709,-0.0079196,-0.33241,-0.099142,-0.064849,-0.0068034,0.039089,-0.25086,0.012709,0.0023433,-0.092469,-0.092962,0.24441,-0.023703,-0.044566,0.1276,-0.077708,-0.061325,-0.01171,-0.084034,-0.0045165,-0.019876,0.054498,0.038839,-0.051656,0.003734,0.11254,0.019645,0.0041463,-0.11581,-0.12593,-0.072128,0.10105,0.023522,0.04815,0.17496,0.041023,0.06461,-0.16934,0.11361,0.013144,0.045894,0.01548,-0.27496,0.076309,0.32373,-0.021357,0.045843,0.11704,0.11022,-0.13243,0.025388,-0.024932,-0.16856,-0.29025,-0.046027,-0.070947,-0.052499,-0.046914,0.10364,0.032121,-0.031707,-0.055958,0.031418,-0.086868,-0.10423,-0.038768,-0.021808,0.00065869,-0.00059702,0.068779,0.0051827,-0.064709,0.016862,0.1381,-0.05319,0.013847,-0.080425,0.13335,-0.00048772,0.0033726
-0.01096,0.34059,-0.086214,-0.046031,0.0011684,0.012386,0.23395,-0.11706,0.13092,-0.17424,0.055208,0.022469,-0.12653,0.10154,-0.0396,0.16401,0.069736,-0.036778,0.096633,0.095608,-0.046892,-0.065075,0.14476,0.051988,0.027767,0.032449,0.20082,0.015009,0.044247,-0.093245,-0.050779,0.016414,0.10517,0.074511,0.24507,-0.1166,-0.0067836,0.051101,-0.024717,0.028035,0.026919,0.038722,-0.041295,-0.0072632,0.0011309,-0.01164,-0.12992,-0.026355,0.062005,0.0686,-0.030042,-0.1514,0.020267,-0.012911,0.13009,-0.13093,-0.096476,0.18633,0.018944,0.0080245,-0.014382,-0.037116,-0.090661,0.0066086,0.031127,-0.054675,-0.00451,-0.051192,-0.043137,-0.017457,-0.027445,0.03219,0.085129,0.0098468,0.011459,0.020624,-0.01742,-0.0020288,0.021991,-0.022053,-0.18877,-0.075752,0.07784,0.13284,0.001554
0.2215,1.1651,-0.14851,0.063456,0.74541,0.96517,0.51328,1.5058,-0.0072939,0.52244,0.19286,1.0757,0.17342,-0.56082,-0.49047,0.0482,0.76744,0.16672,0.36565,0.48642,0.55084,-0.24463,0.78832,0.78028,0.27461,0.50072,-1.2698,0.45001,0.70869,0.79537,0.28579,0.96431,0.76189,0.69317,0.77618,0.038699,0.39424,2.257,0.39694,0.34534,0.366,0.46226,1.1331,-0.12038,0.33853,0.11221,0.6801,1.7363,1.0756,-0.03178,1.2171,0.7964,1.4392,-0.35989,0.43533,0.20771,0.76266,0.88299,1.2598,0.69119,1.2374,0.8144,1.0528,-0.14499,0.59024,0.29506,0.22208,0.088517,0.34723,1.1493,-0.1674,0.033133,0.16187,0.00074873,0.060152,0.35524,-0.017712,0.0083379,1.8721,0.52161,-0.49103,0.57059,0.27859,0.096979,0.94268
