-0.01212,2.1402,4.0511,4.2998,1.7278,-7.2955,6.2541,-2.6177,-7.8535,-2.0293,1.0676,-4.7553,-2.3852,-0.62334,0.55542,2.3371,-3.2436,-0.46684,0.17714,-4.697,-2.1163,4.8786,-5.9714,-2.409,0.39055,-2.5557,-7.5742,-4.4577,-1.3582,-0.40606,7.418,-0.6419,-3.0449,-1.3679,-0.89964,0.1216,-0.13005,-3.8287,0.13878,-2.1471,0.56147,0.55242,7.4059,0.51802,2.7588,3.3601,-0.72711,-6.0792,-2.486,4.5228,-1.0878,-1.9204,-0.13551,0.37416,2.3339,-1.054,-3.2361,-2.695,-7.8865,-2.2101,-1.7286,-0.17562,-1.3162,3.9978,2.0605,4.9121,1.9079,1.5591,0.31461,-6.2024,0.72949,1.7393,2.8119,3.3195,2.4268,1.506,1.5512,4.3452,-1.8221,2.5506,7.8063,1.5995,0.97208,0.29715,0.82634
0.33665,0.34112,-0.52964,0.066366,-0.19582,-0.37858,-0.3752,-0.31881,-0.054275,-0.36726,0.20565,-0.55357,0.15331,0.036739,0.21888,0.34921,0.51635,0.10064,-0.091932,-0.16853,0.003378,-0.12333,-0.17809,0.26575,-0.0072904,-0.086755,-0.23873,-0.17683,-0.40687,0.063678,0.094349,-0.02963,-0.05186,-0.20176,-0.055101,0.17575,-0.045632,-0.06929,-0.00097644,0.068741,-0.004423,0.02083,-0.2006,0.013816,0.03058,0.055921,-0.19711,-1.0951,0.10542,0.017303,0.23788,-0.10376,-0.037872,-0.082598,0.38032,-0.12394,0.22301,0.43024,0.11508,-0.13845,0.082237,0.10895,0.44948,-0.070602,0.042995,0.25585,0.056224,0.14178,-0.19178,-0.33115,-0.037189,-0.020638,0.10927,-0.21945,0.11104,-0.078323,-0.06959,0.026187,0.056196,0.1094,0.1773,0.34083,0.14431,0.0011427,0.011998
-0.001435,0.11551,0.021003,0.049088,-0.03396,0.06819,-0.064568,-0.017773,0.022775,-0.049093,-0.014049,0.010087,-0.0071681,0.00079434,-0.029908,0.0089351,-0.018334,-0.0052175,0.0144,-0.025708,0.014527,-0.010564,0.020101,0.0047462,0.00088105,0.059376,0.047063,-0.052869,0.0036089,0.017334,0.039788,0.0053636,-0.040358,-0.0087658,-0.028751,-0.02477,-0.008102,-0.029674,-0.0084151,-0.0087014,-0.001585,-0.015865,0.076511,-0.028544,-0.015618,-0.00864,-0.015626,0.13738,0.030644,-0.068436,0.00043131,-0.042175,-0.0011877,0.020804,-0.053779,-0.024991,0.034699,0.030623,-0.039218,0.02872,0.021072,-0.016319,0.0080942,-0.0032256,-0.024443,0.025638,-0.023574,-0.0060092,0.011806,0.042502,-0.0056989,-0.011677,0.033433,0.0068733,-0.013934,-0.011363,0.0042515,-0.0050228,-0.051371,-0.013009,-0.033367,0.027048,0.00446,0.015961,-0.0024266
-0.015206,-0.08254,0.031731,0.063545,0.0046051,-0.037224,-0.1258,0.017849,0.12415,0.080754,0.00084426,0.034024,-0.023663,-0.0066881,-0.016974,0.024624,-0.10975,-0.051448,-0.022257,-0.021188,-0.011591,-0.011696,-0.028884,0.028219,0.073036,0.0085554,-0.13332,0.0094503,-0.022103,-0.029231,-0.025501,-0.0034552,0.030515,-0.0055419,-0.090011,-0.016568,-0.029572,0.1201,0.011741,-0.025265,0.0090765,-0.028969,0.043361,-0.0056775,0.0017769,0.022859,0.038406,0.057912,-0.043223,-0.00042662,0.0046742,0.027181,-0.03542,-0.023086,-0.0195,-0.063979,0.014725,-0.050711,-0.00053459,-0.012008,0.0050304,-0.0063964,-0.042375,0.019717,-0.00070295,-0.046418,-0.020766,-0.012051,-0.014262,0.0061139,0.0066553,-0.00076188,0.0013147,0.0017682,-0.0040111,-0.023442,0.01399,0.012627,-0.022797,-0.065088,0.0097981,-0.012003,-0.038737,-0.034498,-0.0062275
-0.018383,-0.22788,-0.024647,0.25454,0.028986,-0.051519,-0.16621,0.084191,0.051773,0.016786,0.015855,-0.043674,0.00054757,-0.011839,0.0028258,0.046861,0.09415,0.052599,0.023621,0.018226,-0.00031358,-0.031392,-0.0089715,-0.023758,-0.014115,0.012685,-0.087679,0.037862,0.05824,-0.013551,-0.018583,0.00059844,0.044051,0.0044073,0.055162,-0.02505,0.055925,0.077858,-0.010875,0.0086422,0.0023378,0.0026511,0.025275,-0.0017308,0.039577,0.02112,0.077709,-0.12393,0.021027,0.067636,-0.023422,0.05454,-0.042933,0.041212,0.020392,0.032018,-0.026465,0.026117,0.0066465,-0.029826,-0.04199,0.016637,-0.0062354,0.028031,0.018201,-0.010047,0.025188,0.00017553,-0.0023513,-0.038798,-0.02109,0.01929,0.0063684,0.0045316,-0.0051907,-0.0152,-0.021786,0.015167,0.021904,0.05857,0.016165,0.14339,-0.0094523,-0.015549,0.0057647
0.0067995,-0.038459,0.28062,0.072785,-0.085723,0.057791,-0.048716,-0.021294,0.070795,-0.044964,-0.025838,-0.033222,-0.10023,0.036739,-0.11547,0.066175,-0.020487,0.035551,-0.014314,-0.00081886,-0.011111,0.031743,0.052013,-0.050172,0.0047274,-0.012112,-0.13707,-0.011805,-0.040203,0.059302,0.049058,-0.010813,-0.067065,0.0076863,0.041953,-0.029253,-0.0058529,-0.20586,0.067898,-0.062401,0.014024,0.029884,-0.040753,-0.011177,0.0034606,-0.021861,-0.027093,0.22062,0.05785,0.094897,0.015619,-0.10011,0.13652,0.043111,-0.026434,0.10721,-0.016759,-0.11025,-0.063712,-0.011426,-0.030882,0.003436,-0.027195,0.0050594,0.007106,0.0012374,0.050486,0.018395,-0.011109,-0.0011373,-0.010563,0.026696,0.013233,0.020484,-0.028017,-0.015537,-0.012766,-0.075791,-0.063629,0.11842,-0.0078703,-0.057786,-0.0032782,0.043933,0.00010502
0.050502,-0.10506,0.16155,-0.3491,0.058381,0.37559,-0.22857,-0.038957,0.059187,0.18215,-0.020081,0.11666,-0.030427,0.038772,-0.084003,-0.1311,-0.047759,0.080556,0.060753,0.058272,0.012328,-0.01985,-0.022046,0.069298,0.11232,0.034011,0.048315,0.051846,-0.023073,-0.028002,0.12665,-0.012205,0.10601,0.0029192,0.034291,0.042263,0.11332,0.12066,0.035993,-0.073883,0.032924,-0.018409,0.023292,-0.089498,-0.0086525,0.009973,-0.019007,-0.21679,-0.076963,-0.29188,-0.023046,-0.089463,-0.16318,0.0088777,0.055463,-0.037605,-0.0012646,-0.23896,0.13574,0.028318,0.064353,-0.027347,0.12531,-0.020562,-0.0046886,-0.034597,-0.088953,-0.039996,-0.031252,-0.0067228,-0.010131,0.021168,-0.048289,0.073864,0.012103,-0.0043307,0.0532,-0.01866,-0.026916,-0.078713,-0.033557,0.01196,-0.025446,-0.00049418,-0.0010778
0.016862,-0.05343,0.049765,-0.030478,-0.052017,-0.02043,0.23642,-0.073201,0.00054127,0.020803,0.008973,-0.0068613,0.0049316,-0.00027233,0.036036,0.0019962,0.061025,-0.01794,0.043491,-0.016768,-0.011816,-0.033108,-0.034064,0.031357,-0.0077574,-0.00066143,-0.094331,-0.04838,0.032737,-0.0080308,0.043364,0.00022014,-0.031485,0.057647,-0.0071729,0.043616,0.011627,0.088577,-0.017367,-0.013096,-0.0042142,-0.024876,0.06974,0.0058414,-0.0031914,0.0076266,0.040596,0.164,-0.014678,0.025248,-0.020303,0.072997,-0.063175,0.042206,0.037046,-0.020293,-0.076513,-0.11039,0.017264,-0.01586,-0.027232,-0.040692,0.0087129,0.016931,-0.0037566,-0.029228,0.0030096,-0.0011254,0.017799,0.031181,-0.0034902,-0.0076225,-0.0086761,-0.034735,-0.0052517,-0.019321,-0.0015595,-0.026487,-0.019677,-0.0067979,-0.03694,-0.045072,-0.0041237,-0.017034,-0.0042056
-0.020828,-0.76826,-0.11506,-0.2185,0.085836,0.014239,-0.14589,0.33662,0.21955,0.23405,-0.052447,-0.042998,0.021331,-0.030478,-0.0088126,-0.027688,-0.0070517,-0.025052,0.1259,0.16896,0.10445,-0.049624,0.1176,-0.059148,-0.030207,-0.14514,0.25221,0.10557,-0.059539,-0.0015889,0.078733,0.002093,0.084386,-0.021245,0.017547,0.04163,0.13097,0.056469,-0.11923,-0.013663,-0.037417,-0.025564,0.30784,-0.077922,-0.057383,-0.068633,0.1086,-0.10642,0.10561,0.01693,-0.0062335,0.023046,-0.035382,-0.068354,0.018775,-0.11038,-0.070892,-0.068984,-0.0033561,-0.032821,0.060093,0.0917,0.031843,0.090332,-0.03578,-0.013973,-0.064071,-0.014295,0.030557,0.024695,0.020136,0.021619,0.012544,-0.019302,0.03811,-0.0091377,0.047525,-0.032702,-0.2725,-0.14801,-0.025249,-0.098888,0.014232,-0.0047502,-0.0019257
0.011301,0.075534,0.085996,0.10537,-0.10665,-0.089749,-0.08333,-0.022576,0.2832,0.050555,0.052784,0.0055416,0.051987,0.050519,0.012594,0.077149,-0.01542,0.0022132,0.11013,-0.064205,-0.01367,-0.024487,0.030333,0.043838,-0.054785,0.0064088,0.04621,0.051554,0.012555,-0.028956,0.020892,-0.0052983,-0.022152,0.0060691,-0.060023,0.018119,-0.020352,-0.070706,0.017694,0.022831,0.0012003,-0.00082191,0.08932,0.055205,0.01073,-0.019606,0.030397,0.083613,0.047365,-0.025452,-0.011256,0.085405,0.048685,-0.015019,0.055766,0.096101,0.054004,-0.050353,-0.012337,0.017305,-0.0084243,-0.05575,-0.022875,0.017223,0.0061933,0.016486,0.030509,-0.0056239,-0.017189,0.018272,0.0034281,-0.0024364,0.019597,0.032071,-0.026835,0.0035919,-0.0054073,0.014558,0.064149,0.026927,0.053215,0.020961,-0.0069899,0.0078775,0.0070236
-0.059107,-0.14098,0.19173,-0.1383,0.11236,0.057639,0.12139,0.0097841,0.1727,0.24917,0.0047189,-0.023156,0.064957,-0.069512,-0.039307,-0.0057727,-0.0038867,-0.017253,-0.020707,0.028791,0.021739,-0.0068815,-0.029499,0.060326,0.0071123,0.078743,0.15064,0.014373,-0.059375,0.057926,-0.088538,-0.0027722,-0.014668,-0.10038,-0.030961,0.047725,-0.11861,-0.15657,0.049622,0.056715,0.032018,-0.027354,0.021542,0.032591,0.0024939,-0.0020197,0.05318,0.21839,0.02687,0.31709,-0.020148,0.050349,0.15506,0.028212,-0.094494,0.034616,0.10887,0.025797,0.0037719,0.077432,-0.012443,-0.01122,0.00069412,-0.01143,-0.011474,0.045689,-0.042101,0.0072754,-0.039255,0.050646,0.038614,-0.013712,-0.013839,0.011575,-0.01894,0.04111,-0.030189,-0.012777,-0.05739,0.07276,0.042909,0.070265,0.019696,0.043972,0.0027706
0.036017,0.35043,-0.63731,0.02014,-0.015359,-0.14431,-0.40684,0.025242,-0.2878,0.13468,-0.0093458,-0.03514,-0.11258,-0.27667,-0.072264,0.081875,0.20123,0.10688,-0.064424,0.17318,0.21596,-0.18583,0.02625,-0.02155,0.2694,0.1158,-0.48746,0.19695,-0.092816,0.068864,-0.073037,-0.083571,-0.010014,-0.025774,-0.11075,0.16134,-0.17409,-0.103,0.14602,-0.21235,-0.031898,-0.02523,0.14927,0.011548,-0.19338,-0.083455,-0.089349,-0.38432,0.012721,-0.46207,0.013135,-0.39308,0.022923,0.038991,-0.13365,0.31621,-0.10138,-0.30011,0.005305,-0.055924,0.061193,0.048313,-0.19578,-0.13477,-0.079244,-0.051681,-0.16292,-0.01776,0.083804,0.083322,-0.062936,-0.017669,-0.0045383,-0.19761,-0.058442,-0.012253,-0.048646,-0.08027,0.045505,-0.2092,-0.32971,-0.44833,-0.087695,-0.11444,-0.043697
0.02011,0.47294,0.14967,-0.21723,0.030226,0.062922,-0.035901,0.0216,0.081896,0.07356,0.017011,0.28759,-0.0044546,0.18416,-0.12637,-0.091846,-0.093684,-0.068533,-0.134,0.053301,-0.051912,0.059202,-0.021181,-0.036342,-0.023206,-0.032927,0.20757,-0.074458,-0.10006,0.028274,0.062772,-0.0061614,-0.079318,0.068651,0.042223,0.028513,-0.031525,-0.26306,0.041873,0.096367,0.024561,0.022764,-0.15822,-0.013489,0.00040573,0.019315,-0.039588,0.078067,0.048333,0.16682,-0.013885,-0.13802,0.031877,-0.012822,0.13872,0.073657,-0.036023,-0.16506,-0.18117,-0.00012518,-0.010134,-0.033226,0.046765,0.046236,0.022865,-0.028272,0.0099217,0.0037029,0.050152,-0.032507,-0.027706,0.021119,-0.026145,0.017535,0.0050027,-0.06119,0.018473,0.025425,-0.12884,0.042041,-0.012873,0.11009,0.065776,0.063392,0.0093296
0.0019878,-0.12561,-0.023957,0.040635,0.14492,0.01875,-0.22037,0.026555,0.26014,-0.30925,-0.0028373,0.070221,0.040473,0.060743,-0.1669,-0.080709,-0.060157,0.032222,0.14814,0.20819,0.09575,0.051358,-0.014613,0.024822,0.065833,-0.060795,-0.50038,-0.038987,0.037871,-0.0208,0.033134,-0.012301,0.024816,0.014142,-0.30894,0.029842,0.054886,0.1423,-0.039797,0.037054,0.021714,0.063982,-0.084525,-0.014537,0.0013797,0.029043,-0.012406,-0.29714,-0.00077582,0.12223,0.0092845,-0.10018,-0.11231,-0.040833,0.17756,-0.26068,-0.069979,-0.019284,0.11829,-0.014489,-0.058702,0.093437,0.040177,-0.021292,0.0075514,-0.034856,0.051198,0.054431,0.036302,0.022733,0.053465,-0.017776,0.049293,-0.045628,0.055709,-0.031498,0.03547,-0.015365,-0.17444,0.10431,0.056828,0.02068,-0.0095831,-0.014537,0.0086507
0.028961,0.12328,0.24903,0.0019497,-0.21021,0.072349,0.52394,-0.1754,-0.047607,-0.11353,-0.00061363,-0.084798,0.095289,0.18789,0.019585,-0.12031,-0.028151,0.026285,0.0090583,0.067389,-0.090421,0.034308,0.016947,-0.055588,0.067978,0.0074774,0.060662,0.099425,-0.11526,0.047183,0.022871,0.049928,0.021527,-0.087127,-0.052316,-0.11736,-7.9942e-05,0.16758,-0.10771,0.022903,0.009423,0.030578,-0.042713,0.040373,0.0091809,0.074447,0.058689,-0.36164,0.065279,-0.2714,0.052294,0.077318,-0.12851,-0.020807,-0.029246,-0.16369,0.075327,0.088961,-0.15853,-0.089379,0.07465,0.043267,0.12845,0.060359,-0.03606,0.018784,0.025266,0.050786,-0.022677,-0.21125,0.0076126,0.050206,0.11349,-0.026217,-0.0026886,0.012351,-0.014921,-0.015052,-0.20162,0.015286,0.10269,0.021372,0.032871,-0.024364,0.004783
0.037086,0.40995,-0.079438,-0.24494,-0.11879,-0.0035224,-0.16837,-0.092746,-0.26884,-0.051127,0.028643,-0.032137,-0.026751,-0.040331,-0.051257,-0.071073,-0.098176,0.03565,-0.037449,0.036558,-0.087195,-0.10092,0.054796,-0.049391,-0.033572,0.016737,0.2799,0.024361,-0.16401,0.048799,-0.015025,0.0068635,0.020532,-0.094397,-0.02207,0.04655,-0.015608,0.039941,-0.010041,0.0094109,0.017225,-0.023071,0.016602,-0.058892,-0.013145,-0.0019002,0.030661,0.087669,-0.010566,-0.090073,-0.053322,-0.0066034,-0.065131,0.0050087,0.11702,0.18326,0.11235,0.050449,-0.064523,0.022204,-0.033842,0.0038038,-0.0059167,0.055949,0.022818,-0.040174,0.02965,0.01541,-0.032914,-0.031104,0.0038375,0.026674,-0.030194,-0.019476,-0.011299,0.024341,-0.058797,0.0019089,0.082658,0.032796,-0.093205,-0.10504,0.012064,-0.0616,-0.0036352
-0.062471,0.15441,-0.069686,-0.052822,0.37518,-0.072506,-0.16578,-0.10313,-0.27876,0.2186,0.075339,-0.054404,0.078823,0.14737,-0.085596,0.23955,-0.096295,0.07946,-0.017372,-0.048892,-0.0524,0.059297,0.11929,0.13284,0.0080331,-0.069035,-0.30918,-0.16254,-0.12612,0.019506,0.080362,0.062656,-0.0038249,-0.054687,0.18724,0.071722,0.057459,-0.059089,0.04325,0.0061648,-0.011296,-0.0051666,-0.13596,0.061144,0.025527,0.048765,-0.0055787,0.072701,0.054848,0.057833,0.0044782,0.0052184,-0.060157,-0.035906,0.025593,-0.069176,-0.096651,-0.19837,0.082695,-0.060583,-0.045182,-0.12931,0.010004,-0.029973,-0.034546,-0.025232,-0.0076054,0.0067792,-0.042691,-0.070733,0.11627,0.022581,0.022373,0.022574,0.041288,-0.00723,0.0014071,-0.037644,-0.080659,-0.19737,0.1122,0.15799,0.046245,0.020192,0.0075056
0.023079,-0.15859,-0.056312,-0.15842,-0.11172,0.058395,0.15845,-0.018368,-5.426e-05,-0.024655,0.0061226,-0.018054,-0.036289,0.05959,-0.0092147,0.01136,0.12487,0.065707,0.036073,-0.038638,-0.018976,-0.1045,0.028704,-0.012745,-0.032204,-0.0060536,0.065636,0.048614,0.069122,0.045827,0.036135,0.0029986,-0.050436,0.0489,0.010636,0.012422,0.041272,0.060848,0.028492,0.032674,-0.018556,0.0054166,0.024605,-0.03765,0.0016658,0.026108,0.060101,0.12333,-0.025453,-0.10766,-0.035485,-0.026334,0.031197,-0.010735,0.056498,0.006289,0.012354,0.0043765,-0.0068512,-0.014917,-0.0055324,0.041115,-0.0071137,-0.02035,-0.022176,-0.036806,-0.022406,-0.01286,-0.02085,-0.037588,-0.0014666,0.0061103,0.0022899,0.021814,0.013478,0.015849,0.018192,-0.0010278,0.11643,0.0075326,0.0061825,-0.026157,0.0078474,-0.045945,0.00080241
-0.015355,-0.3211,-0.4392,0.10088,-0.017385,0.011284,0.056641,0.011562,-0.016361,0.40288,-0.031964,0.095742,0.2392,-0.0024445,0.022887,0.035066,0.073048,0.13273,0.020085,0.071529,-0.0082445,0.13592,0.0010218,0.027244,0.090746,0.063751,0.44682,-0.12021,-0.054465,-0.019227,0.076104,-0.020309,-0.0032684,0.082037,0.040179,0.022523,0.13512,-0.23509,0.044578,-0.062875,0.018399,-0.024754,-0.12271,0.017553,-0.018957,-0.028857,0.083374,0.0080849,-0.066234,-0.06694,0.025693,0.037519,0.0082459,0.20552,-0.08278,-0.029456,0.086457,-0.40707,0.067881,0.06406,-0.056265,0.099766,-0.15519,-0.021904,-0.037033,0.060204,-0.027718,-0.057382,0.067585,0.18499,-0.036023,0.0052444,-0.12691,0.10179,-0.018591,0.011398,0.0028676,-0.050332,-0.17051,0.033091,-0.079028,0.17983,-0.0081502,-0.015952,0.0023013
0.0003792,-0.37452,0.36672,-0.03796,-0.084869,0.02897,-0.26784,0.026348,0.077661,-0.047631,-0.0046849,-0.16087,0.12432,-0.054823,0.081897,0.0088285,0.0065382,0.055885,0.10061,0.065461,-0.016522,-0.016658,-0.092711,-0.027785,0.060785,-0.048426,-0.055573,-0.032443,-0.040883,-0.078056,0.058711,0.036807,-0.028193,0.03131,0.10637,0.025927,0.090019,0.18005,0.066515,-0.027498,0.012337,0.00027508,0.32237,0.041805,0.059692,0.0034259,0.031416,0.049035,0.048795,0.29667,-0.017115,-0.069743,0.065991,-0.07717,0.077142,0.086311,0.032689,-0.13926,0.061941,0.10132,0.0028271,-0.087376,0.17344,-0.023916,-0.0091786,-0.01626,-0.011054,0.030092,0.052882,0.060794,-0.02752,-0.0021149,0.014318,0.043717,-0.015717,0.026032,-0.0056342,-0.021943,0.079885,0.010449,0.04796,-0.020513,-0.027325,0.073581,0.013245
-0.037566,0.13787,0.078736,-0.11088,-0.08686,-0.1798,0.088983,0.059763,0.35369,-0.08133,0.04683,0.055789,-0.069919,0.11234,-0.13352,-0.091203,-0.19338,-0.14305,0.012785,0.079713,-0.010356,0.14162,-0.084565,0.0010168,0.036834,-0.010035,-0.16025,-0.12128,0.0084074,0.040382,-0.16871,0.011824,0.029886,-0.01437,-0.20811,0.10566,0.05595,0.14052,-0.053027,0.071804,-0.0010674,-0.030686,0.12588,0.071559,0.014173,-0.0023038,0.082573,-0.13304,-0.10771,-0.061688,-0.017555,0.055338,0.032096,-0.18975,-0.045401,-0.039892,0.10598,0.22874,-0.17644,0.074303,-0.079104,0.02662,-0.044017,-0.037271,-0.0099973,0.10612,0.10685,0.054367,0.054929,0.048706,-0.023243,0.041811,-0.027786,0.079365,-0.011005,0.050262,0.0046152,0.028257,-0.009377,-0.041078,0.041824,-0.063878,-0.028084,-0.016747,0.0057685
-0.092467,0.10835,0.067117,0.20576,-0.075059,-0.056563,0.42485,0.10038,0.20888,-0.29419,0.023262,0.14709,-0.048907,-0.093963,0.090821,-0.082797,-0.18447,-0.060194,0.013998,-0.04168,0.33595,-0.10384,0.051766,0.0093561,-0.084121,0.12699,0.11554,-0.026727,-0.035984,-0.036692,-0.09889,0.004884,-0.074721,0.054126,0.048599,-0.080923,-0.047711,0.1643,0.10556,-0.060315,0.03765,-0.074747,0.17155,-0.0017122,-0.021518,-0.0617,0.16181,-0.15142,-0.0002672,-0.13456,0.098067,-0.039737,0.02068,0.14191,-0.21867,-0.15347,0.063389,0.17377,0.035933,-0.018708,0.031494,-0.011214,-0.041523,0.070349,0.057223,0.12682,0.093865,0.015821,-0.0087643,-0.12439,0.020058,-0.095347,0.068422,0.091356,0.06488,-0.051713,-0.016578,-0.029953,-0.027734,-0.012457,-0.038664,0.00029945,-0.03617,-0.046367,-0.0040437
-0.0080624,0.18972,0.061708,-0.15705,0.055979,0.023546,0.24549,-0.074668,-0.080321,0.19409,-0.0073367,-0.1102,0.19488,0.040577,0.29973,0.010415,-0.095067,0.055995,-0.071361,0.020349,0.015085,0.33117,0.0060009,0.044566,0.15303,-0.076742,0.081796,0.045435,0.039702,0.024247,0.036381,-0.0088699,0.010342,0.091903,0.076249,0.047437,0.021068,0.12813,0.01801,0.049169,-0.0060093,-0.024532,0.069265,0.0089515,-0.031634,0.010524,-0.049411,0.19576,0.058064,0.045708,-0.042618,-0.076123,0.17812,-0.096612,-0.026974,-0.010821,0.014057,0.012383,0.22828,-0.023228,0.070344,0.043835,0.047724,-0.06469,-0.0082423,0.13557,-0.032611,-0.029277,-0.058065,-0.09597,-0.035122,0.020183,-0.066755,0.079333,0.037664,-0.070633,0.064744,0.024159,-0.074735,-0.048675,0.00048238,0.066341,0.012248,0.024211,0.0054987
0.020483,-0.15635,-0.60566,0.41097,-0.004989,-0.1328,-0.12657,-0.10574,-0.24893,-0.29715,-0.074641,-0.21556,-0.083755,-0.032025,0.43922,0.059443,0.3961,-0.16558,-0.13583,-0.20688,0.15436,0.087656,0.15438,-0.11347,-0.024732,-0.051716,-0.54457,-0.16097,0.015485,-0.12032,0.05935,0.06557,-0.089075,0.13129,-0.14087,0.013697,-0.070737,-0.20563,-0.093794,-0.050445,0.009815,0.061106,0.036454,0.078603,-0.010802,0.019098,-0.085444,0.2661,0.20496,0.1884,-0.1702,0.0027344,-0.13067,0.30669,-0.11155,-0.089667,0.097366,0.24942,-0.30114,0.021917,0.032216,0.14985,0.012907,0.087708,0.037038,-0.013854,0.055526,-0.020678,0.025463,0.02281,0.072973,0.03681,0.063049,-0.054657,-0.019732,-0.077264,0.0068156,0.0060216,-0.0037355,-0.034114,-0.12022,-0.12209,0.09447,-0.078833,0.011237
0.029538,0.22271,0.49171,0.12263,-0.21884,0.13123,0.11164,0.057777,-0.30378,0.12727,0.14453,-0.083913,-0.15339,-0.1193,0.39916,0.12128,-0.61282,-0.053213,-0.020037,-0.026103,0.15758,0.037119,-0.14303,0.15509,-0.074857,-0.095657,-0.48357,-0.17244,-0.049904,-0.021888,0.23177,-0.0083591,0.044488,0.051846,0.30266,-0.10531,-0.084017,0.62196,-0.066332,0.055211,-0.0097458,-0.065959,0.2071,0.14734,0.074863,-0.1115,0.11069,0.17128,-0.027111,-0.12778,0.10664,-0.064927,-0.079071,-0.015038,-0.030645,0.097005,-0.02594,-0.22533,0.26089,0.00067089,-0.066939,0.017184,0.20672,0.13772,0.059671,0.044133,-0.029328,0.087464,0.068149,-0.052995,-0.072982,-0.046086,-0.045662,0.087646,-0.087121,-0.031573,0.019802,-0.015764,0.094813,0.12156,-0.088008,-0.026819,0.027495,-0.0015763,0.0039539
0.10314,0.084378,0.01138,0.14482,0.35827,-0.13291,-0.24262,-0.10738,0.17681,-0.14331,-0.068191,-0.15314,-0.10739,-0.0027177,0.35711,0.18326,0.022404,0.043539,-0.20167,-0.18968,-0.046922,-0.0099239,0.081909,-0.17939,0.22331,0.084756,-0.1227,0.014637,-0.12312,0.0050095,-0.038804,0.081011,0.12259,0.14296,0.34942,0.10211,0.06801,-0.32391,-0.018659,-0.18694,0.049393,0.0096599,-0.06305,-0.10738,-0.00024988,0.088018,-0.047695,-0.12512,-0.071546,-0.23988,-0.10962,0.028604,-0.11421,0.17662,-0.14354,0.31278,-0.041347,-0.18897,0.25868,-0.0048776,-0.061654,-0.0065428,0.087735,-0.00057161,0.010958,-0.015184,-0.084597,0.008687,-0.078269,0.030858,0.032874,-0.015503,0.055893,-0.010156,-0.074716,0.074197,-0.070345,0.098044,-0.023072,0.05093,-0.15586,-0.32276,0.059339,0.05627,0.0052291
-0.011497,0.078253,-0.10534,0.39195,-0.13294,0.039883,0.3517,0.080791,-0.24167,0.033641,-0.057132,-0.11041,0.043476,0.021735,0.057625,-0.049209,0.26689,-0.13808,-0.17249,0.085892,0.0236,0.043317,-0.031401,-0.038694,-0.026856,0.34369,0.087647,-0.05203,0.035556,0.083107,-0.081415,0.040056,-0.027937,0.085786,0.065754,0.048193,-0.08895,0.14776,0.046497,-0.0030513,-0.01193,0.014532,0.048554,-0.074425,0.016645,0.0099381,0.097298,0.30414,0.13985,0.26945,-0.11546,-0.067209,-0.13749,-0.076244,0.13639,0.19767,0.014563,-0.36191,0.04614,0.0073743,0.052128,-0.083656,0.05281,-0.02076,0.03038,0.047565,0.035764,0.064319,-0.04683,-0.018348,-0.02097,0.013309,0.030329,0.056995,0.0081525,0.037313,0.067106,-0.010255,-0.13107,0.089411,0.034498,-0.059195,0.01279,0.011237,0.011008
0.022006,0.0093675,-0.095553,-0.061584,-0.038585,-0.067323,-0.22217,-0.014155,0.093659,0.041442,0.024591,-0.013838,0.064697,0.058386,-0.085564,0.025794,0.021054,0.028385,0.013907,-0.039987,0.013524,0.0034433,0.015387,0.061126,-0.0089394,-0.00018486,0.046458,-0.030492,0.052555,0.015764,0.028529,-0.0016485,0.018461,0.038513,0.098793,-0.027238,-0.0069845,0.073509,-0.0091249,-0.081553,-0.0093795,0.018848,0.10524,-0.029231,-0.0097244,-9.2743e-05,-0.017602,0.059643,-0.012588,0.16349,-0.022771,-0.0041983,-0.023872,0.04209,-0.0098234,0.034798,-0.010815,-0.058887,0.063292,-0.035341,0.030171,-0.00042425,-0.0026233,0.025695,-0.0033317,-0.012293,-0.014542,-0.031662,-0.024727,0.030766,0.004261,-0.028944,-0.00685,0.02354,-0.029383,-0.013814,-0.023833,0.021815,0.06392,0.025689,0.0052062,-0.017284,0.0012957,0.0089628,-0.0018644
-0.062191,-0.063212,0.12817,-0.2146,-0.097639,0.043234,0.37252,0.15964,0.18151,-0.13636,0.087449,-0.028507,-0.077321,-0.18916,0.21461,0.048586,0.058291,-0.085715,-0.0053639,-0.066784,0.00043466,0.050802,-0.048419,-0.066981,-0.013387,0.037413,-0.25411,0.27058,-0.0065922,-0.086834,0.070701,0.013927,0.042911,0.041521,0.1501,-0.097119,0.019538,0.13999,0.013231,0.021124,0.069402,0.014676,0.087355,-0.061365,0.049713,0.085271,-0.015311,-0.38101,0.018715,0.058864,0.041418,0.035286,-0.07707,0.20989,0.19822,-0.033307,-0.061362,-0.14389,-0.025842,0.029558,-0.040786,-0.064733,0.011029,0.0060897,0.007105,0.0004274,0.024907,0.013209,0.030358,0.13726,0.0026238,0.040477,-0.039649,-0.042613,0.02736,-0.035597,0.002251,0.074551,0.18485,-0.041348,0.092591,0.063232,0.012295,0.070817,0.014294
-0.020326,-0.20523,0.24523,0.17527,-0.14791,0.12607,-0.14435,0.11081,0.18517,-0.17098,0.024019,0.047373,-0.12062,0.010038,0.030224,-0.11827,0.024498,0.066451,-0.11454,-0.033447,0.17683,0.081987,0.0080693,0.012925,-0.041702,-0.075036,-0.019832,0.12611,0.19518,0.020274,-0.083334,0.011073,-0.14872,-0.073767,-0.21377,-0.15846,-0.087493,0.10096,0.017973,-0.025182,-0.0096708,0.0005412,-0.1067,0.076579,0.061028,-0.057511,0.073543,-0.25029,0.043762,0.10947,0.029986,0.11426,0.14451,0.029299,0.098305,0.076158,0.040062,-0.21148,0.043956,0.04173,-0.059994,-0.026797,0.1057,0.019178,0.030009,-0.041253,0.038178,0.039655,0.051995,0.031966,0.020216,-0.05969,-0.10111,0.14465,0.024908,0.016849,-0.021511,-0.056984,-0.020621,-0.059591,0.020868,-0.018307,-0.036445,0.052602,0.0058361
0.052964,0.041652,-0.29486,0.22844,0.15088,0.17256,0.076442,0.052173,0.47638,0.087257,-0.025048,0.37981,-0.0593,0.12866,-0.014996,-0.093534,0.33458,0.072031,0.055325,0.14982,0.069709,-0.13184,-0.031573,-0.057941,0.088918,-0.25659,0.23854,0.17869,0.20584,0.34801,-0.064347,0.0077776,0.053548,-0.097815,0.11992,0.15618,-0.039233,0.21028,0.13015,0.19383,0.03166,0.079954,-0.26678,-0.022799,0.020457,0.025213,0.10115,0.16582,0.080845,0.24037,-0.010162,0.12383,0.040472,-0.24681,-0.027277,-0.12777,0.03685,0.042748,-0.10862,0.0055907,-0.080215,0.016092,0.32833,-0.10539,0.029301,-0.040073,-0.044244,-0.023539,0.065423,0.033491,0.028655,0.046458,0.0545,0.098837,0.027991,-0.01776,-0.037475,-0.025574,0.29066,0.09891,0.21368,-0.077409,0.0077573,0.053837,0.026884
0.037188,-0.081636,-0.041103,0.14666,0.13828,0.020573,0.0042992,0.094888,0.17603,-0.09072,-0.01659,-0.063282,0.15461,0.11506,-0.080236,-0.014067,-0.43944,0.010098,-0.11742,-0.0032323,0.0032548,-0.079693,0.016001,-0.056905,-0.1149,-0.032542,0.19023,-0.0066679,0.0039604,0.050079,0.23699,0.034797,0.10341,-0.030398,-0.096211,0.12266,-0.019019,0.043328,0.038886,-0.044475,-0.043698,0.029759,0.22125,0.037276,-0.0018896,0.023597,-0.0401,0.2331,0.088111,0.12182,-0.022005,-0.015841,0.0013129,0.012848,0.050818,0.047153,0.01411,0.0010793,0.0024743,0.0065968,0.095945,-0.025024,-0.12166,0.0032617,0.013158,-0.073223,-0.0397,-0.041755,0.0024637,0.043689,0.075117,0.04346,-0.0017575,-0.060525,0.015292,0.046991,0.0044622,0.025976,0.03481,0.010909,0.071749,0.061991,0.035158,-0.088081,0.016987
-0.025719,-0.44833,0.52034,-0.019572,0.22707,-0.14327,0.63566,0.2702,0.39313,0.55708,-0.0049163,0.61531,-0.092429,-0.11535,-0.082698,0.38625,0.788,-0.23624,-0.33774,0.025231,0.40275,0.0051828,0.02585,-0.19499,-0.21574,-0.075799,-0.61009,0.15663,0.2975,0.16274,-0.030523,0.36417,0.32358,0.23072,-0.031597,-0.035922,0.62319,0.63896,0.16209,-0.063289,-0.13055,0.065088,0.71979,0.12753,-0.0055021,-0.040383,0.52948,-0.085543,0.19073,0.020794,0.13632,0.14857,0.1932,0.45706,-0.0025056,0.091879,0.13027,0.12974,0.84155,0.13836,-0.034348,-0.13987,-0.17591,0.15941,-0.095307,0.040153,0.042163,-0.057658,-0.12221,0.37157,-0.018214,-0.17552,0.16027,0.35834,0.083547,0.084556,0.12229,0.14417,0.61594,-0.46583,0.1225,-0.1736,-0.11058,-0.23409,0.037373
0.031146,0.39799,-0.042757,-0.28849,-0.13524,-0.34348,0.099294,0.014058,-0.11101,-0.027897,-0.018329,0.26147,0.14095,0.17934,-0.32517,0.021706,0.082867,-0.023999,-0.096015,-0.066852,-0.12744,0.14601,0.12658,-0.048806,0.071782,-0.13535,0.1901,0.16014,0.091458,0.029215,-0.055808,0.042483,-0.05337,-0.2378,0.0034467,-0.12984,-0.050153,-0.15308,-0.062396,-0.17213,-0.017843,0.072744,-0.019622,-0.12245,0.084123,0.0016979,-0.07367,0.087154,-0.016195,0.34826,-0.034321,-0.1454,-0.27695,0.051937,0.20293,-0.089375,-0.05125,-0.23254,-0.093548,-0.091524,0.11645,-0.005268,-0.14412,0.06711,-0.0021005,-0.082172,0.052056,0.033329,-0.026448,-0.28364,0.045225,0.010754,-0.076996,-0.042136,0.0086655,-0.0078767,0.024255,0.056514,0.084198,0.031465,0.089656,0.13052,0.10031,0.041664,0.0044065
0.016554,-0.26602,0.0049183,0.19914,0.13823,-0.020804,0.194,0.10178,-0.16022,-0.033932,-0.04919,0.26437,-0.21338,0.032959,-0.077956,-0.0059507,-0.18107,0.080892,0.11965,-0.044033,0.014655,-0.033057,-0.091912,-0.065034,0.052407,0.12931,-0.013959,-0.16212,0.01089,-0.0077706,-0.085851,0.033762,-0.029421,0.33283,0.20898,0.024202,-0.019005,0.25197,0.023648,0.073508,0.019492,-0.030835,-0.059987,-0.11189,-0.071228,-0.027091,0.1037,0.3239,-0.050583,-0.119,0.063548,0.021368,0.046718,-0.10404,-0.085036,-0.04165,0.0017452,0.076152,-0.25034,0.0043058,-0.15764,0.03697,0.0027561,-0.0087262,0.066068,-0.012472,0.067523,0.039499,-0.031934,0.029147,-0.037219,-0.025777,0.063968,-0.011736,-0.033353,-0.093967,0.019426,-0.027117,-0.046027,-0.12656,-0.23537,0.046087,-0.032704,-0.05352,-0.0084646
-0.022021,0.11943,0.0020601,-0.2385,-0.034464,-0.13123,0.18171,0.016688,0.21565,-0.15895,0.02786,0.018828,0.03838,0.027412,-0.073964,0.022286,-0.038062,-0.007741,-0.027297,-0.021303,0.052077,-0.067386,-0.019986,0.0031077,0.046413,-0.049744,-0.16543,0.050151,0.042803,-0.048716,0.048651,0.018843,0.10963,-0.14435,0.20598,-0.027969,0.0091492,-0.068776,0.083689,-0.00072073,-0.01049,0.00085349,-0.01856,0.056871,0.055693,0.040398,0.087524,-0.021677,-0.013432,-0.057774,0.040208,0.02838,0.16183,-0.048004,0.11099,-0.1294,0.0143,-0.013317,0.10487,0.0070047,0.096309,-0.02382,-0.12932,-0.053347,-0.003222,0.01262,-0.014349,-0.0063515,-0.0043664,-0.0064478,0.018963,0.017124,0.0048628,0.045245,0.0091939,-0.0010915,-0.0062532,0.040287,0.089536,0.094911,0.054739,0.062796,0.012429,0.016488,0.010259
0.006572,-0.082021,-0.34037,-0.020036,-0.057356,0.22195,-0.19867,-0.071227,-0.042458,-0.10538,-0.077482,-0.3564,0.038214,-0.19581,0.10629,-0.050377,-0.15285,-0.044582,0.21262,0.14296,0.063443,-0.015268,-0.014178,-0.061288,-0.12614,0.04452,0.13592,-0.062264,-0.097169,-0.11195,-0.055002,0.062624,0.086637,0.13044,0.13032,0.18299,-0.032354,0.2965,-0.028316,0.030711,-0.010371,-0.012837,-0.10089,0.056995,0.03195,0.012984,0.084548,-0.23682,0.059168,-0.08013,-0.063058,0.014388,0.10278,0.030529,0.059168,-0.052628,0.12866,-0.22628,-0.067587,-0.020708,0.013115,0.089713,-0.050825,-0.033857,0.0021785,-0.021345,-0.01772,0.046628,0.017586,0.042184,-0.051639,0.00018039,-0.023679,0.029552,0.036858,0.034766,0.049456,-0.041501,-0.13093,-0.21123,0.089614,0.026,-0.0089341,0.01675,0.0063713
0.092174,0.12098,-0.47976,-0.0096691,-0.082767,0.14288,0.31862,-0.064107,-0.10212,0.042146,-0.047129,-0.079868,0.21194,0.0052386,0.16396,0.075953,0.16755,0.066225,-0.13514,0.087928,-0.14781,0.17035,-0.067526,0.076264,-0.087783,0.1453,0.38164,-0.061378,-0.054238,0.03621,0.040903,-0.064572,-0.067843,0.014015,-0.11227,-0.033489,0.20528,-0.10692,-0.15028,-0.076618,0.032703,-0.017987,0.12886,-0.090858,-0.035507,-0.042447,-0.034009,0.57769,-0.10101,0.099719,-0.081467,-0.039717,-0.35143,0.036436,-0.075919,-0.076139,-0.16839,-0.26568,0.16309,-0.036163,0.076758,-0.097094,0.11102,0.0091351,0.005153,-0.0058316,-0.071146,0.036176,0.018253,-0.15552,0.030857,0.017653,0.062801,-0.027563,0.045253,-0.11161,-0.00088661,-0.069432,-0.059621,-0.05664,0.015132,-0.03506,-0.0085199,-0.066209,-0.016495
-0.010614,0.015804,-0.1113,0.059451,0.0019876,-0.03777,0.015281,0.012625,-0.14512,0.061568,0.032538,0.070297,-0.013034,0.040387,0.049874,0.060006,-0.096129,0.099267,0.056171,0.031326,0.018098,0.018172,-0.0058318,0.053356,0.035829,-0.041283,0.032058,0.010655,0.020943,0.0141,0.063931,0.033146,0.028876,-0.0039785,-0.1623,0.014568,-0.010558,0.13,-0.043467,-0.00094352,0.001092,0.021605,-0.032978,0.0031181,-0.017515,-0.0038275,-0.008301,-0.041253,-0.062181,-0.034161,-0.012214,0.014589,0.00061934,-0.023555,-0.027438,-0.0032726,-0.0047067,-0.035215,-0.1703,0.0011842,0.046972,-0.025172,0.053448,0.029345,-0.026372,0.0087078,-0.017079,-0.012385,0.00708,-0.037849,0.005376,0.016798,0.033669,0.0096711,-0.014315,-0.0082837,-0.023263,-0.013101,-0.072885,-0.025166,0.0071547,0.0045143,-0.0015045,-0.020781,0.0010705
0.0062647,-0.14254,-0.43291,0.29354,0.35561,-0.26872,-0.074349,-0.041318,-0.0029186,-0.042225,-0.05568,0.29679,0.048353,0.059656,-0.028874,-0.10088,0.34864,0.077064,0.11963,0.055387,0.055283,0.14655,0.012077,0.050245,0.21904,-0.20535,-0.47108,0.057684,0.24222,0.12739,0.084377,0.038896,0.012304,0.088457,0.16646,0.047773,0.054331,-0.3329,0.028881,-0.065729,-0.051192,0.055316,-0.19956,-0.10179,0.057518,-0.10101,-0.35829,0.15749,0.024184,-0.15525,-0.10418,-0.11123,0.30433,0.15702,0.10671,-0.096191,-0.15672,-0.18977,0.33788,-0.0035933,0.086349,0.05093,0.30402,0.11044,-0.022576,-0.037071,-0.0036973,-0.085947,0.064062,-0.11749,-0.0044529,-0.073625,-0.029292,0.19217,-0.064815,0.018755,-0.016756,0.045728,0.021683,-0.22748,0.061722,0.28543,0.1041,-0.10478,0.0033801
0.005585,-0.052987,0.13581,-0.82979,0.03412,-0.25125,-0.040078,0.2263,0.12136,-0.034565,-0.024474,0.11567,0.067896,0.013214,0.0033662,-0.013661,-0.025041,0.20114,0.34325,-0.03447,0.022213,0.031441,-0.082562,0.015088,-0.043042,-0.043641,-0.1109,-0.074868,-0.039537,-0.052879,0.029018,-0.0086432,0.021322,0.16142,0.17188,-0.00041388,0.022253,-0.16962,0.21008,0.14622,0.07544,0.0036077,0.048107,0.008867,0.025284,0.065443,0.086267,-0.073926,0.12869,-0.066577,-0.11344,-0.0028082,-0.14201,0.08785,0.20656,-0.1943,0.0039064,-0.0005884,-0.077258,-0.054156,-0.053802,-0.063895,-0.20077,-0.065052,-0.10097,-0.026653,0.12293,-0.029458,0.062889,-0.023549,0.041201,-0.031238,0.02957,-0.051092,-0.011764,-0.01697,0.0192,0.017041,0.12721,0.039948,0.084671,0.071752,0.084718,-0.053205,0.004019
-0.11351,0.20738,0.18912,-0.33141,0.029916,-0.025075,-0.46388,0.24308,-0.59857,0.043317,-0.065437,-0.608,-0.00078784,-0.045984,-0.12093,0.3115,-0.53347,0.44914,0.17212,0.39862,-0.34602,0.16281,0.2037,-0.12956,0.10669,0.2624,0.76837,0.15062,0.26982,-0.1309,-0.0073129,-0.089726,-0.14292,-0.21403,-0.93193,-0.087392,0.12355,0.033993,0.11287,0.78483,0.26458,0.076773,-0.4461,0.17191,0.18993,0.32159,0.50359,-0.11005,0.33634,0.22373,0.22715,-0.0067167,-0.59611,0.0039419,0.46797,-0.10049,-0.063813,-0.82805,0.69301,0.10417,-0.60888,0.13637,0.38027,-0.17013,-0.071586,-0.14673,-0.083127,0.023698,-0.10005,-0.12124,0.26384,0.010153,-0.017586,0.18122,-0.050191,-0.075185,-0.15571,0.047018,-0.24805,0.34449,0.50889,0.049476,0.0013416,0.20507,0.015897
-0.001172,-1.1972,-0.023906,0.35406,0.32558,0.31238,-0.8235,0.018233,-0.55966,0.10673,-0.0054282,-0.15882,-0.25738,0.54264,-0.66904,-0.17654,-1.4976,0.028412,0.25289,0.3071,0.20967,-0.336,0.10771,0.12476,-0.082873,0.12316,1.5846,-0.48494,-0.088292,0.061348,0.11796,0.24519,0.0011992,0.1189,0.81872,0.045665,0.18079,-0.13636,0.072198,0.16042,0.22318,0.20168,-0.74465,-0.085377,-0.040224,0.063351,-0.38045,-0.42208,-0.3791,0.30608,-0.04387,-0.045739,0.8501,-0.2925,-0.81317,0.17054,0.071117,1.0658,-0.19251,0.040366,-0.070919,0.038065,0.13949,0.24004,0.084348,-0.23201,0.074107,0.032706,-0.086245,-0.097628,-0.017049,0.15504,-0.19653,-0.43505,-0.24012,-0.17156,-0.12324,-0.21223,-0.061021,0.25195,0.01537,-0.59448,0.18681,0.10086,0.0084049
-0.029842,-0.04372,-0.30471,0.002545,-0.033281,0.071871,-0.070445,0.013069,-0.073437,0.025329,-0.034778,0.025701,-0.15247,0.033826,-0.095467,0.0053423,0.017411,-0.0079908,-0.0048342,-0.055565,-0.0092927,-0.093127,0.032413,-0.096523,-0.06653,-0.017428,0.23386,-0.052215,0.0077495,0.011064,0.049817,-0.02647,-0.046382,0.16447,0.1448,0.011098,0.010138,-0.17531,-0.024544,0.009377,0.0038698,-0.013446,0.009784,-0.014101,0.0020944,0.035024,-0.13454,-0.012228,0.02991,-0.078547,0.019663,-0.056293,0.029779,0.078854,-0.094335,0.041837,0.019558,-0.078315,-0.013627,0.020974,-0.015384,0.051938,0.040314,-0.025507,0.015744,-0.010967,0.023,-0.03527,0.019802,-0.065252,0.009092,0.022583,-0.010533,-0.076883,-0.023873,-0.022549,0.00026058,-0.031579,-0.024347,0.043959,0.010013,0.0064046,0.0166,0.02077,-0.0040137
0.037129,-0.19367,-0.60825,0.19138,-0.14547,-0.050589,0.40263,-0.14961,0.01475,-0.033425,-0.041254,0.25103,0.072401,0.09673,-0.3434,0.071213,-0.11537,0.031646,0.042675,-0.01751,-0.027448,-0.07119,0.044692,0.093569,0.075496,-0.068743,-0.14049,0.22632,0.38383,-0.047935,0.013226,-0.035979,0.18318,0.21854,-0.25623,0.19311,-0.14413,0.14254,0.0041757,-0.15647,0.066292,-0.044542,0.46506,0.27406,-0.058773,-0.049426,-0.079117,0.11858,-0.17695,-0.41554,0.029211,0.17113,0.09033,0.073645,0.38078,0.33207,-0.0094883,-0.19035,-0.26939,0.083246,0.11008,-0.17157,0.29067,0.025098,0.024665,-0.023213,0.050358,-0.071896,0.0097043,0.11215,0.05115,-0.058042,-0.087036,-0.060574,-0.033138,0.031232,0.090087,-0.048831,-0.059494,-0.046311,-0.048322,0.096635,0.039607,0.026514,-0.0019835
-0.03984,0.34318,0.22216,0.077628,-0.024431,-0.23276,-0.14413,-0.080902,-0.19008,-0.38315,0.19697,-0.052366,0.1224,0.072791,0.13288,-0.13001,0.58315,0.010817,-0.018235,-0.28458,0.18279,-0.12373,-0.41988,-0.10804,-0.089948,0.022819,-0.58427,-0.84079,-0.16837,0.073471,-0.12274,0.0053593,-0.047743,-0.023448,0.40049,-0.20024,-0.059305,-0.42514,0.055959,0.22203,-0.047349,0.011015,-0.3828,0.20644,0.089157,-0.067258,-0.054246,0.49161,0.19851,0.13187,-0.0258,0.22568,-0.029528,-0.31132,-0.094157,0.0043166,0.10435,0.33201,0.1874,-0.064713,0.22049,0.23555,-0.05903,-0.014996,-0.050435,0.19926,0.20284,-0.049133,-0.024643,0.053641,0.01113,0.075131,-0.023297,0.013307,-0.087612,-0.17777,0.03034,0.11338,0.17781,0.16447,0.15034,0.083386,0.067049,0.069654,-0.0019803
0.0039491,0.47363,0.46085,-0.52284,0.098861,0.17991,0.61083,0.078369,0.027326,-0.23685,0.037609,0.049514,0.071799,-0.41913,0.047706,-0.19847,-0.93995,-0.11303,0.096194,0.12402,-0.11126,0.1955,-0.13814,0.24389,-0.05173,-0.26688,-0.89022,-0.0060417,0.066557,0.066849,0.16984,-0.023019,0.11752,0.046582,0.16046,-0.044313,-0.062203,0.22619,0.050996,0.010637,0.015017,-0.034473,0.20329,0.13244,0.025392,0.13882,-0.30083,-0.17401,-0.08439,0.17331,0.15826,0.019515,-0.36889,-0.099078,0.27173,-0.10359,0.040758,-0.3021,-0.33875,0.017019,0.037114,0.0033375,-0.32906,0.081449,0.075934,-0.037204,0.067653,-0.14204,0.12022,0.016476,-0.017058,-0.025638,-0.037161,0.22886,-0.071199,0.033225,0.063771,0.064405,-0.18996,-0.027055,-0.049842,0.1102,-0.097022,0.093087,0.014019
-0.018016,-0.06344,-0.099047,-0.42306,-0.057111,0.34774,0.055731,-0.036062,-0.25161,-0.14927,-0.097586,-0.090505,0.16628,0.079432,-0.039628,0.0036821,-0.35004,-0.035944,-0.065688,-0.017825,0.00060708,0.10944,0.0093461,0.019553,0.043293,0.068635,0.041765,0.075279,0.015598,-0.04074,0.046288,-0.014341,-0.023745,0.03146,-0.0020233,0.085959,0.0050648,-0.14566,-0.041584,-0.017791,0.032557,0.0065392,-0.13838,-0.033992,-0.047788,-0.0057948,0.22314,0.12304,-0.011016,-0.027315,0.081892,0.17028,-0.058967,-0.0093404,-0.026321,-0.056017,0.031752,-0.07503,-0.10697,-0.015174,-0.0084994,-0.064383,-0.045618,-0.0029836,0.021287,-0.076669,-0.11237,-0.032614,0.041741,0.020595,0.011777,-0.028544,0.001544,-0.014877,0.0065485,-0.023195,0.01441,0.027486,-0.031989,0.033544,0.061107,0.10858,-0.0074014,0.0090175,-0.00053864
0.013679,-0.046052,-0.11176,-0.22219,0.0045294,-0.0021303,-0.089309,0.022824,0.016024,-0.098063,-0.024687,-0.082604,0.0095658,-0.015258,0.008439,-0.00049253,-0.0068295,0.0069165,0.050377,-0.0022753,-0.077665,0.029485,0.0011838,0.08345,0.045087,0.012345,0.045063,0.012152,0.025998,-0.023717,0.047436,0.00034181,0.018343,-0.0035153,-0.016593,-0.064788,0.019094,-0.039669,-0.037749,-0.013423,0.0078654,-0.004958,0.031624,-0.045166,-0.018268,-0.0083488,-0.037527,0.078715,-0.032088,0.098387,-0.0049785,-0.0067413,0.010446,-0.034986,0.074368,0.10357,-0.0056282,0.024084,0.048411,0.013469,-0.0086218,-0.057644,0.035566,0.011158,-0.014621,0.0035482,-0.038503,-0.026786,-0.00011812,0.0082601,0.00016057,-0.0070926,-0.0078847,-0.038946,-0.022037,0.0075056,0.011532,0.028893,0.026794,-0.043547,-0.025348,0.04751,0.00198,-0.0011326,-0.0044831
0.016804,0.28678,0.11554,0.29651,0.25253,0.053288,0.2108,0.043162,-0.49115,-0.069248,-0.027074,-0.092984,0.022249,-0.044319,0.0027308,0.10583,0.41958,-0.039831,-0.10332,-0.018295,-0.14893,0.16277,-0.021464,0.017517,-0.073683,-0.034938,0.030338,-0.059921,-0.065627,-0.028066,-0.0035907,-0.047433,1.7937e-05,-0.017366,0.033412,0.12952,0.037085,-0.020147,-0.020833,-0.027965,0.0090392,-0.031847,-0.044779,-0.045283,0.061347,0.02642,-0.086086,0.017998,0.15419,0.13,-0.071261,-0.04688,-0.15235,0.012877,0.030847,-0.057678,-0.042658,-0.048683,-0.047084,0.018681,0.0086464,-0.046306,0.062129,-0.0072369,-0.0063564,0.063511,0.012173,0.012144,-0.074624,0.051018,-0.058998,0.028342,0.0026319,-0.063358,0.013822,0.023439,0.050469,-0.00027289,-0.010321,0.15868,0.045707,0.065728,0.0076019,0.0068971,0.0044453
-0.010017,0.068717,0.14276,0.044601,0.12985,-0.050554,0.1029,0.062242,-0.0037627,0.0061166,0.028638,0.0070894,-0.059812,-0.0057555,-0.041056,0.050887,0.028113,0.0046325,0.032641,0.019243,-0.026298,-0.032198,-0.00080122,-0.026079,0.026237,-0.031327,0.047406,-0.0077163,-0.0056587,0.0030965,-0.069957,0.0070762,-0.00088389,-0.057547,-0.065289,0.0039202,0.027467,-0.13816,0.00057869,-0.060186,-0.01839,0.021249,-0.093366,0.017704,0.011474,-0.01084,0.05995,-0.05688,0.057185,0.20298,-0.013011,-0.060182,-0.023338,-0.038744,0.016806,-0.054466,0.037942,-0.12466,0.049159,-0.0050422,-0.056863,0.0098168,0.0031566,-0.0010007,0.0099494,0.029478,0.038626,0.014909,0.0011186,-0.056001,-0.034518,0.033443,0.016288,0.0001198,0.040157,-0.017819,-0.035146,0.011483,0.066403,0.1113,0.018606,-0.054268,0.023468,0.017301,0.0049336
0.090262,0.40543,0.39539,-0.28244,-0.069629,-0.17302,0.081878,-0.16868,-0.13221,0.0042006,0.067299,-0.083521,-0.19319,-0.11604,0.15045,0.23127,-0.34129,0.14985,0.16612,-0.060803,0.17207,-0.13825,0.093685,0.04345,-0.2046,0.18994,-0.02775,-0.14215,0.024542,-0.028238,-0.12685,-0.058582,-0.071499,0.0058301,0.096581,-0.10664,0.027641,0.29959,0.13796,-0.087124,0.024576,-0.060004,0.2359,0.026163,0.08277,0.02957,0.37407,0.012199,-0.068913,0.67994,0.25287,0.090648,-0.032908,-0.29821,0.11712,-0.058549,-0.04819,-0.17858,0.19804,0.028381,-0.038638,-0.12808,-0.045488,0.036619,0.061905,0.041691,0.14806,0.007201,-0.034115,-0.28497,-0.03454,0.069446,0.036534,-0.19438,0.0042113,0.04312,-0.034155,0.086871,0.18601,0.11457,-0.10417,0.087853,-0.06717,0.018257,0.014571
0.1179,0.87477,-0.17879,-0.51907,-0.078744,0.044597,-0.026881,-0.1281,-0.095192,-0.17526,-0.036318,-0.011883,0.024757,-0.048048,-0.13168,-0.098166,-0.24386,0.023956,-0.2616,-0.033839,-0.25931,-0.05509,-0.041812,0.05258,0.010311,0.1058,0.32937,0.054877,0.10509,0.066529,0.12655,0.027378,0.032132,0.090334,-0.1702,-0.13059,0.13748,-0.048443,-0.050398,-0.036817,0.063151,-0.017822,0.12032,-0.050697,0.0069,0.039262,0.048156,-0.40776,0.1111,-0.61706,0.050997,0.29602,-0.17788,-0.17522,-0.092526,-0.012767,-0.022295,-0.074718,-0.13822,-0.020919,0.047618,-0.036481,-0.0054239,-0.026046,-0.019812,-0.11856,0.0063916,-0.011374,0.022773,-0.13053,0.05161,-0.026458,0.038193,0.1547,-0.065549,0.06008,0.078285,0.047868,-0.042087,-0.0025196,-0.037215,0.07979,0.11041,-0.059906,0.0054966
0.040257,-0.089633,-0.18633,-0.19298,0.21806,0.12179,0.28581,-0.028131,-0.23635,0.096367,-0.067402,-0.11055,-0.05186,0.11552,-0.064874,-0.024593,0.011522,-0.021052,-0.041219,0.057809,0.054707,-0.05174,0.070396,-0.065887,-0.017257,0.07152,0.093597,0.022946,0.045017,-0.0076319,0.030452,0.026935,0.055973,-0.066899,0.018925,-0.019914,0.0031768,-0.046465,-0.046476,0.0047266,0.020799,0.0034546,-0.093391,-0.062218,-0.014818,-0.033485,0.036724,0.072849,0.08217,-0.27773,0.015268,-0.024405,0.1206,-0.01109,-0.095145,-0.004154,0.0444,0.13558,0.13778,-0.016085,0.018679,-0.0024462,0.023797,0.014856,0.0060177,-0.021858,-0.013553,0.0011324,-0.02767,0.093367,0.029192,-0.0011623,0.043172,0.060894,-0.029902,-0.0035085,-0.020097,-0.018887,-0.069991,-0.084393,-0.16937,-0.018936,-0.0036536,-0.050793,-0.0028481
0.039981,0.27211,0.14109,0.044002,-0.014037,-0.12939,-0.083894,-0.11317,0.097484,-0.10134,-0.027348,0.047611,0.14013,0.023993,-0.10796,0.018543,0.25869,-0.045196,-0.0062934,-0.027336,-0.09426,-0.01963,-0.025696,0.0048498,-0.03087,0.03955,-0.033297,-0.062873,-0.1516,-0.025646,-0.022369,0.021336,0.043559,-0.088922,-0.056933,-0.0029081,0.07276,-0.039061,-0.057445,-0.14253,0.030904,0.051767,0.18487,-0.018008,0.014592,0.024388,0.096236,-0.045887,0.086856,-0.065786,-0.032946,-0.01178,-0.075461,0.1521,-0.071994,0.0085877,0.040983,0.092129,-0.085602,0.013804,-0.094523,-0.073521,0.0048622,-0.0034829,-0.028424,0.0679,-0.029285,0.011391,-0.0098657,-0.065526,-0.037088,-0.018243,0.009675,0.036189,0.042173,-0.027226,-0.027874,0.025109,-0.02769,0.018821,0.082241,0.04962,-0.0014034,0.0015242,-0.0046124
0.024789,-0.40828,0.02745,-0.15158,0.19085,0.041109,0.17948,0.028927,0.0010421,-0.013244,-0.05558,-0.026264,0.063835,0.057494,-0.079186,0.046615,-0.0052226,-0.099165,-0.020281,-0.0024621,-0.051192,-0.063021,0.12903,-0.022679,-0.11327,0.11961,0.043636,-0.093859,-0.14997,-0.094552,-0.017253,-0.033208,0.016998,-0.14803,0.043762,0.083899,-0.12857,-0.055455,-0.017842,-0.055647,0.016782,0.0061775,-0.20459,-0.064781,-0.013689,-0.043988,0.045118,-0.34967,-0.0095135,-0.13524,-0.023857,0.038546,-0.05605,0.14,0.14829,0.015968,0.026274,-0.11375,0.11821,-0.041196,0.11907,0.030399,-0.11841,0.032968,0.029765,-0.0027289,-0.084668,0.031537,-0.053897,-0.090905,0.0064897,0.013223,0.025135,-0.089853,0.064781,-0.028445,0.026299,-0.0023292,-0.24823,0.075246,-0.066086,-0.043322,-0.040609,-0.011041,-0.0085617
-0.016934,0.30653,0.13659,0.029927,-0.1367,0.090077,0.20281,0.033748,0.13606,-0.054462,0.068377,-0.1056,0.14969,-0.029022,0.060314,-0.043615,0.33932,-0.1251,0.2223,0.18329,0.015665,-0.024094,-0.17327,0.056293,0.13546,0.08516,-0.32057,0.13009,-0.033343,-0.0302,0.083145,-0.0019487,0.044854,-0.062225,-0.32006,0.009613,0.063481,0.064794,0.021411,0.069851,0.031415,0.023385,0.10746,0.14634,0.092019,-0.049534,0.033015,0.096073,0.12507,0.052839,0.0021974,-0.08334,0.26526,-0.026503,0.060708,0.10145,0.093576,-0.14016,0.17232,0.0096,-0.0059365,-0.12991,0.048517,0.051579,0.011564,0.14729,0.090811,0.050613,0.016434,-0.00022682,0.0040598,0.025001,-0.019759,-0.027048,0.017651,-0.010047,-0.014094,-0.031761,0.15225,0.26765,0.099541,0.065965,-0.012089,0.023803,0.020018
0.011552,-0.12675,-0.055093,0.23312,-0.11236,-0.20852,-0.65364,-0.063384,0.28237,0.13638,0.050129,-0.11387,-0.029044,-0.050726,0.1921,0.11237,0.38462,-0.04491,0.021463,-0.26439,0.095901,-0.065656,0.040656,0.019193,-0.070958,-0.11998,0.14688,-0.29283,-0.24938,-0.01238,-0.095369,0.0030289,-0.12074,-0.17561,0.31281,0.087234,0.037746,-0.27678,-0.067386,0.084143,-0.012638,-0.034069,-0.20237,0.1436,0.1379,0.12407,-0.022693,0.14393,0.15162,0.062707,0.044431,0.042316,0.065966,0.25824,-0.24351,0.18637,0.32945,-0.10399,-0.05275,-0.024918,-0.008434,-0.0084036,0.070508,-0.10218,0.10798,-0.035549,0.018811,0.035451,0.1001,-0.35149,-0.062191,-0.0086933,-0.042226,-0.071054,-0.060434,-0.022652,-0.028158,-0.078779,-0.49101,0.204,0.12634,-0.050385,-0.051309,0.013619,0.0070383
-0.038944,0.0041763,0.0098617,-0.11978,0.049412,-0.065398,-0.030387,-0.011863,0.018585,0.09682,-0.030257,0.039339,-0.0027742,0.060883,0.090781,-0.040404,-0.10299,-0.048224,0.038498,0.021,-0.025403,-0.0058356,0.085326,-0.0049946,-0.031533,-0.014765,0.056488,-0.036204,-0.030473,-0.012009,-0.018714,0.025638,-0.014257,-0.080439,-0.10244,-0.0055164,-0.0097741,0.060609,-0.016378,0.031989,0.012564,-0.017574,-0.27778,-0.0028384,-0.053738,-0.016027,-0.092707,0.21275,0.0036593,-0.09777,0.016186,-0.11376,0.10717,-0.066949,0.053286,-0.021407,0.061485,0.0001047,0.010681,0.026727,0.01633,0.0051526,0.060012,0.033317,-0.0079031,0.017115,-0.0079082,-0.0019821,-0.01466,0.047716,0.026644,-0.0058132,0.015047,-0.08028,0.031632,-0.011485,0.016991,-0.0082276,-0.0171,-0.048991,-0.038809,0.048502,0.015838,-0.026637,-0.0031052
0.0093084,-0.13245,-0.07737,0.25011,0.15191,0.094423,-0.0063173,0.035611,0.074241,-0.020584,0.04493,-0.049431,-0.021047,-0.014997,0.12061,0.064068,-0.11914,0.00020056,0.023812,0.090645,0.044522,-0.035236,-0.012738,0.018493,-0.06074,0.053866,-0.047986,0.10639,-0.038911,0.030263,-0.027531,-0.013149,-0.014621,0.015205,0.061307,-0.041208,-0.016087,-0.057309,-0.052395,0.052754,-0.021748,0.001922,-0.034113,-0.045398,-0.03543,-0.065438,0.012073,0.11276,-0.035473,0.0015723,-0.013914,-0.0081088,0.079056,-0.0125,-0.012426,0.059757,-0.0019189,0.10461,0.029821,0.058078,-0.041899,-0.118,0.096661,-0.024491,0.008747,0.036782,0.029806,0.007989,-0.0075538,0.13136,-0.013217,0.014736,-0.043506,-0.05271,0.0063843,0.0085432,0.017292,0.014807,-0.10259,-0.0096917,-0.046463,-0.03247,0.010217,0.016537,-0.0014085
-0.060049,-0.55808,0.26926,0.81464,-0.52608,-0.089517,0.53324,-0.043716,-0.54437,-0.08615,-0.017835,0.1113,-0.12257,0.09227,-0.066962,-0.22448,-0.69946,-0.061647,0.02162,-0.055218,-0.31949,-0.095091,0.016496,-0.19053,0.094077,-0.089648,0.28487,-0.22593,-0.19487,0.14401,-0.054852,-0.0046589,-0.1857,0.0095475,-0.061344,-0.12642,0.020846,0.19177,-0.043832,0.0025549,0.081578,-0.031332,-0.17333,0.13102,0.1191,0.14879,-0.0033993,-0.085998,0.023214,0.03536,0.068676,0.24835,0.091233,0.040101,-0.28643,-0.1454,-0.079299,0.033667,-0.071747,0.29054,0.033241,0.17294,0.33516,-0.008359,0.062904,-0.12529,-0.0064389,0.0053876,0.13448,0.066836,-0.072721,-0.04912,0.047705,-0.017711,0.12726,-0.0097616,-0.075961,-0.11008,-0.023185,0.013838,0.12299,-0.081219,-0.01177,-0.015484,0.016036
0.028542,-0.16994,0.17552,0.29706,0.011931,-0.27579,0.38041,0.21237,-0.17693,0.21933,-0.0042398,-0.15876,0.21907,-0.17815,0.055724,0.0088325,0.12964,0.10174,-0.052317,0.075269,-0.016996,0.35494,-0.035069,0.056784,0.17393,0.2362,-0.25017,-0.078376,-0.1387,-0.061431,-0.19015,-0.058382,0.083836,-0.19844,-0.18135,-0.092557,0.013362,-0.18768,-0.048377,-0.11179,0.041254,-0.015648,0.12153,0.027935,-0.039697,-0.061197,-0.059437,0.19754,-0.060147,-0.21814,0.031722,0.046025,0.045598,0.0035439,0.012937,-0.096419,0.045455,0.083199,0.1251,0.010832,0.33174,0.099262,-0.13096,-0.11827,-0.036016,0.10482,-0.095034,-0.011507,0.090759,0.14695,-0.079167,0.028709,0.082271,-0.11805,0.058697,-0.02898,0.10502,-0.030348,-0.04251,0.018622,-0.043247,-0.20091,-0.040644,0.010104,0.004676
0.047878,0.31703,0.33023,0.37592,-0.11949,0.014602,0.13791,-0.103,-0.31545,0.017532,-0.0081009,-0.084649,-0.16212,-0.035842,-0.062515,0.017666,0.3319,-0.10375,0.019256,-0.075077,-0.07447,0.19312,0.13579,0.14451,0.035255,-0.14588,0.11631,-0.28724,0.11014,0.029751,0.051235,-0.051342,-0.083961,0.1353,-0.025651,0.096062,0.14861,-0.039649,-0.035036,-0.010621,-0.017525,0.017948,-0.025485,0.041407,-0.018807,0.13134,-0.15416,0.51033,-0.06758,-0.018685,-0.084216,-0.26437,-0.38872,0.22715,0.011358,0.22409,-0.19083,-0.040123,0.035091,-0.063021,0.097531,0.30421,0.04859,0.038628,0.022754,-0.011831,0.033095,0.040213,0.03431,-0.069417,0.057991,0.031165,-0.058242,-0.13057,-0.020286,0.053661,0.0083406,0.001541,-0.016275,0.069672,-0.0028652,-0.17269,-0.043199,0.090479,0.007082
0.020173,-0.24066,0.189,-0.035301,0.036195,-0.026386,0.035394,0.044719,0.019533,-0.023914,-0.0096999,0.066516,-0.039225,-0.0002071,-0.12871,0.063708,0.028343,-0.2262,-0.062124,-0.12702,0.070574,0.012919,0.020437,0.00079288,0.0046945,-0.051642,-0.38986,0.19213,0.055652,-0.02228,0.055685,0.0077382,0.045574,0.088381,0.023521,0.048936,-0.11429,-0.21688,0.07299,0.026661,-0.0009445,-0.0046695,0.033982,0.062161,0.0095487,0.047935,-0.22802,-0.14878,0.083697,-0.12434,-0.002351,-0.15214,0.12952,0.064085,-0.091302,-0.047983,-0.024085,-0.08279,-0.18271,-0.05373,0.097502,0.011554,0.25523,-0.032559,0.027869,0.043671,0.043247,-0.004673,0.041871,-0.15101,0.025397,0.014524,0.022513,0.0075902,-0.026692,0.014698,0.012416,0.065188,0.098059,0.11477,0.104,0.0010155,0.032097,-0.015433,0.008058
0.019509,0.079564,-0.21395,-0.64964,0.024942,0.12611,-0.16175,0.02266,0.29375,0.17446,0.090679,-0.16136,-0.044067,0.14061,0.055695,-0.017963,-0.16912,0.32519,0.39226,-0.12391,-0.072882,-0.039558,0.066297,0.052872,0.019598,-0.11403,0.46509,-0.0016652,-0.069522,0.053074,-0.26174,0.10428,-0.064087,-0.0073787,0.14119,-0.064328,-0.11708,-0.32661,0.014429,-0.0050544,0.024725,-0.014682,-0.13868,0.078537,0.0050735,-0.091611,-0.33022,-0.28737,0.0021501,-0.1763,-0.073624,-0.072157,0.068729,-0.15228,0.31078,-0.06332,-0.053291,-0.052402,0.45862,0.14086,0.030728,0.069648,0.072873,0.29321,-0.032814,-0.14457,0.032296,0.033477,0.1097,-0.040113,-0.0133,0.11627,-0.07151,-0.18485,0.043496,-0.0059697,0.062396,0.021464,0.049566,-0.255,0.060698,-0.031996,-0.034425,0.010855,0.022007
0.13193,-0.94694,-0.11049,-0.76646,-0.042365,0.43549,0.43322,0.50557,-0.028042,0.28601,-0.0043083,-0.20478,0.12069,-0.24624,0.439,-0.18402,0.0018773,0.081564,-0.11706,0.18987,0.10689,-0.0089102,0.083576,0.013747,-0.084866,0.074454,0.2871,0.18077,-0.19674,-0.20123,0.20059,-0.054535,0.13226,0.15094,0.27571,-0.057183,0.0036802,0.31438,0.14117,0.11704,0.06694,0.058483,0.43843,-0.087038,0.14992,-0.012119,0.0061834,-0.63146,0.026261,-0.13426,-0.069023,0.30783,0.22099,0.15012,-0.084745,0.13368,0.25996,0.18187,0.43675,0.27746,-0.05198,0.0016377,0.51384,-0.22018,0.27379,-0.13845,0.016641,0.15926,-0.11885,0.026247,-0.05167,0.012146,0.11217,0.35419,0.062565,0.17354,-0.016099,-0.0029047,-0.23868,0.39497,0.3879,0.60972,-0.05138,0.2255,0.055076
0.046501,-0.12461,0.20282,0.024712,-0.066292,0.084213,0.20527,0.050434,0.0054379,-0.10207,-0.058824,0.33879,0.13539,0.068794,-0.1041,-0.19902,0.2802,0.1309,-0.086591,0.098775,-0.041355,-0.09106,0.036581,-0.056272,0.14221,0.085713,-0.14578,0.042174,0.06017,0.024244,-0.21126,-0.02679,0.0075748,-0.17765,-0.023716,-0.24896,-0.021969,-0.19235,-0.025304,-0.15811,0.058028,0.037106,0.20026,-0.028636,-0.046085,0.055154,0.1572,-0.0036813,0.035389,-0.29423,0.084463,-0.060625,-0.35707,0.063208,-0.083307,-0.2541,-0.0086619,0.13597,0.28237,-0.023475,0.11842,-0.0077854,-0.094028,-0.10683,-0.063116,0.41315,0.036366,0.10364,-0.053155,0.095631,0.050153,-0.011942,0.05686,0.068348,0.094474,-0.020081,0.047686,0.0075662,-0.019449,0.059783,-0.1457,-0.1111,-0.088562,-0.0044904,-0.0056282
0.1142,0.067093,0.36141,0.36338,0.12651,-0.030508,-0.17161,-0.20982,-0.071497,-0.082726,-0.035285,-0.27367,0.017755,0.028052,0.2759,-0.081262,-0.27228,-0.12528,-0.075434,0.25012,0.055495,0.14141,0.019965,-0.1002,0.034514,0.01444,0.11546,0.18444,-0.046116,0.15476,-0.03503,0.014559,0.0108,-0.072414,0.022081,0.17497,-0.0632,0.26451,0.050359,-0.083771,-0.036004,-0.013802,0.28954,-0.23197,0.018356,-0.022506,-0.27183,0.10361,0.068406,0.81471,-0.076207,-0.060716,-0.15807,0.2304,0.052062,0.29555,0.025912,0.29632,-0.16529,-0.11765,-0.02751,0.21297,-0.14839,-0.0091081,0.06671,0.094796,0.18768,0.019682,-0.032311,-0.087888,-0.12644,-0.0039882,-0.018802,-0.19132,0.002966,0.080131,-0.020241,0.0054546,0.12385,0.28252,0.017216,-0.065986,0.049887,0.092281,3.1277e-05
-0.015163,0.4183,-0.16979,0.15117,-0.34852,-0.067694,0.14218,0.02283,0.36889,-0.53786,-0.092486,-0.51192,-0.0069945,-0.41691,0.27053,0.4791,-1.3493,-0.028306,-0.026476,0.058208,-0.072333,-0.0014892,-0.14296,0.030498,0.12143,-0.22477,-0.72278,-0.16736,-0.27056,-0.045184,-0.12395,-0.033301,0.13363,0.20677,-0.12327,0.079865,-0.16187,-0.2768,-0.11153,-0.11091,0.054782,0.053396,0.080774,0.13497,0.061754,-0.097357,-0.087929,-0.45704,0.27233,-0.62265,-0.080479,-0.21115,0.54464,-0.020246,-0.22477,0.19139,0.030139,0.027152,0.012705,0.20206,-0.1636,-0.049377,0.096706,-0.01848,0.024783,0.12423,-0.042352,0.34509,0.15907,0.046629,0.099366,-0.012095,-0.022376,-0.0092675,-0.16354,-0.024332,0.16394,0.032238,-0.083924,-0.15912,-0.20001,-0.53056,0.075288,-0.050427,0.00037292
0.027578,0.34524,-0.74749,0.068155,0.01485,0.19187,-0.82778,0.14657,-0.13805,-0.098953,-0.051977,-0.074662,-0.099147,-0.23942,0.12728,0.25011,0.30811,-0.29769,-0.17637,0.16368,-0.067139,-0.28357,0.12981,-0.0040924,-0.094242,0.10379,-0.8583,0.17422,0.21411,-0.024865,-0.21719,0.029085,0.00031738,-0.080359,-0.015899,0.23115,-0.22925,-0.70847,0.0014324,-0.065242,-0.027971,0.085478,0.031682,-0.069897,-0.11543,-0.071903,0.13064,0.53969,-0.14236,0.46658,-0.047801,-0.19882,0.079099,0.094897,0.1199,-0.22356,-0.0019544,-0.022441,-0.23898,-0.020201,0.11566,-0.0074039,-0.28723,-0.12161,-0.096549,-0.30705,0.024837,-0.10743,0.31921,0.1776,0.070347,0.055908,0.052688,-0.12711,-0.011873,0.0032728,-0.060093,-0.097654,0.10429,-0.059034,-0.17557,-0.39242,0.079996,0.086216,-0.0073837
0.039126,0.22074,-0.10826,-0.1486,0.059586,0.072992,0.0068434,-0.03193,0.12839,0.16547,0.010886,-0.088442,0.10163,-0.034469,0.16754,-0.096869,0.10472,0.050562,-0.051694,-0.060964,0.079217,0.064482,-0.044719,0.025302,0.01405,-0.047407,-0.184,0.071405,0.0020256,0.017914,0.17989,-0.0072647,0.0056624,-0.01954,-0.054728,0.10291,-0.062263,0.18178,0.054891,-0.019896,-0.041017,0.049098,0.077023,0.073873,-0.019562,0.029499,-0.13785,-0.06281,-0.018189,0.13236,-0.050817,0.0055245,0.19297,0.055135,0.16875,-0.11786,0.043051,-0.010547,-0.10842,-0.057191,0.1056,0.12868,-0.02455,-0.031524,0.019653,-0.0010239,-0.035244,0.0071232,-0.020012,0.13692,-0.011025,0.03085,0.0036213,-0.072601,0.013954,0.027742,0.004865,-0.02372,-0.11093,0.094426,-0.064467,0.11627,0.00058987,0.0039341,0.0099249
-0.22052,0.53735,-0.72734,-0.84022,-0.049201,0.091992,-0.61589,-0.21292,0.097069,0.43549,0.094649,0.62371,0.15809,0.16347,-0.098605,-0.12385,0.54774,0.033645,0.048703,-0.21549,-0.00026211,-0.25399,0.068613,0.12724,0.11626,-0.16112,0.082219,0.13734,0.28173,-0.20367,-0.0076259,0.14804,0.014064,-0.3505,0.06052,0.10437,0.19046,0.28514,0.11754,0.24236,-0.057591,0.093024,-0.19424,0.0056443,0.12384,0.0011393,0.15456,-0.40357,0.29985,0.57406,0.24594,0.024513,-0.33531,-0.13173,0.16932,-0.10541,0.14524,-0.19801,-0.051515,-0.037682,0.17877,0.18526,0.12478,-0.030793,-0.034367,0.23503,0.17559,0.19474,-0.055734,-0.029563,0.36928,0.012657,-0.069505,0.14394,0.011174,-0.016091,-0.086515,-0.022925,-0.10948,0.4719,0.10955,0.51809,-0.066109,0.012015,0.023558
0.032682,1.9016,-1.3349,0.39005,-0.5987,0.22443,0.7319,-0.19982,-0.20291,-0.040174,0.10148,0.26435,-0.24026,0.20833,0.17704,-0.28457,-0.19195,-0.0057301,-0.18616,0.0024664,-0.03008,-0.21298,-0.10052,0.099703,-0.023995,0.30459,0.16349,0.14294,-0.17568,0.12364,-0.15953,-0.095488,0.045521,-0.067077,-0.3808,0.2635,0.31065,0.39582,-0.047427,0.12528,0.0029013,-0.040667,-0.33457,-0.17042,-0.10168,0.086981,0.26068,0.044728,-0.42141,-0.8648,0.01095,0.24609,0.10952,-0.2959,-0.29303,-0.059497,0.11281,0.39739,-0.34083,0.013721,0.19739,-0.25842,0.68546,-0.30877,-0.037184,-0.0087847,-0.17373,-0.03914,0.13618,-0.020909,0.049592,0.17592,-0.051622,-0.015804,0.072836,-0.14504,-0.091677,0.038178,-0.55422,-0.30983,-0.22048,0.49331,0.17044,0.087271,-0.0055857
-0.01902,-0.010386,-0.15699,0.5406,-0.26086,0.055454,-0.16844,-0.12971,0.17941,0.092967,-0.070775,0.15413,-0.17839,-0.16574,-0.15204,0.088933,0.30722,0.096128,-0.19775,-0.18869,0.16177,-0.31367,-0.0010597,-0.13557,0.083266,-0.16861,0.167,0.0062822,-0.041956,0.0054484,-0.46409,-0.026157,0.030186,0.032498,0.26619,0.07879,-0.043136,0.16861,-0.030443,-0.20424,-0.026362,0.025104,-0.31158,-0.073862,-0.15457,-0.16341,0.01168,0.11735,-0.11814,-0.36496,-0.028819,-0.32948,0.27317,-0.013487,-0.32473,0.2585,0.063364,-0.21905,-0.36289,-0.080288,0.23784,-0.019277,-0.39341,0.077393,0.14018,-0.056766,-0.12841,0.010152,0.16346,0.14331,0.053474,-0.038407,0.40016,-0.18787,-0.088287,0.072166,-0.04481,-0.050445,-0.093193,-0.12444,-0.58288,-0.0082954,-0.074752,-0.14159,-0.036279
0.064339,-0.41911,-0.22636,-0.11015,-0.13915,-0.15924,-0.075507,0.023471,0.22434,0.11623,-0.04889,-0.18381,-0.17132,0.041546,0.071767,-0.06943,0.00042962,-0.094317,-0.059648,0.063103,-0.013205,-0.092682,0.041569,0.033359,-0.0063041,0.098196,-0.29995,0.08684,-0.048785,-0.1595,-0.045363,0.020826,-0.0048716,-0.066802,-0.12943,0.063501,-0.036508,0.074724,-0.051941,0.015971,-0.021059,-0.11066,-0.11377,0.052996,-0.054589,-0.093883,0.027752,-0.014358,-0.133,-0.28327,-0.095303,-0.1116,0.2576,-0.04103,-0.034795,0.088027,0.10161,-0.14969,-0.039622,-0.00089068,-0.02785,0.049131,-0.050702,-0.015198,-0.051212,0.096797,0.021272,0.082153,0.025408,-0.018225,0.063515,-0.03491,-0.0076664,0.21751,0.090526,-0.044279,0.037945,-0.096723,-0.052826,-0.026824,-0.078643,-0.19113,-0.011999,-0.059949,-0.01986
0.12586,-0.47984,0.46712,0.092006,-0.13033,-0.2949,-0.83388,-0.12177,1.0113,0.64725,0.0097992,0.34516,0.35879,0.03236,-0.30262,-0.13192,0.19364,-0.099319,0.15945,0.037567,-0.18307,-0.30505,0.069334,0.10843,-0.060845,0.22634,-0.26751,0.48128,-0.19091,-0.15617,-0.060023,0.014884,0.0061749,0.15458,0.16349,0.30496,0.0019563,-0.06165,-0.029374,-0.098678,0.0079718,-0.024373,0.65286,-0.016142,0.058452,0.066902,0.12225,-0.524,-0.2551,0.22976,0.066862,-0.017329,0.081878,0.22107,-0.018466,0.11033,-0.15532,0.10322,0.2651,0.021842,0.054393,0.099677,-0.10354,0.021178,-0.0077082,-0.018229,-0.0071997,-0.12568,-0.09448,0.068581,-0.05714,-0.088002,0.054283,0.044702,0.20097,0.084567,-0.057653,0.070469,0.23013,0.24303,-0.26077,0.29136,0.15806,-0.1025,0.017478
-0.047538,0.83889,-0.23481,0.23505,0.094444,0.51527,-0.59879,-0.10655,0.36191,0.31817,-0.032621,0.49755,-0.093342,0.10015,-0.051787,0.20745,-0.48385,-0.11481,-0.43935,-0.0030027,-0.015453,-0.081338,0.17907,0.12713,-0.15131,-0.0081399,1.0435,0.46204,0.3319,0.15459,-0.30525,0.15675,0.11564,0.030623,-0.20238,0.013341,0.027624,-0.11059,-0.090287,0.17557,0.018659,-0.014893,-0.37791,-0.070772,-0.16029,-0.028002,0.12482,-0.51421,0.16025,-0.23689,-0.049007,0.17968,-0.4035,-0.21836,0.30457,0.053887,-0.077128,-0.078901,0.15765,0.042874,-0.12364,0.044109,0.022531,-0.093693,-0.0066162,0.062512,-0.033866,-0.033602,-0.010478,0.038028,0.11889,-0.030151,0.0079019,0.011205,-0.16688,0.41785,-0.025075,0.1076,0.34338,-0.30997,-0.1303,-0.1563,-0.096502,0.032972,0.0097162
-0.21249,0.42615,0.194,0.15502,0.13449,0.21814,0.033637,0.42395,0.45464,-0.54784,0.14203,-0.020512,-0.23541,0.52594,-0.33144,-0.039258,-0.0079049,0.094836,0.12283,-0.11402,0.16243,-0.44427,0.089559,-0.091165,-0.14761,0.01219,0.50506,-0.17445,0.25714,-0.021196,-0.17162,0.049111,-0.015356,-0.022761,-0.41602,-0.14195,0.12746,0.067631,0.38813,0.10316,-0.0028092,0.031737,-0.74193,0.38703,0.097412,-0.073775,0.13632,0.94596,0.0029705,0.57126,-0.18998,0.0095771,0.41284,-0.20184,-0.24553,-0.068023,0.48384,-0.11792,0.40898,0.041469,-0.075358,0.053223,0.011855,-0.089098,0.022581,-0.12053,0.21498,0.095088,0.090007,0.50041,-0.12012,0.1029,-0.034769,-0.22093,0.022683,0.014954,0.30573,0.02185,0.37355,0.094607,0.1029,0.3485,-0.057885,0.058978,0.028379
-0.053057,-1.5455,0.19655,-0.69282,-0.081188,-0.25354,-0.18625,0.17576,0.27654,0.080866,0.0099168,-0.1158,0.24397,-0.18333,0.24663,-0.41606,0.44774,-0.084332,-0.01441,-0.044813,-0.11249,-0.1241,-0.019422,0.028481,0.023191,-0.15449,0.050401,-0.17059,-0.079624,0.10434,0.013661,0.12519,0.086488,0.257,0.23992,0.17192,0.29905,0.76736,-0.14725,-0.095176,0.05153,-0.025904,0.41335,0.0055905,0.078634,-0.035613,-0.48418,0.29602,-0.024486,-0.20025,-0.094234,0.28757,0.098235,-0.20679,0.17125,0.007237,-0.0013987,-0.078718,0.20618,0.033729,-0.010273,0.050447,0.18604,-0.015473,0.024187,-0.07445,-0.14001,-0.022989,0.049326,0.041642,-0.040578,-0.00061785,-0.078797,0.085298,-0.11196,-0.042132,-0.031964,0.32271,0.37021,0.10034,0.16882,-0.01721,0.13371,0.01783,0.0098001
-0.0040084,0.29793,0.010675,-0.07443,-0.071092,0.10711,-0.01734,-0.072723,-0.00038493,-0.17291,0.067914,0.045967,-0.00109,0.013683,-0.017476,-0.070502,0.079015,0.024751,0.027291,-0.024497,0.027567,-0.01175,-0.063177,-0.020333,-0.016123,0.0049273,0.13674,0.022216,0.035781,-0.020222,0.019655,-0.011549,-0.029462,-0.0037314,-0.13411,0.019463,-0.03508,0.19812,0.0036302,0.047045,0.0087323,0.02658,-0.0019197,-0.010093,0.030253,0.02507,0.045089,0.084003,-0.036613,0.14519,0.021008,-0.04827,-0.050639,-0.035238,0.039332,0.005494,0.006819,0.079533,0.084249,0.021694,0.064034,-0.021751,-0.084059,-0.085384,0.025931,0.024318,0.062839,0.0548,-0.010511,0.03889,0.036198,-0.010494,0.020249,0.0031968,0.026842,0.0241,-0.0046506,0.019637,0.24444,0.0037595,0.059432,-0.046159,0.0018633,0.019818,0.0096738
-0.032303,-0.20305,-0.054098,-0.018022,-0.089563,-0.12395,0.08595,0.047375,0.12549,-0.071914,-0.0052617,0.23455,0.023212,0.04572,-0.14092,-0.0086968,-0.19371,0.035413,-0.071308,-0.10864,-0.029691,0.11441,0.036391,0.073944,-0.090318,0.06575,0.13032,-0.0023985,0.02363,0.076029,-0.090514,0.016378,-0.11047,-0.023612,-0.011984,0.078051,-0.17243,-0.14342,0.023798,-0.11342,-0.026945,0.003634,0.023363,-0.039655,-0.02836,-0.052822,0.018193,0.1925,0.056769,0.30265,-0.017898,0.11964,-0.11585,0.070084,-0.055608,0.024323,0.034277,-0.0098014,-0.13132,-0.06727,0.00035748,0.075118,-0.12367,0.090729,0.021559,0.058195,0.010401,-0.018871,0.037982,0.12101,-0.008308,-0.013747,-0.026163,0.064958,0.010468,-0.0002443,-0.037389,-0.0014821,-0.066547,0.046186,-1.3182e-05,0.036501,0.037114,0.040248,0.0021291
-0.15119,-0.027324,-0.33616,-0.042103,-0.14953,-0.047067,0.090746,-0.14215,-0.012414,-0.055036,0.01599,-0.3001,-0.10914,0.09184,-0.021293,0.20515,-0.090998,0.064171,0.13506,0.042793,0.044515,0.088995,0.098114,-0.079509,0.0089073,0.058948,0.38313,0.074043,-0.11198,-0.0093515,-0.15229,-0.0091602,-0.076958,0.026832,0.019966,-0.12467,0.087666,0.013008,-0.084693,-0.13159,-0.019054,0.01223,-0.045071,0.074563,0.037719,0.077703,-0.045779,-0.16558,-0.028094,-0.2672,-0.061715,-0.12051,-0.098354,-0.0097323,0.095536,0.033287,0.015518,0.2457,0.1609,-0.06676,-0.20313,0.0098915,0.02057,0.060833,0.090628,-0.06267,0.096722,0.047246,-0.03009,-0.1394,-0.038282,0.023142,0.089815,-0.085233,0.0049852,-0.009905,-0.021986,-0.01294,0.17787,0.23032,0.093337,0.013115,-0.10691,0.031558,-0.00063348
-0.036579,-0.33486,-0.26009,0.031779,-0.12506,0.052677,-0.078364,0.006307,0.15616,0.16517,0.044536,0.0038431,0.094422,-0.16727,0.013319,-0.016208,0.17662,-0.17836,0.10968,0.070287,-0.04315,-0.015269,0.022102,-0.03231,0.07714,-0.066249,0.41124,0.017286,0.14705,-0.037037,-0.053328,0.0066314,0.038444,-0.020192,0.019167,-0.055302,0.00038876,0.098582,0.014796,0.06308,-0.011507,-0.01179,-0.063798,-0.024185,-0.0346,0.012515,0.025574,0.056132,0.058141,0.047201,0.031242,-0.0029,0.15929,0.055399,0.020652,0.020469,-0.064194,0.16383,-0.18625,0.030757,0.004516,-0.017948,-0.036013,-0.046252,0.0050985,0.04389,0.042435,-0.008055,-0.056902,0.020095,0.016244,-0.0017081,0.009207,-0.033886,-0.0016917,0.0042952,-0.0086716,0.064147,-0.14929,-0.27869,-0.025756,0.28047,0.02987,0.014522,-0.0022881
0.02384,1.6847,0.038783,0.1331,-0.038349,0.20797,-0.95146,-0.19242,-0.012519,0.11961,0.074582,-0.38372,0.033358,-0.0070005,-0.070503,-0.17371,0.20485,-0.15429,-0.21664,0.34601,-0.080807,-0.046987,0.045709,-0.050642,-0.031026,-0.002066,-0.04161,0.090815,-0.11424,-0.037736,0.28226,-0.0093066,-0.056557,-0.1627,-0.34245,-0.14179,0.15113,-0.036127,0.096472,0.23292,0.05644,0.050146,-0.09893,0.30217,-0.029921,-0.0018839,0.067173,-0.51582,-0.062367,0.59897,-0.031756,0.13002,0.30718,0.27823,-0.29059,0.33517,0.018716,-0.59553,-0.6404,-0.0029501,-0.08407,-0.1435,-0.05035,0.26391,0.10759,-0.08233,-0.16848,0.0077286,-0.092104,-0.13596,-0.082934,-0.075033,-0.082955,0.047067,0.1457,0.055369,-0.056088,0.023119,0.065612,-0.13887,-0.06082,-0.10336,0.15372,0.033177,0.0070727
-0.11252,0.70555,-0.0083836,-0.10458,0.031009,0.05282,0.6945,-0.16409,0.70871,-0.3394,0.17681,0.064406,-0.080997,0.16117,-0.083491,0.37794,0.37457,-0.062642,0.36113,0.22346,-0.0034391,-0.1948,0.19968,0.09544,-0.064391,-0.046597,0.33963,0.061795,0.13217,-0.20412,-0.12579,0.080382,0.17367,0.066008,0.20795,-0.17745,0.0023488,0.18354,-0.022925,0.22962,0.075807,0.068214,-0.16309,0.16165,0.11786,-0.034181,-0.16251,-0.16257,0.26566,0.20675,0.025429,-0.087459,-0.028159,0.020603,0.46865,-0.41352,-0.046211,0.31377,0.04449,0.028588,-0.03877,-0.1115,-0.1508,0.019687,0.064389,-0.13617,0.11145,-0.053269,-0.018906,-0.026612,-0.011638,0.04925,0.20232,0.012006,0.034874,0.082224,0.059279,-1.8367e-05,-0.0073491,0.091877,-0.073645,0.23121,0.13816,0.21397,0.033467
-0.17949,2.1789,0.22092,0.56718,1.1751,1.1581,-0.65938,1.2968,-0.77156,0.5234,-0.030827,1.0509,0.42729,-0.3001,-0.23167,-0.77916,0.93736,0.45024,0.21361,0.23758,0.28814,0.74893,0.77905,1.034,0.53348,0.88543,-1.3262,0.56976,0.92159,0.72771,0.21866,0.58528,0.26355,0.23577,0.161,-0.45172,-0.90533,2.2389,0.25252,0.56792,-0.01132,0.14882,0.47791,-0.59212,-0.14409,-0.1931,0.37065,2.4267,0.42195,-1.0711,1.4115,1.2542,1.954,-0.99795,0.12503,-0.022646,0.39198,2.5182,0.4261,0.18428,0.98329,0.876,-0.022454,0.084715,0.1932,0.4758,-0.13097,-0.11427,0.0442,1.0476,-0.2253,-0.15955,-0.62481,0.16095,0.38363,0.2856,-0.083246,-0.11115,1.4858,-0.39835,-1.2411,0.45974,-0.0086913,-0.27406,0.26757
